District,Major_Schemes_Sown,Minor_Schemes_Sown,Rainfed_Sown,All_Schemes_Sown,Major_Schemes_Harvested,Minor_Schemes_Harvested,Rainfed_Harvested,All_Schemes_Harvested,Major_Schemes_Yield,Minor_Schemes_Yield,Rainfed_Yield,Average_Yield,Nett_Extent_Harvested,Total_Production,Source_File,Season,Year,Predicted_Production,Production_Gap,Gap_Percentage,Prediction_Accuracy,Performance
COLOMBO,1141.0,85.0,3367.0,4594.0,85.0,1141.0,3365.0,4592.0,2564.0,3426.0,3218.0,3251.0,3903.0,12687.0,2004 - 2005 Maha.csv,Maha,2004 - 2005,14959.557385450273,-2272.5573854502727,-17.91248825924389,82.08751174075611,Below Expected
GAMPAHA,1170.0,1192.0,7811.0,10173.0,1191.0,1170.0,7809.0,10170.0,3226.0,3500.0,3430.0,3408.0,8644.0,29460.0,2004 - 2005 Maha.csv,Maha,2004 - 2005,35117.077062341545,-5657.077062341545,-19.202569797493364,80.79743020250663,Below Expected
KALUTARA,1938.0,96.0,11608.0,13642.0,93.0,1936.0,11581.0,13610.0,3344.0,2594.0,2913.0,2865.0,12556.0,35971.0,2004 - 2005 Maha.csv,Maha,2004 - 2005,41068.76155746674,-5097.761557466743,-14.171864995320519,85.82813500467948,Below Expected
GALLE,175.0,0.0,14323.0,14498.0,0.0,174.0,13769.0,13943.0,0.0,3614.0,3719.0,3711.0,10912.0,40494.0,2004 - 2005 Maha.csv,Maha,2004 - 2005,37100.10302277413,3393.8969772258715,8.381234200686203,91.61876579931379,Above Expected
MATARA,2809.0,3615.0,8439.0,14862.0,3610.0,2752.0,8333.0,14695.0,4415.0,3859.0,3498.0,3785.0,11602.0,43912.0,2004 - 2005 Maha.csv,Maha,2004 - 2005,44527.25488277261,-615.2548827726132,-1.401108769294528,98.59889123070548,As Expected
RATNAPURA,6733.0,1899.0,3786.0,12419.0,1899.0,6627.0,3702.0,12228.0,4138.0,2895.0,2717.0,3028.0,10394.0,31472.0,2004 - 2005 Maha.csv,Maha,2004 - 2005,39096.64457451141,-7624.644574511411,-24.226755765478554,75.77324423452144,Below Expected
KEGALLE,2284.0,0.0,6638.0,8923.0,0.0,2282.0,6636.0,8919.0,0.0,3549.0,3361.0,3403.0,8355.0,28430.0,2004 - 2005 Maha.csv,Maha,2004 - 2005,25886.210152048465,2543.789847951535,8.947554864409199,91.0524451355908,Above Expected
KURUNEGALA,24805.0,11742.0,24874.0,61421.0,11733.0,24598.0,24163.0,60493.0,4354.0,3231.0,3354.0,3492.0,60493.0,211245.0,2004 - 2005 Maha.csv,Maha,2004 - 2005,235063.3909450809,-23818.3909450809,-11.275244831868637,88.72475516813137,Below Expected
PUTTALAM,5133.0,4745.0,683.0,10561.0,4725.0,5108.0,677.0,10510.0,4190.0,3279.0,3626.0,3704.0,8933.0,33090.0,2004 - 2005 Maha.csv,Maha,2004 - 2005,42317.10251428276,-9227.102514282757,-27.884867072477356,72.11513292752264,Below Expected
KANDY,5411.0,4034.0,4117.0,13563.0,4034.0,5394.0,4098.0,13526.0,4718.0,2777.0,3232.0,3488.0,10697.0,37309.0,2004 - 2005 Maha.csv,Maha,2004 - 2005,40194.19842789752,-2885.1984278975215,-7.733250496924391,92.2667495030756,Below Expected
MATALE,7147.0,5328.0,3438.0,15913.0,5328.0,7095.0,3361.0,15783.0,4568.0,3633.0,3520.0,3918.0,14194.0,55614.0,2004 - 2005 Maha.csv,Maha,2004 - 2005,51927.55268359476,3686.4473164052397,6.628631848824468,93.37136815117553,Above Expected
NUWARAELIYA,4406.0,1233.0,121.0,5760.0,1233.0,4405.0,121.0,5759.0,3795.0,4577.0,3178.0,4374.0,3245.0,14194.0,2004 - 2005 Maha.csv,Maha,2004 - 2005,16280.211228672817,-2086.211228672817,-14.697838725326315,85.30216127467368,Below Expected
BADULLA,8666.0,10359.0,3087.0,22112.0,10359.0,8666.0,3087.0,22112.0,5006.0,3923.0,2771.0,4264.0,18795.0,80143.0,2004 - 2005 Maha.csv,Maha,2004 - 2005,79743.73212020597,399.2678797940316,0.4981943273823436,99.50180567261765,As Expected
MONARAGALA,5762.0,4841.0,5311.0,15913.0,4795.0,5761.0,5306.0,15862.0,4539.0,3908.0,3362.0,3910.0,15545.0,60780.0,2004 - 2005 Maha.csv,Maha,2004 - 2005,63052.30170005166,-2272.301700051663,-3.7385681145963523,96.26143188540365,As Expected
JAFFNA,0.0,0.0,7636.0,7636.0,0.0,0.0,7231.0,7231.0,0.0,0.0,2214.0,2214.0,6417.0,14207.0,2004 - 2005 Maha.csv,Maha,2004 - 2005,17350.27900047878,-3143.2790004787785,-22.12486098739198,77.87513901260802,Below Expected
KILLINOCHCHI,526.0,9759.0,9185.0,19470.0,8492.0,491.0,8129.0,17113.0,3859.0,3866.0,3047.0,3461.0,15186.0,52558.0,2004 - 2005 Maha.csv,Maha,2004 - 2005,62185.20493752637,-9627.204937526367,-18.317296962453607,81.68270303754639,Below Expected
VAVUNIYA,5237.0,3039.0,163.0,8439.0,3017.0,5162.0,143.0,8322.0,3463.0,3873.0,1944.0,3685.0,7851.0,28934.0,2004 - 2005 Maha.csv,Maha,2004 - 2005,33256.60546031005,-4322.605460310049,-14.93953639424224,85.06046360575776,Below Expected
MULATIVU,2697.0,4417.0,4704.0,11819.0,4172.0,2475.0,3714.0,10362.0,3704.0,4528.0,2503.0,3464.0,9776.0,33863.0,2004 - 2005 Maha.csv,Maha,2004 - 2005,34987.50951800107,-1124.5095180010685,-3.3207616513630467,96.67923834863696,As Expected
MANNAR,1388.0,8117.0,24.0,9529.0,8117.0,1388.0,24.0,9529.0,4236.0,4127.0,0.0,4203.0,9098.0,38240.0,2004 - 2005 Maha.csv,Maha,2004 - 2005,38496.55609487004,-256.55609487003676,-0.6709102899321046,99.32908971006789,As Expected
ANURADHAPURA,32157.0,25693.0,3303.0,61153.0,25692.0,32050.0,3269.0,61011.0,4965.0,4272.0,4098.0,4549.0,49059.0,223169.0,2004 - 2005 Maha.csv,Maha,2004 - 2005,243282.05734778728,-20113.057347787282,-9.01247814337443,90.98752185662556,Below Expected
POLONNARUWA,1682.0,50341.0,1157.0,53180.0,49785.0,1491.0,946.0,52222.0,5048.0,4222.0,3627.0,4992.0,46196.0,230608.0,2004 - 2005 Maha.csv,Maha,2004 - 2005,247812.96069924068,-17204.960699240677,-7.460695508933202,92.5393044910668,Below Expected
TRINCOMALEE,3386.0,15285.0,6351.0,25022.0,15023.0,3357.0,6257.0,24637.0,4332.0,3990.0,2945.0,3927.0,22888.0,89880.0,2004 - 2005 Maha.csv,Maha,2004 - 2005,90524.80694123755,-644.806941237548,-0.7174087018664308,99.28259129813357,As Expected
BATTICALOA,1913.0,17598.0,26671.0,46182.0,17108.0,1897.0,26313.0,45318.0,2653.0,2895.0,2141.0,2360.0,39997.0,94394.0,2004 - 2005 Maha.csv,Maha,2004 - 2005,131020.56041599889,-36626.56041599889,-38.80178868995793,61.19821131004207,Below Expected
AMPARA,2108.0,52458.0,6171.0,60737.0,51325.0,2053.0,5910.0,59288.0,4461.0,3893.0,3029.0,4292.0,56662.0,243191.0,2004 - 2005 Maha.csv,Maha,2004 - 2005,228409.45021117677,14781.549788823235,6.078164812358695,93.9218351876413,Above Expected
HAMBANTOTA,3614.0,14251.0,1201.0,19066.0,13888.0,3590.0,1199.0,18678.0,4811.0,3614.0,3134.0,4467.0,16319.0,72893.0,2004 - 2005 Maha.csv,Maha,2004 - 2005,103515.13797009242,-30622.137970092415,-42.00971008202765,57.99028991797235,Below Expected
UDA_WALAWE,0.0,8884.0,0.0,8884.0,8884.0,0.0,0.0,8884.0,5335.0,0.0,0.0,5335.0,8706.0,46447.0,2004 - 2005 Maha.csv,Maha,2004 - 2005,46882.98763148277,-435.98763148277067,-0.9386777003525968,99.0613222996474,As Expected
MAHAWELI_H,0.0,25093.0,0.0,25093.0,25093.0,0.0,0.0,25093.0,5756.0,0.0,0.0,5756.0,22504.0,129523.0,2004 - 2005 Maha.csv,Maha,2004 - 2005,105327.71265558763,24195.28734441237,18.680301833969544,81.31969816603046,Above Expected
COLOMBO,1087.0,100.0,3236.0,4422.0,100.0,1085.0,3231.0,4416.0,3944.0,2858.0,3394.0,3275.0,3754.0,12292.0,2005 - 2006 Maha.csv,Maha,2005 - 2006,16108.031174004993,-3816.031174004993,-31.044835453994406,68.95516454600559,Below Expected
GAMPAHA,1086.0,1227.0,7522.0,9835.0,1213.0,1071.0,7469.0,9753.0,3863.0,3541.0,3570.0,3603.0,8290.0,29869.0,2005 - 2006 Maha.csv,Maha,2005 - 2006,35717.52791634497,-5848.527916344967,-19.58059498592175,80.41940501407825,Below Expected
KALUTARA,1896.0,94.0,11207.0,13197.0,93.0,1885.0,11182.0,13160.0,3207.0,3006.0,2833.0,2861.0,12140.0,34729.0,2005 - 2006 Maha.csv,Maha,2005 - 2006,41492.16208100364,-6763.16208100364,-19.474105447907053,80.52589455209295,Below Expected
GALLE,175.0,0.0,13929.0,14104.0,0.0,175.0,13905.0,14079.0,0.0,3861.0,3493.0,3498.0,11019.0,38540.0,2005 - 2006 Maha.csv,Maha,2005 - 2006,37149.957333732484,1390.0426662675163,3.606753155857593,96.39324684414241,As Expected
MATARA,2901.0,3541.0,8341.0,14782.0,3541.0,2899.0,8228.0,14667.0,4437.0,3676.0,3971.0,4025.0,11580.0,46608.0,2005 - 2006 Maha.csv,Maha,2005 - 2006,45110.59221503003,1497.407784969968,3.212769878497185,96.78723012150282,As Expected
RATNAPURA,6645.0,1868.0,3705.0,12219.0,1868.0,6631.0,3696.0,12196.0,4440.0,2836.0,2605.0,3012.0,10366.0,31221.0,2005 - 2006 Maha.csv,Maha,2005 - 2006,39524.940834958994,-8303.940834958994,-26.597292959735412,73.40270704026459,Below Expected
KEGALLE,2223.0,0.0,6554.0,8777.0,0.0,2223.0,6553.0,8776.0,0.0,3940.0,4063.0,4032.0,8221.0,33151.0,2005 - 2006 Maha.csv,Maha,2005 - 2006,27517.140783117753,5633.859216882247,16.99453777226101,83.00546222773899,Above Expected
KURUNEGALA,32699.0,12691.0,27942.0,73331.0,12691.0,32636.0,27879.0,73205.0,4262.0,3542.0,3512.0,3655.0,73205.0,267590.0,2005 - 2006 Maha.csv,Maha,2005 - 2006,255737.5240830838,11852.475916916213,4.429341872609669,95.57065812739033,As Expected
PUTTALAM,5361.0,5309.0,689.0,11360.0,5287.0,5296.0,680.0,11263.0,3762.0,3095.0,3807.0,3451.0,9573.0,33039.0,2005 - 2006 Maha.csv,Maha,2005 - 2006,43365.92112380458,-10326.921123804583,-31.25676056722232,68.74323943277768,Below Expected
KANDY,5174.0,3859.0,3752.0,12784.0,3859.0,4993.0,3744.0,12595.0,4726.0,3261.0,2960.0,3620.0,9960.0,36060.0,2005 - 2006 Maha.csv,Maha,2005 - 2006,40249.29842320838,-4189.298423208384,-11.617577435408718,88.38242256459128,Below Expected
MATALE,7221.0,5144.0,3541.0,15906.0,5144.0,7206.0,3523.0,15874.0,4176.0,3177.0,3047.0,3472.0,14275.0,49562.0,2005 - 2006 Maha.csv,Maha,2005 - 2006,52455.28421646236,-2893.284216462358,-5.837706744002175,94.16229325599782,Below Expected
NUWARAELIYA,4569.0,1244.0,121.0,5935.0,1244.0,4569.0,121.0,5934.0,3795.0,3934.0,3581.0,3898.0,3344.0,13032.0,2005 - 2006 Maha.csv,Maha,2005 - 2006,18626.499954616465,-5594.499954616465,-42.928943789260785,57.071056210739215,Below Expected
BADULLA,8555.0,10395.0,3212.0,22162.0,10394.0,8550.0,3212.0,22156.0,4767.0,4030.0,3354.0,4278.0,18832.0,80562.0,2005 - 2006 Maha.csv,Maha,2005 - 2006,79861.75567322037,700.2443267796334,0.8691992835078988,99.1308007164921,As Expected
MONARAGALA,6154.0,5444.0,5148.0,16746.0,5444.0,6154.0,5148.0,16746.0,4700.0,3616.0,3578.0,3957.0,16411.0,64932.0,2005 - 2006 Maha.csv,Maha,2005 - 2006,71023.8679670865,-6091.867967086495,-9.381919495913408,90.61808050408659,Below Expected
JAFFNA,0.0,0.0,7568.0,7568.0,0.0,0.0,7249.0,7249.0,0.0,0.0,1977.0,1977.0,6433.0,12719.0,2005 - 2006 Maha.csv,Maha,2005 - 2006,18503.070704973845,-5784.070704973845,-45.47582911371841,54.52417088628159,Below Expected
KILLINOCHCHI,446.0,6589.0,9429.0,16464.0,5731.0,388.0,8205.0,14324.0,3542.0,2538.0,3246.0,3345.0,12711.0,42522.0,2005 - 2006 Maha.csv,Maha,2005 - 2006,47519.77492657429,-4997.77492657429,-11.753386309614527,88.24661369038547,Below Expected
VAVUNIYA,6169.0,2910.0,251.0,9330.0,2896.0,6156.0,251.0,9303.0,4023.0,3862.0,3341.0,3898.0,8777.0,34214.0,2005 - 2006 Maha.csv,Maha,2005 - 2006,36091.85775964973,-1877.857759649727,-5.488565381568151,94.51143461843185,Below Expected
MULATIVU,2026.0,3795.0,3760.0,9581.0,3562.0,1974.0,3699.0,9235.0,3883.0,3125.0,3641.0,3624.0,8713.0,31576.0,2005 - 2006 Maha.csv,Maha,2005 - 2006,34678.101065632225,-3102.101065632225,-9.824236969952576,90.17576303004742,Below Expected
MANNAR,1334.0,8375.0,6.0,9715.0,8040.0,1280.0,6.0,9326.0,4251.0,3234.0,0.0,4108.0,8904.0,36584.0,2005 - 2006 Maha.csv,Maha,2005 - 2006,39562.16180589078,-2978.161805890777,-8.14061285231461,91.8593871476854,Below Expected
ANURADHAPURA,31093.0,27316.0,3373.0,61782.0,27306.0,31030.0,3369.0,61705.0,4778.0,4383.0,3694.0,4520.0,49617.0,224258.0,2005 - 2006 Maha.csv,Maha,2005 - 2006,243458.86698394717,-19200.86698394717,-8.56195408143619,91.43804591856382,Below Expected
POLONNARUWA,1610.0,50434.0,1132.0,53176.0,49922.0,1607.0,1131.0,52659.0,4955.0,4460.0,3627.0,4911.0,46582.0,228781.0,2005 - 2006 Maha.csv,Maha,2005 - 2006,245804.82559225347,-17023.825592253474,-7.441101137005902,92.5588988629941,Below Expected
TRINCOMALEE,2918.0,14918.0,5907.0,23743.0,14565.0,2897.0,5733.0,23195.0,4300.0,3419.0,3390.0,3965.0,21548.0,85439.0,2005 - 2006 Maha.csv,Maha,2005 - 2006,85992.62156474749,-553.6215647474892,-0.647972898497746,99.35202710150226,As Expected
BATTICALOA,2058.0,17289.0,27426.0,46772.0,17156.0,2040.0,27378.0,46573.0,3346.0,3145.0,3125.0,3207.0,41106.0,131830.0,2005 - 2006 Maha.csv,Maha,2005 - 2006,145110.44886406502,-13280.448864065023,-10.073920097144066,89.92607990285593,Below Expected
AMPARA,2031.0,54943.0,5741.0,62715.0,54942.0,2031.0,5660.0,62632.0,4729.0,3823.0,3364.0,4576.0,59858.0,273932.0,2005 - 2006 Maha.csv,Maha,2005 - 2006,229248.23367666936,44683.76632333064,16.311992145251608,83.68800785474839,Above Expected
HAMBANTOTA,3527.0,15241.0,1112.0,19881.0,15241.0,3521.0,1111.0,19873.0,5249.0,4595.0,4099.0,5069.0,17363.0,88006.0,2005 - 2006 Maha.csv,Maha,2005 - 2006,101251.37345090836,-13245.373450908359,-15.050534566857213,84.94946543314279,Below Expected
UDA_WALAWE,0.0,9904.0,0.0,9904.0,9904.0,0.0,0.0,9904.0,5681.0,0.0,0.0,5681.0,9706.0,55136.0,2005 - 2006 Maha.csv,Maha,2005 - 2006,48874.602057341945,6261.397942658055,11.356278915151725,88.64372108484828,Above Expected
MAHAWELI_H,0.0,25106.0,0.0,25106.0,25106.0,0.0,0.0,25106.0,5303.0,0.0,0.0,5303.0,22515.0,119406.0,2005 - 2006 Maha.csv,Maha,2005 - 2006,104770.54313921688,14635.456860783117,12.256885634543588,87.7431143654564,Above Expected
COLOMBO,580.0,63.0,1621.0,2263.0,63.0,578.0,1616.0,2257.0,2138.0,2252.0,2506.0,2431.0,1918.0,4663.0,2005 Yala.csv,Yala,2005,10915.333568599795,-6252.333568599795,-134.0839281278103,-34.08392812781031,Below Expected
GAMPAHA,347.0,819.0,2321.0,3487.0,793.0,347.0,2268.0,3408.0,3369.0,3261.0,2441.0,2741.0,2897.0,7938.0,2005 Yala.csv,Yala,2005,22234.167391475177,-14296.167391475177,-180.09785073664875,-80.09785073664875,Below Expected
KALUTARA,1678.0,75.0,9726.0,11479.0,73.0,1668.0,9705.0,11446.0,2437.0,2444.0,2316.0,2335.0,10559.0,24656.0,2005 Yala.csv,Yala,2005,35085.47518701174,-10429.47518701174,-42.29994803298077,57.70005196701923,Below Expected
GALLE,72.0,0.0,9342.0,9414.0,0.0,61.0,9275.0,9336.0,0.0,3499.0,2783.0,2788.0,7306.0,20369.0,2005 Yala.csv,Yala,2005,25363.263808903834,-4994.263808903834,-24.518944518159135,75.48105548184087,Below Expected
MATARA,2803.0,3637.0,7676.0,14115.0,3628.0,2801.0,7673.0,14103.0,4060.0,3295.0,2794.0,3219.0,11134.0,35843.0,2005 Yala.csv,Yala,2005,39613.00548663522,-3770.005486635222,-10.51810810098268,89.48189189901731,Below Expected
RATNAPURA,5733.0,1815.0,2828.0,10375.0,1815.0,5687.0,2814.0,10316.0,3961.0,2928.0,2621.0,3026.0,8769.0,26532.0,2005 Yala.csv,Yala,2005,36902.90509794052,-10370.905097940522,-39.08828998168447,60.91171001831553,Below Expected
KEGALLE,1880.0,0.0,5894.0,7774.0,0.0,1877.0,5873.0,7750.0,0.0,3127.0,3062.0,3078.0,7260.0,22346.0,2005 Yala.csv,Yala,2005,23007.62386786154,-661.6238678615409,-2.960815662138821,97.03918433786117,As Expected
KURUNEGALA,17850.0,9271.0,17841.0,44961.0,9068.0,15010.0,12695.0,36773.0,3867.0,2763.0,2532.0,2955.0,36773.0,108670.0,2005 Yala.csv,Yala,2005,154193.10166712,-45523.101667120005,-41.8911398427533,58.1088601572467,Below Expected
PUTTALAM,3009.0,2522.0,396.0,5927.0,2414.0,2827.0,392.0,5634.0,3869.0,3065.0,2998.0,3405.0,4789.0,16304.0,2005 Yala.csv,Yala,2005,30177.438133967597,-13873.438133967597,-85.09223585603284,14.907764143967157,Below Expected
KANDY,2685.0,3828.0,2338.0,8852.0,3827.0,2647.0,2300.0,8774.0,4657.0,2494.0,2691.0,3489.0,6938.0,24208.0,2005 Yala.csv,Yala,2005,33661.10795066422,-9453.10795066422,-39.049520615764294,60.950479384235706,Below Expected
MATALE,2774.0,2144.0,450.0,5368.0,2140.0,2703.0,434.0,5276.0,3257.0,3275.0,2519.0,3205.0,4745.0,15210.0,2005 Yala.csv,Yala,2005,31068.343634634697,-15858.343634634697,-104.26261429740103,-4.262614297401029,Below Expected
NUWARAELIYA,1452.0,444.0,37.0,1932.0,435.0,1422.0,36.0,1893.0,2962.0,2881.0,3812.0,2917.0,1067.0,3112.0,2005 Yala.csv,Yala,2005,13490.292418290992,-10378.292418290992,-333.49268696307814,-233.49268696307814,Below Expected
BADULLA,3099.0,8273.0,22.0,11394.0,8273.0,3099.0,22.0,11394.0,4551.0,3457.0,3457.0,4251.0,9685.0,41170.0,2005 Yala.csv,Yala,2005,47696.56755919285,-6526.567559192852,-15.852726643655215,84.14727335634478,Below Expected
MONARAGALA,2371.0,3622.0,121.0,6114.0,3620.0,2342.0,121.0,6082.0,3951.0,3377.0,2988.0,3711.0,5961.0,22121.0,2005 Yala.csv,Yala,2005,44051.122237019845,-21930.122237019845,-99.13711964657948,0.8628803534205218,Below Expected
JAFFNA,0.0,0.0,0.0,0.0,0.0,0.0,0.0,0.0,0.0,0.0,0.0,0.0,0.0,0.0,2005 Yala.csv,Yala,2005,9898.892525849033,-9898.892525849033,-inf,-inf,Below Expected
KILLINOCHCHI,42.0,5347.0,0.0,5389.0,4685.0,39.0,0.0,4724.0,3599.0,3350.0,0.0,3597.0,4192.0,15078.0,2005 Yala.csv,Yala,2005,27166.277028001157,-12088.277028001157,-80.17162109033796,19.828378909662035,Below Expected
VAVUNIYA,701.0,616.0,16.0,1332.0,616.0,699.0,16.0,1330.0,3873.0,3981.0,3981.0,3931.0,1255.0,4934.0,2005 Yala.csv,Yala,2005,21672.51208836583,-16738.51208836583,-339.2483195858498,-239.2483195858498,Below Expected
MULATIVU,478.0,1836.0,205.0,2519.0,1787.0,461.0,194.0,2442.0,3780.0,4037.0,3316.0,3792.0,2304.0,8737.0,2005 Yala.csv,Yala,2005,21805.256695740056,-13068.256695740056,-149.57372891999606,-49.57372891999606,Below Expected
MANNAR,135.0,958.0,0.0,1093.0,939.0,132.0,0.0,1071.0,4141.0,3815.0,0.0,4101.0,1023.0,4194.0,2005 Yala.csv,Yala,2005,16341.048635986286,-12147.048635986286,-289.62919971354995,-189.62919971354995,Below Expected
ANURADHAPURA,7150.0,17126.0,18.0,24294.0,17126.0,7117.0,18.0,24261.0,4316.0,4018.0,3331.0,4228.0,19508.0,82477.0,2005 Yala.csv,Yala,2005,129955.26195226138,-47478.26195226138,-57.56545697862602,42.43454302137398,Below Expected
POLONNARUWA,1840.0,48025.0,0.0,49865.0,48017.0,1812.0,0.0,49829.0,4778.0,4315.0,0.0,4761.0,44079.0,209846.0,2005 Yala.csv,Yala,2005,231154.4742154275,-21308.4742154275,-10.154338998802693,89.8456610011973,Below Expected
TRINCOMALEE,1552.0,14769.0,0.0,16321.0,13542.0,1552.0,0.0,15095.0,4447.0,4615.0,0.0,4464.0,14023.0,62603.0,2005 Yala.csv,Yala,2005,64324.02933779819,-1721.029337798187,-2.749116396655411,97.25088360334459,As Expected
BATTICALOA,1261.0,15458.0,0.0,16719.0,15455.0,1253.0,0.0,16707.0,3418.0,3854.0,0.0,3451.0,14746.0,50882.0,2005 Yala.csv,Yala,2005,68858.03531264458,-17976.035312644584,-35.328869369609265,64.67113063039073,Below Expected
AMPARA,1436.0,54705.0,183.0,56324.0,54703.0,1436.0,183.0,56322.0,4775.0,4452.0,4452.0,4766.0,53827.0,256551.0,2005 Yala.csv,Yala,2005,215620.25389237463,40930.74610762537,15.954233703094264,84.04576629690574,Above Expected
HAMBANTOTA,2269.0,13559.0,805.0,16633.0,13485.0,2210.0,798.0,16492.0,4357.0,3449.0,2916.0,4166.0,14409.0,60028.0,2005 Yala.csv,Yala,2005,89034.29233105693,-29006.29233105693,-48.321270625469666,51.678729374530334,Below Expected
UDA_WALAWE,0.0,9190.0,0.0,9190.0,9190.0,0.0,0.0,9190.0,5166.0,0.0,0.0,5166.0,9006.0,46529.0,2005 Yala.csv,Yala,2005,49711.3328008683,-3182.332800868302,-6.839460983189628,93.16053901681038,Below Expected
MAHAWELI_H,0.0,13479.0,0.0,13479.0,13466.0,0.0,0.0,13466.0,4843.0,0.0,0.0,4843.0,12077.0,58481.0,2005 Yala.csv,Yala,2005,52980.13708406388,5500.862915936123,9.40623948963958,90.59376051036043,Above Expected
COLOMBO,68.0,17.0,394.0,480.0,16.0,65.0,374.0,456.0,2702.0,2702.0,2502.0,2537.0,387.0,983.0,2006 Yala.csv,Yala,2006,8445.458148139167,-7462.458148139167,-759.1513884170058,-659.1513884170058,Below Expected
GAMPAHA,68.0,420.0,670.0,1158.0,409.0,64.0,628.0,1102.0,2839.0,2818.0,2526.0,2659.0,936.0,2490.0,2006 Yala.csv,Yala,2006,17920.61650590957,-15430.61650590957,-619.7034741329144,-519.7034741329144,Below Expected
KALUTARA,1437.0,22.0,8300.0,9759.0,22.0,1351.0,8012.0,9385.0,2910.0,2857.0,2665.0,2693.0,8657.0,23316.0,2006 Yala.csv,Yala,2006,29919.91153348864,-6603.911533488641,-28.323518328566827,71.67648167143318,Below Expected
GALLE,27.0,0.0,4886.0,4912.0,0.0,27.0,4869.0,4895.0,0.0,4205.0,2720.0,2728.0,3831.0,10453.0,2006 Yala.csv,Yala,2006,19162.983242970226,-8709.983242970226,-83.3252008320121,16.6747991679879,Below Expected
MATARA,2105.0,2929.0,6409.0,11443.0,2920.0,2105.0,6390.0,11415.0,3702.0,3324.0,3556.0,3550.0,9012.0,31996.0,2006 Yala.csv,Yala,2006,34623.70400673905,-2627.704006739048,-8.212601596259058,91.78739840374094,Below Expected
RATNAPURA,5263.0,1847.0,2410.0,9520.0,1843.0,5241.0,2397.0,9482.0,4267.0,3361.0,2690.0,3368.0,8060.0,27142.0,2006 Yala.csv,Yala,2006,31421.46460024544,-4279.464600245439,-15.766946430791537,84.23305356920847,Below Expected
KEGALLE,1432.0,0.0,4039.0,5471.0,0.0,1431.0,4037.0,5468.0,0.0,3340.0,3055.0,3130.0,5122.0,16030.0,2006 Yala.csv,Yala,2006,19281.61194407148,-3251.6119440714792,-20.28454113581709,79.7154588641829,Below Expected
KURUNEGALA,17221.0,10387.0,7484.0,35093.0,9868.0,16360.0,7110.0,33338.0,4291.0,3527.0,3058.0,3653.0,33338.0,121783.0,2006 Yala.csv,Yala,2006,139548.66776524598,-17765.667765245977,-14.58797021361436,85.41202978638565,Below Expected
PUTTALAM,3223.0,3276.0,283.0,6781.0,3119.0,3194.0,261.0,6574.0,4257.0,3121.0,2790.0,3647.0,5588.0,20378.0,2006 Yala.csv,Yala,2006,27575.45046107783,-7197.450461077831,-35.31970979035151,64.68029020964849,Below Expected
KANDY,2599.0,3797.0,1671.0,8067.0,3796.0,2595.0,1501.0,7893.0,4627.0,3215.0,3222.0,3895.0,6241.0,24313.0,2006 Yala.csv,Yala,2006,27975.707129712155,-3662.7071297121547,-15.064809483453933,84.93519051654607,Below Expected
MATALE,2965.0,3749.0,554.0,7268.0,3749.0,2965.0,554.0,7268.0,3925.0,3228.0,3224.0,3587.0,6536.0,23447.0,2006 Yala.csv,Yala,2006,28912.961273675137,-5465.961273675137,-23.311985642833356,76.68801435716665,Below Expected
NUWARAELIYA,1430.0,459.0,34.0,1923.0,449.0,1401.0,34.0,1883.0,3229.0,3069.0,3774.0,3120.0,1061.0,3311.0,2006 Yala.csv,Yala,2006,11358.160630022223,-8047.160630022223,-243.0432083969261,-143.0432083969261,Below Expected
BADULLA,3121.0,8198.0,18.0,11337.0,8182.0,3098.0,18.0,11298.0,4591.0,3855.0,3949.0,4388.0,9603.0,42141.0,2006 Yala.csv,Yala,2006,44071.74678486823,-1930.7467848682281,-4.581634951397043,95.41836504860295,As Expected
MONARAGALA,2398.0,4023.0,158.0,6579.0,4023.0,2398.0,158.0,6579.0,4383.0,3542.0,3516.0,4055.0,6448.0,26148.0,2006 Yala.csv,Yala,2006,40585.51434819254,-14437.51434819254,-55.21460283078071,44.78539716921929,Below Expected
JAFFNA,0.0,0.0,0.0,0.0,0.0,0.0,0.0,0.0,0.0,0.0,0.0,0.0,0.0,0.0,2006 Yala.csv,Yala,2006,8641.36734167611,-8641.36734167611,-inf,-inf,Below Expected
KILLINOCHCHI,48.0,5187.0,0.0,5235.0,4451.0,37.0,0.0,4488.0,3563.0,3317.0,0.0,3561.0,3982.0,14180.0,2006 Yala.csv,Yala,2006,23551.449796115652,-9371.449796115652,-66.08920871731772,33.91079128268228,Below Expected
VAVUNIYA,428.0,293.0,0.0,721.0,291.0,420.0,0.0,710.0,4526.0,4367.0,0.0,4432.0,670.0,2970.0,2006 Yala.csv,Yala,2006,19379.26512221788,-16409.26512221788,-552.5005091655852,-452.5005091655852,Below Expected
MULATIVU,353.0,1653.0,749.0,2755.0,1570.0,335.0,712.0,2617.0,3742.0,3997.0,3283.0,3650.0,2469.0,9012.0,2006 Yala.csv,Yala,2006,18927.682413766677,-9915.682413766677,-110.02754564765509,-10.027545647655089,Below Expected
MANNAR,5.0,43.0,0.0,48.0,43.0,5.0,0.0,48.0,4100.0,3777.0,0.0,4067.0,46.0,185.0,2006 Yala.csv,Yala,2006,13398.958068779872,-13213.958068779872,-7142.680037178308,-7042.680037178308,Below Expected
ANURADHAPURA,5706.0,15472.0,23.0,21201.0,15428.0,5621.0,23.0,21072.0,4704.0,4165.0,4071.0,4560.0,16944.0,77257.0,2006 Yala.csv,Yala,2006,124918.92512357428,-47661.925123574285,-61.69269467307077,38.30730532692923,Below Expected
POLONNARUWA,1657.0,46844.0,0.0,48501.0,46844.0,1657.0,0.0,48501.0,4909.0,4628.0,0.0,4899.0,42904.0,210183.0,2006 Yala.csv,Yala,2006,219514.3589747943,-9331.358974794304,-4.439635448534993,95.560364551465,As Expected
TRINCOMALEE,950.0,10077.0,0.0,11027.0,9549.0,781.0,0.0,10330.0,4484.0,3573.0,0.0,4415.0,9596.0,42370.0,2006 Yala.csv,Yala,2006,53399.918461332934,-11029.918461332934,-26.032377770434113,73.96762222956589,Below Expected
BATTICALOA,1079.0,14397.0,22.0,15498.0,14215.0,988.0,22.0,15226.0,3650.0,3623.0,3623.0,3649.0,13438.0,49031.0,2006 Yala.csv,Yala,2006,55132.311609165685,-6101.311609165685,-12.443783747355111,87.55621625264489,Below Expected
AMPARA,1309.0,53667.0,59.0,55036.0,53653.0,1308.0,59.0,55021.0,4901.0,4212.0,4624.0,4884.0,52584.0,256824.0,2006 Yala.csv,Yala,2006,216968.3361682444,39855.663831755606,15.518667971745478,84.48133202825453,Above Expected
HAMBANTOTA,2202.0,13490.0,756.0,16448.0,13466.0,2187.0,753.0,16406.0,4693.0,3615.0,2962.0,4470.0,14334.0,64069.0,2006 Yala.csv,Yala,2006,85631.12798969874,-21562.12798969874,-33.65454118169277,66.34545881830724,Below Expected
UDA_WALAWE,0.0,9484.0,0.0,9484.0,9294.0,0.0,0.0,9294.0,5424.0,0.0,0.0,5424.0,9108.0,49404.0,2006 Yala.csv,Yala,2006,45666.561215859365,3737.438784140635,7.565053000041769,92.43494699995823,Above Expected
MAHAWELI_H,0.0,13451.0,0.0,13451.0,13451.0,0.0,0.0,13451.0,4717.0,0.0,0.0,4717.0,12062.0,56901.0,2006 Yala.csv,Yala,2006,50311.47001950679,6589.529980493207,11.580692747918679,88.41930725208132,Above Expected
COLOMBO,747.0,52.0,2555.0,3354.0,52.0,747.0,2550.0,3349.0,3004.0,3010.0,3040.0,3033.0,2846.0,8632.0,2006-2007  Maha.csv,Maha,2006-2007,15388.500214451684,-6756.500214451684,-78.27270869383322,21.727291306166777,Below Expected
GAMPAHA,903.0,1027.0,6472.0,8402.0,926.0,853.0,6311.0,8091.0,3079.0,2912.0,3171.0,3134.0,6878.0,21551.0,2006-2007  Maha.csv,Maha,2006-2007,32761.347206241473,-11210.347206241473,-52.01775883365725,47.98224116634275,Below Expected
KALUTARA,1801.0,79.0,10631.0,12511.0,74.0,1628.0,9728.0,11431.0,3217.0,3025.0,3194.0,3170.0,10545.0,33424.0,2006-2007  Maha.csv,Maha,2006-2007,39711.11858174792,-6287.11858174792,-18.81019202294136,81.18980797705863,Below Expected
GALLE,144.0,0.0,12251.0,12395.0,0.0,144.0,12226.0,12370.0,0.0,3418.0,3418.0,3418.0,9681.0,33088.0,2006-2007  Maha.csv,Maha,2006-2007,35301.85912948029,-2213.85912948029,-6.690821837162384,93.30917816283761,Below Expected
MATARA,2845.0,3034.0,7297.0,13176.0,3034.0,2533.0,7291.0,12858.0,4337.0,3811.0,3382.0,3692.0,10151.0,37477.0,2006-2007  Maha.csv,Maha,2006-2007,42282.762909339915,-4805.7629093399155,-12.82323267428,87.17676732572,Below Expected
RATNAPURA,5987.0,1904.0,3245.0,11136.0,1904.0,5952.0,3237.0,11092.0,4348.0,3382.0,2678.0,3342.0,9429.0,31512.0,2006-2007  Maha.csv,Maha,2006-2007,37842.54644281448,-6330.546442814477,-20.089319760137332,79.91068023986267,Below Expected
KEGALLE,2144.0,0.0,6089.0,8233.0,0.0,2144.0,6084.0,8228.0,0.0,3255.0,3103.0,3143.0,7708.0,24223.0,2006-2007  Maha.csv,Maha,2006-2007,24815.54668179387,-592.5466817938686,-2.4462150922423676,97.55378490775763,As Expected
KURUNEGALA,32799.0,12699.0,26233.0,71731.0,12683.0,32519.0,24533.0,69736.0,4739.0,4163.0,3500.0,4035.0,69736.0,281367.0,2006-2007  Maha.csv,Maha,2006-2007,253634.14784404394,27732.85215595606,9.856469364195538,90.14353063580447,Above Expected
PUTTALAM,6337.0,5568.0,673.0,12579.0,5309.0,5940.0,525.0,11774.0,4274.0,3735.0,3383.0,3962.0,10008.0,39652.0,2006-2007  Maha.csv,Maha,2006-2007,42627.07162533388,-2975.0716253338833,-7.5029547698322485,92.49704523016776,Below Expected
KANDY,4958.0,3894.0,3189.0,12042.0,3894.0,4955.0,3189.0,12039.0,5083.0,2678.0,3639.0,3710.0,9520.0,35322.0,2006-2007  Maha.csv,Maha,2006-2007,39219.57323075474,-3897.573230754737,-11.034406972296972,88.96559302770302,Below Expected
MATALE,7020.0,4745.0,3516.0,15281.0,4745.0,6975.0,3469.0,15189.0,4147.0,3820.0,3576.0,3866.0,13660.0,52813.0,2006-2007  Maha.csv,Maha,2006-2007,50773.78066077992,2039.2193392200788,3.861207163425821,96.13879283657418,As Expected
NUWARAELIYA,4194.0,1020.0,121.0,5335.0,1020.0,4190.0,121.0,5331.0,4369.0,3244.0,3210.0,3459.0,3004.0,10390.0,2006-2007  Maha.csv,Maha,2006-2007,16364.400940408448,-5974.400940408448,-57.501452746953305,42.498547253046695,Below Expected
BADULLA,8637.0,10398.0,3231.0,22266.0,10397.0,8632.0,3231.0,22260.0,5060.0,3993.0,3599.0,4434.0,18921.0,83899.0,2006-2007  Maha.csv,Maha,2006-2007,79622.02499825027,4276.975001749728,5.097766364020702,94.9022336359793,Above Expected
MONARAGALA,7614.0,6657.0,9273.0,23544.0,6646.0,7611.0,8814.0,23071.0,4904.0,3944.0,3598.0,4089.0,22609.0,92439.0,2006-2007  Maha.csv,Maha,2006-2007,85395.18471539934,7043.815284600656,7.619960497842531,92.38003950215747,Above Expected
JAFFNA,0.0,0.0,6918.0,6918.0,0.0,0.0,6257.0,6257.0,0.0,0.0,2141.0,2141.0,5552.0,11886.0,2006-2007  Maha.csv,Maha,2006-2007,17355.533837205432,-5469.533837205432,-46.01660640421868,53.98339359578132,Below Expected
KILLINOCHCHI,469.0,6589.0,9430.0,16488.0,5731.0,408.0,8206.0,14345.0,3542.0,2538.0,3246.0,3344.0,12729.0,42569.0,2006-2007  Maha.csv,Maha,2006-2007,46123.15443536735,-3554.1544353673526,-8.349161209723865,91.65083879027614,Below Expected
VAVUNIYA,3248.0,692.0,125.0,4064.0,690.0,3242.0,120.0,4052.0,4499.0,4306.0,3924.0,4327.0,3823.0,16542.0,2006-2007  Maha.csv,Maha,2006-2007,30368.23525506253,-13826.23525506253,-83.5826094490541,16.417390550945896,Below Expected
MULATIVU,2014.0,3795.0,3760.0,9568.0,3561.0,1974.0,3699.0,9235.0,3883.0,3125.0,3641.0,3624.0,8713.0,31575.0,2006-2007  Maha.csv,Maha,2006-2007,33693.36391189741,-2118.3639118974097,-6.708991011551575,93.29100898844843,Below Expected
MANNAR,837.0,4830.0,0.0,5668.0,4637.0,805.0,0.0,5442.0,3924.0,3584.0,0.0,3874.0,5196.0,20130.0,2006-2007  Maha.csv,Maha,2006-2007,33243.09586282985,-13113.095862829847,-65.14205595047116,34.85794404952884,Below Expected
ANURADHAPURA,29947.0,24853.0,2761.0,57562.0,24853.0,29876.0,2760.0,57490.0,5067.0,4567.0,3377.0,4726.0,46228.0,218485.0,2006-2007  Maha.csv,Maha,2006-2007,237541.54772982642,-19056.547729826416,-8.722130915086352,91.27786908491365,Below Expected
POLONNARUWA,1591.0,47846.0,1128.0,50565.0,47837.0,1590.0,1106.0,50533.0,5143.0,4821.0,4514.0,5119.0,44701.0,228835.0,2006-2007  Maha.csv,Maha,2006-2007,247939.49591280485,-19104.49591280485,-8.348589994015274,91.65141000598473,Below Expected
TRINCOMALEE,1575.0,11537.0,3175.0,16287.0,11527.0,1575.0,2824.0,15926.0,4386.0,4156.0,3809.0,4261.0,14796.0,63039.0,2006-2007  Maha.csv,Maha,2006-2007,63092.814318641016,-53.81431864101614,-0.08536670734151262,99.9146332926585,As Expected
BATTICALOA,194.0,6651.0,11623.0,18469.0,5108.0,55.0,9522.0,14685.0,3480.0,2697.0,2577.0,2891.0,12961.0,37476.0,2006-2007  Maha.csv,Maha,2006-2007,75558.06862248709,-38082.06862248709,-101.61721801282711,-1.6172180128271094,Below Expected
AMPARA,1155.0,46825.0,3823.0,51803.0,46823.0,1154.0,3770.0,51747.0,5029.0,4263.0,3970.0,4934.0,49454.0,244031.0,2006-2007  Maha.csv,Maha,2006-2007,218253.5262653664,25777.47373463359,10.563196370392939,89.43680362960706,Above Expected
HAMBANTOTA,4003.0,17305.0,1012.0,22320.0,16834.0,3983.0,1059.0,21875.0,5429.0,4743.0,3591.0,5215.0,19112.0,99677.0,2006-2007  Maha.csv,Maha,2006-2007,110958.41534165399,-11281.415341653992,-11.317972392481709,88.6820276075183,Below Expected
UDA_WALAWE,0.0,9460.0,0.0,9460.0,9460.0,0.0,0.0,9460.0,5636.0,0.0,0.0,5636.0,9270.0,52243.0,2006-2007  Maha.csv,Maha,2006-2007,47189.75306086325,5053.246939136749,9.672581856204179,90.32741814379582,Above Expected
MAHAWELI_H,0.0,24183.0,0.0,24183.0,24183.0,0.0,0.0,24183.0,5563.0,0.0,0.0,5563.0,21687.0,120653.0,2006-2007  Maha.csv,Maha,2006-2007,103228.32903432938,17424.670965670623,14.441970747242609,85.5580292527574,Above Expected
COLOMBO,171.0,39.0,669.0,879.0,39.0,171.0,668.0,878.0,3250.0,3250.0,3377.0,3346.0,746.0,2498.0,2007 Yala.csv,Yala,2007,8865.273182381046,-6367.273182381046,-254.8948431697777,-154.8948431697777,Below Expected
GAMPAHA,112.0,446.0,1849.0,2407.0,446.0,112.0,1837.0,2395.0,3297.0,2714.0,3800.0,3656.0,2035.0,7441.0,2007 Yala.csv,Yala,2007,19546.32878142976,-12105.328781429758,-162.68416585713962,-62.68416585713962,Below Expected
KALUTARA,1111.0,44.0,5981.0,7135.0,44.0,1102.0,5968.0,7114.0,2838.0,3446.0,2990.0,3060.0,6562.0,20079.0,2007 Yala.csv,Yala,2007,27302.399260417173,-7223.399260417173,-35.974895464999115,64.02510453500088,Below Expected
GALLE,36.0,0.0,5834.0,5871.0,0.0,36.0,5803.0,5840.0,0.0,3169.0,3263.0,3262.0,4570.0,14908.0,2007 Yala.csv,Yala,2007,20798.577495154794,-5890.577495154794,-39.51286218912526,60.48713781087474,Below Expected
MATARA,3055.0,3259.0,7031.0,13345.0,3184.0,2970.0,6964.0,13118.0,4104.0,3804.0,3493.0,3712.0,10357.0,38441.0,2007 Yala.csv,Yala,2007,37359.61213814267,1081.387861857329,2.813110641911836,97.18688935808817,As Expected
RATNAPURA,4116.0,1819.0,1502.0,7437.0,1816.0,4030.0,1474.0,7320.0,5059.0,3760.0,3203.0,3970.0,6222.0,24701.0,2007 Yala.csv,Yala,2007,29672.78608279255,-4971.786082792551,-20.127873700629735,79.87212629937027,Below Expected
KEGALLE,1261.0,0.0,3898.0,5159.0,0.0,1233.0,3815.0,5049.0,0.0,3210.0,3317.0,3291.0,4730.0,15566.0,2007 Yala.csv,Yala,2007,19890.574411494832,-4324.574411494832,-27.782181751861955,72.21781824813804,Below Expected
KURUNEGALA,9132.0,8415.0,11182.0,28729.0,8406.0,6371.0,8003.0,22780.0,4704.0,3024.0,3340.0,3755.0,22780.0,85542.0,2007 Yala.csv,Yala,2007,120654.96307462991,-35112.96307462991,-41.047629322005456,58.952370677994544,Below Expected
PUTTALAM,1945.0,3152.0,223.0,5320.0,3152.0,1844.0,219.0,5215.0,4403.0,3811.0,3247.0,4145.0,4433.0,18373.0,2007 Yala.csv,Yala,2007,28551.62716311155,-10178.627163111549,-55.399919246239314,44.600080753760686,Below Expected
KANDY,2252.0,3766.0,2139.0,8157.0,3728.0,2230.0,2096.0,8054.0,4725.0,2993.0,3407.0,3903.0,6369.0,24856.0,2007 Yala.csv,Yala,2007,30015.996960802746,-5159.996960802746,-20.7595629256628,79.2404370743372,Below Expected
MATALE,2171.0,2855.0,559.0,5585.0,2836.0,2135.0,555.0,5526.0,4661.0,3699.0,2635.0,4086.0,4969.0,20304.0,2007 Yala.csv,Yala,2007,29303.27388162839,-8999.273881628389,-44.32266490163706,55.67733509836294,Below Expected
BADULLA,2997.0,7693.0,15.0,10705.0,7693.0,2997.0,15.0,10705.0,4939.0,3874.0,3874.0,4639.0,9099.0,42214.0,2007 Yala.csv,Yala,2007,45275.778520633,-3061.778520633001,-7.252993131740657,92.74700686825935,Below Expected
MONARAGALA,3498.0,5103.0,325.0,8926.0,5103.0,3496.0,324.0,8923.0,4534.0,4166.0,4166.0,4377.0,8744.0,38269.0,2007 Yala.csv,Yala,2007,47077.315060353496,-8808.315060353496,-23.016841465294352,76.98315853470565,Below Expected
KILLINOCHCHI,121.0,3440.0,0.0,3561.0,3405.0,120.0,0.0,3526.0,3542.0,2538.0,0.0,3507.0,3129.0,10974.0,2007 Yala.csv,Yala,2007,23676.88936404088,-12702.889364040879,-115.75441374194348,-15.75441374194348,Below Expected
VAVUNIYA,179.0,407.0,0.0,586.0,407.0,178.0,0.0,585.0,4505.0,4312.0,0.0,4446.0,552.0,2453.0,2007 Yala.csv,Yala,2007,20508.053295552476,-18055.053295552476,-736.0396777640634,-636.0396777640634,Below Expected
MULATIVU,162.0,1295.0,405.0,1862.0,1282.0,160.0,397.0,1839.0,3883.0,3125.0,3641.0,3765.0,1735.0,6532.0,2007 Yala.csv,Yala,2007,19631.260977468304,-13099.260977468304,-200.53981900594465,-100.53981900594465,Below Expected
MANNAR,22.0,821.0,0.0,843.0,812.0,22.0,0.0,835.0,4251.0,3234.0,0.0,4224.0,797.0,3366.0,2007 Yala.csv,Yala,2007,14833.318618898904,-11467.318618898904,-340.6808858852913,-240.68088588529127,Below Expected
ANURADHAPURA,3331.0,11286.0,19.0,14635.0,11281.0,3324.0,19.0,14623.0,4953.0,4301.0,4301.0,4804.0,11759.0,56492.0,2007 Yala.csv,Yala,2007,109190.01520800382,-52698.015208003824,-93.28403173547373,6.715968264526268,Below Expected
POLONNARUWA,1633.0,47925.0,0.0,49558.0,47914.0,1626.0,0.0,49540.0,5065.0,4817.0,0.0,5057.0,43823.0,221598.0,2007 Yala.csv,Yala,2007,230407.03221935887,-8809.032219358865,-3.975230922372434,96.02476907762757,As Expected
TRINCOMALEE,442.0,9925.0,0.0,10368.0,9925.0,442.0,0.0,10368.0,4386.0,4156.0,0.0,4376.0,9632.0,42147.0,2007 Yala.csv,Yala,2007,55563.37415179048,-13416.374151790478,-31.832334808623337,68.16766519137667,Below Expected
BATTICALOA,219.0,2450.0,36.0,2705.0,1906.0,198.0,36.0,2141.0,3680.0,3680.0,3680.0,3680.0,1890.0,6955.0,2007 Yala.csv,Yala,2007,47485.6747009993,-40530.6747009993,-582.7559266858274,-482.7559266858274,Below Expected
AMPARA,1456.0,52332.0,0.0,53787.0,52210.0,1423.0,0.0,53633.0,5025.0,3841.0,0.0,4993.0,51257.0,255935.0,2007 Yala.csv,Yala,2007,211222.62169781496,44712.37830218504,17.470208569435613,82.52979143056439,Above Expected
HAMBANTOTA,2872.0,17302.0,749.0,20923.0,17214.0,2841.0,716.0,20771.0,5038.0,4770.0,3261.0,4940.0,18148.0,89652.0,2007 Yala.csv,Yala,2007,100078.61209007219,-10426.612090072187,-11.630094242261396,88.36990575773861,Below Expected
UDA_WALAWE,0.0,9381.0,0.0,9381.0,9381.0,0.0,0.0,9381.0,5641.0,0.0,0.0,5641.0,9193.0,51855.0,2007 Yala.csv,Yala,2007,47494.74395870371,4360.256041296292,8.408554703107303,91.5914452968927,Above Expected
MAHAWELI_H,0.0,11440.0,0.0,11440.0,11440.0,0.0,0.0,11440.0,5136.0,0.0,0.0,5136.0,10259.0,52690.0,2007 Yala.csv,Yala,2007,50823.052752872405,1866.947247127595,3.5432667434571927,96.4567332565428,As Expected
COLOMBO,84.0,805.0,2879.0,3767.0,84.0,805.0,2879.0,3767.0,3889.0,3214.0,3571.0,3502.0,3202.0,11212.0,2007-2008  Maha.csv,Maha,2007-2008,15146.975819060031,-3934.9758190600314,-35.09610969550509,64.90389030449491,Below Expected
GAMPAHA,1211.0,1239.0,6910.0,9360.0,1211.0,1238.0,6879.0,9328.0,4298.0,3502.0,3353.0,3495.0,7929.0,27714.0,2007-2008  Maha.csv,Maha,2007-2008,34080.932783873395,-6366.932783873395,-22.97370565011689,77.0262943498831,Below Expected
KALUTARA,109.0,1991.0,11376.0,13476.0,109.0,1991.0,11376.0,13476.0,2585.0,2979.0,2870.0,2884.0,12431.0,35847.0,2007-2008  Maha.csv,Maha,2007-2008,39968.30628101573,-4121.306281015728,-11.49693497647147,88.50306502352853,Below Expected
GALLE,0.0,111.0,14568.0,14679.0,0.0,108.0,14543.0,14652.0,0.0,3608.0,3186.0,3190.0,11466.0,36572.0,2007-2008  Maha.csv,Maha,2007-2008,36238.130180055115,333.8698199448845,0.9129110246770331,99.08708897532297,As Expected
MATARA,3587.0,3029.0,8248.0,14865.0,3587.0,3025.0,8230.0,14842.0,4184.0,3961.0,3730.0,3887.0,11718.0,45546.0,2007-2008  Maha.csv,Maha,2007-2008,42806.515280956366,2739.484719043634,6.014764675369152,93.98523532463085,Above Expected
RATNAPURA,1840.0,6386.0,3799.0,12025.0,1821.0,6313.0,3772.0,11906.0,4222.0,3228.0,2992.0,3305.0,10120.0,33449.0,2007-2008  Maha.csv,Maha,2007-2008,38567.182446948726,-5118.182446948726,-15.301451304818455,84.69854869518154,Below Expected
KEGALLE,0.0,2470.0,5016.0,7486.0,0.0,2331.0,4844.0,7174.0,0.0,3507.0,3866.0,3749.0,6721.0,25198.0,2007-2008  Maha.csv,Maha,2007-2008,25020.337057297467,177.66294270253275,0.7050676351398235,99.29493236486017,As Expected
KURUNEGALA,15223.0,32043.0,28085.0,75351.0,15223.0,32005.0,28014.0,75243.0,4439.0,3773.0,3585.0,3838.0,75243.0,288764.0,2007-2008  Maha.csv,Maha,2007-2008,268803.832709108,19960.167290891986,6.912276908095187,93.08772309190482,Above Expected
PUTTALAM,4538.0,6441.0,1305.0,12284.0,4536.0,6265.0,1248.0,12050.0,4114.0,3649.0,3742.0,3834.0,10242.0,39269.0,2007-2008  Maha.csv,Maha,2007-2008,41708.190897763714,-2439.190897763714,-6.2114922655624385,93.78850773443756,Below Expected
KANDY,4136.0,5530.0,3811.0,13476.0,4136.0,5528.0,3788.0,13453.0,4714.0,3294.0,3412.0,3764.0,10639.0,40040.0,2007-2008  Maha.csv,Maha,2007-2008,39215.46569006802,824.5343099319798,2.059276498331618,97.94072350166839,As Expected
MATALE,6181.0,8416.0,4522.0,19119.0,6021.0,8360.0,4497.0,18878.0,4544.0,3122.0,3054.0,3559.0,16977.0,60427.0,2007-2008  Maha.csv,Maha,2007-2008,65450.368253892695,-5023.368253892695,-8.31311872820543,91.68688127179458,Below Expected
NUWARAELIYA,1191.0,4224.0,212.0,5627.0,1191.0,4224.0,212.0,5627.0,4343.0,3818.0,3818.0,3929.0,3171.0,12458.0,2007-2008  Maha.csv,Maha,2007-2008,17122.249715824626,-4664.249715824626,-37.43979543927296,62.56020456072704,Below Expected
BADULLA,10771.0,10097.0,4464.0,25331.0,10770.0,10055.0,4463.0,25288.0,4610.0,3870.0,3355.0,4094.0,21495.0,88002.0,2007-2008  Maha.csv,Maha,2007-2008,83485.25905616168,4516.740943838318,5.1325435147363905,94.8674564852636,Above Expected
MONARAGALA,6859.0,7690.0,11279.0,25827.0,6829.0,7615.0,10970.0,25415.0,4484.0,4109.0,3607.0,3993.0,24906.0,99446.0,2007-2008  Maha.csv,Maha,2007-2008,89592.45202471995,9853.547975280046,9.90844073696282,90.09155926303718,Above Expected
JAFFNA,0.0,0.0,7566.0,7566.0,0.0,0.0,7248.0,7248.0,0.0,0.0,2887.0,2887.0,6432.0,18568.0,2007-2008  Maha.csv,Maha,2007-2008,17994.256707015706,573.7432929842944,3.0899574158999052,96.9100425841001,As Expected
VAVUNIYA,1752.0,4285.0,384.0,6422.0,1752.0,4265.0,384.0,6402.0,4275.0,3327.0,3327.0,3587.0,6040.0,21663.0,2007-2008  Maha.csv,Maha,2007-2008,30647.96767108644,-8984.96767108644,-41.47610059126825,58.52389940873175,Below Expected
MULATIVU,2873.0,1335.0,2388.0,6596.0,2586.0,1202.0,2149.0,5937.0,3867.0,3094.0,3094.0,3430.0,5601.0,19215.0,2007-2008  Maha.csv,Maha,2007-2008,30989.75841464951,-11774.75841464951,-61.27899253005209,38.72100746994791,Below Expected
MANNAR,4410.0,484.0,0.0,4894.0,2301.0,380.0,0.0,2681.0,3707.0,3234.0,0.0,3640.0,2559.0,9317.0,2007-2008  Maha.csv,Maha,2007-2008,32085.69871688558,-22768.69871688558,-244.3780049037843,-144.3780049037843,Below Expected
ANURADHAPURA,28061.0,39691.0,4965.0,72717.0,27590.0,39013.0,4917.0,71520.0,4769.0,4110.0,3339.0,4311.0,57509.0,247941.0,2007-2008  Maha.csv,Maha,2007-2008,259707.83241577062,-11766.832415770623,-4.745819536006801,95.2541804639932,As Expected
POLONNARUWA,51502.0,2429.0,1598.0,55529.0,51275.0,2388.0,1576.0,55240.0,4947.0,4529.0,3927.0,4900.0,48865.0,239437.0,2007-2008  Maha.csv,Maha,2007-2008,249249.67647247246,-9812.676472472464,-4.098228958963094,95.90177104103691,As Expected
TRINCOMALEE,12910.0,2407.0,3670.0,18987.0,10615.0,2371.0,3606.0,16592.0,4599.0,4397.0,3730.0,4381.0,15414.0,67534.0,2007-2008  Maha.csv,Maha,2007-2008,74692.7849156134,-7158.784915613403,-10.600267888194692,89.3997321118053,Below Expected
BATTICALOA,9380.0,389.0,9366.0,19134.0,7661.0,341.0,9028.0,17030.0,4035.0,3390.0,3353.0,3661.0,15030.0,55020.0,2007-2008  Maha.csv,Maha,2007-2008,75905.75831704891,-20885.75831704891,-37.96030228471267,62.03969771528733,Below Expected
AMPARA,57966.0,1692.0,4832.0,64490.0,57949.0,1692.0,4794.0,64435.0,4966.0,4090.0,3909.0,4864.0,61580.0,299533.0,2007-2008  Maha.csv,Maha,2007-2008,238052.82167077868,61480.17832922132,20.52534389507043,79.47465610492957,Above Expected
HAMBANTOTA,18799.0,4048.0,1387.0,24234.0,18751.0,3928.0,1328.0,24007.0,4866.0,4645.0,3643.0,4762.0,20975.0,99879.0,2007-2008  Maha.csv,Maha,2007-2008,115013.01240676036,-15134.012406760361,-15.152346746323412,84.84765325367658,Below Expected
UDA_WALAWE,9527.0,0.0,0.0,9527.0,9527.0,0.0,0.0,9527.0,5661.0,0.0,0.0,5661.0,9336.0,52855.0,2007-2008  Maha.csv,Maha,2007-2008,46264.35718864617,6590.642811353828,12.469289208880575,87.53071079111942,Above Expected
MAHAWELI_H,24178.0,0.0,0.0,24178.0,24178.0,0.0,0.0,24178.0,5501.0,0.0,0.0,5501.0,21682.0,119285.0,2007-2008  Maha.csv,Maha,2007-2008,102489.70566348577,16795.294336514227,14.079971778944737,85.92002822105526,Above Expected
COLOMBO,772.0,103.0,2957.0,3832.0,103.0,763.0,2942.0,3809.0,2959.0,2777.0,3282.0,3172.0,3238.0,10269.0,2008  Yala.csv,Yala,2008,9832.340858610829,436.65914138917105,4.25220704439742,95.74779295560258,As Expected
GAMPAHA,1317.0,1359.0,4825.0,7501.0,1359.0,1314.0,4796.0,7470.0,3182.0,3262.0,3255.0,3243.0,6349.0,20592.0,2008  Yala.csv,Yala,2008,24475.429845322607,-3883.4298453226074,-18.858925045272958,81.14107495472705,Below Expected
KALUTARA,1812.0,118.0,10438.0,12368.0,96.0,1661.0,9092.0,10849.0,3332.0,2976.0,2695.0,2743.0,10008.0,27454.0,2008  Yala.csv,Yala,2008,33392.91937356285,-5938.9193735628505,-21.632255312751695,78.3677446872483,Below Expected
GALLE,104.0,0.0,14025.0,14130.0,0.0,83.0,13427.0,13510.0,0.0,3942.0,3021.0,3027.0,10573.0,32005.0,2008  Yala.csv,Yala,2008,27503.694758444897,4501.305241555103,14.064381320278402,85.9356186797216,Above Expected
MATARA,3351.0,3941.0,8683.0,15975.0,3922.0,3332.0,8658.0,15912.0,4263.0,3679.0,3553.0,3755.0,12562.0,47167.0,2008  Yala.csv,Yala,2008,44701.83398097934,2465.1660190206603,5.2264634575458695,94.77353654245412,Above Expected
RATNAPURA,6092.0,1951.0,3287.0,11331.0,1919.0,6041.0,3249.0,11210.0,4596.0,3730.0,2618.0,3556.0,9529.0,33882.0,2008  Yala.csv,Yala,2008,35927.39589629402,-2045.3958962940233,-6.036821605259498,93.9631783947405,Below Expected
KEGALLE,2393.0,0.0,5039.0,7431.0,0.0,2390.0,5034.0,7424.0,0.0,3077.0,3440.0,3323.0,6955.0,23111.0,2008  Yala.csv,Yala,2008,22024.61598378937,1086.3840162106317,4.700722669770376,95.29927733022963,As Expected
KURUNEGALA,30152.0,13865.0,24895.0,68912.0,13865.0,29687.0,24636.0,68188.0,3642.0,3074.0,2958.0,3148.0,68188.0,214632.0,2008  Yala.csv,Yala,2008,212597.56657159727,2034.4334284027282,0.9478705078472587,99.05212949215274,As Expected
PUTTALAM,7016.0,6664.0,804.0,14484.0,6638.0,6759.0,794.0,14192.0,4136.0,3460.0,2914.0,3746.0,12063.0,45184.0,2008  Yala.csv,Yala,2008,39638.40671222257,5545.593287777432,12.273356249507419,87.72664375049258,Above Expected
KANDY,3921.0,4073.0,3636.0,11629.0,4073.0,3917.0,3626.0,11617.0,4722.0,3125.0,3799.0,3895.0,9186.0,35782.0,2008  Yala.csv,Yala,2008,34553.49234837953,1228.5076516204717,3.433311865240824,96.56668813475918,As Expected
MATALE,5122.0,5402.0,1436.0,11960.0,5374.0,5077.0,1424.0,11874.0,4346.0,3513.0,2629.0,3784.0,10679.0,40409.0,2008  Yala.csv,Yala,2008,37039.398816514105,3369.6011834858946,8.338739348872515,91.66126065112749,Above Expected
NUWARAELIYA,1595.0,454.0,38.0,2087.0,445.0,1563.0,37.0,2045.0,3875.0,3636.0,3636.0,3688.0,1152.0,4250.0,2008  Yala.csv,Yala,2008,12647.022613146075,-8397.022613146075,-197.57700266226058,-97.57700266226058,Below Expected
BADULLA,4431.0,8195.0,121.0,12746.0,8195.0,4428.0,121.0,12744.0,4901.0,4070.0,4070.0,4605.0,10832.0,49877.0,2008  Yala.csv,Yala,2008,46241.927466442336,3635.0725335576644,7.288073728487408,92.7119262715126,Above Expected
MONARAGALA,5772.0,6298.0,1647.0,13716.0,6298.0,5766.0,1548.0,13612.0,4401.0,4161.0,4161.0,4272.0,13339.0,56987.0,2008  Yala.csv,Yala,2008,50181.99251624334,6805.007483756657,11.941333082556824,88.05866691744318,Above Expected
JAFFNA,0.0,0.0,0.0,0.0,0.0,0.0,0.0,0.0,0.0,0.0,0.0,0.0,0.0,0.0,2008  Yala.csv,Yala,2008,8007.390173158585,-8007.390173158585,-inf,-inf,Below Expected
KILLINOCHCHI,40.0,4373.0,0.0,4413.0,3642.0,38.0,0.0,3681.0,3094.0,2320.0,0.0,3086.0,3266.0,10078.0,2008  Yala.csv,Yala,2008,25626.66092893311,-15548.66092893311,-154.2832003267822,-54.28320032678221,Below Expected
VAVUNIYA,3136.0,1829.0,4.0,4969.0,1646.0,2822.0,4.0,4472.0,4389.0,4391.0,4391.0,4390.0,4219.0,18523.0,2008  Yala.csv,Yala,2008,23928.273974370488,-5405.273974370488,-29.181417558551466,70.81858244144854,Below Expected
MULATIVU,543.0,2600.0,0.0,3143.0,2189.0,445.0,0.0,2634.0,3094.0,2320.0,0.0,2963.0,2485.0,7362.0,2008  Yala.csv,Yala,2008,21004.54902176269,-13642.54902176269,-185.3103643271216,-85.31036432712159,Below Expected
MANNAR,64.0,920.0,0.0,984.0,828.0,58.0,0.0,886.0,4288.0,4288.0,0.0,4288.0,846.0,3626.0,2008  Yala.csv,Yala,2008,14614.684215799914,-10988.684215799914,-303.05251560396897,-203.05251560396897,Below Expected
ANURADHAPURA,23203.0,25823.0,107.0,49133.0,25581.0,22547.0,106.0,48235.0,4610.0,4154.0,4154.0,4396.0,38786.0,170500.0,2008  Yala.csv,Yala,2008,198866.04342648303,-28366.043426483026,-16.636975616705588,83.36302438329442,Below Expected
POLONNARUWA,2528.0,51953.0,0.0,54481.0,51942.0,2518.0,0.0,54460.0,5000.0,4380.0,0.0,4971.0,48176.0,239485.0,2008  Yala.csv,Yala,2008,241451.1193974065,-1966.1193974064954,-0.8209780977541372,99.17902190224586,As Expected
TRINCOMALEE,2022.0,13274.0,0.0,15296.0,13232.0,1912.0,0.0,15145.0,4606.0,3797.0,0.0,4504.0,14069.0,63370.0,2008  Yala.csv,Yala,2008,58609.24949927355,4760.750500726448,7.512625060322627,92.48737493967738,Above Expected
BATTICALOA,1112.0,16434.0,182.0,17728.0,16409.0,1111.0,182.0,17702.0,3954.0,3805.0,3805.0,3943.0,15624.0,61609.0,2008  Yala.csv,Yala,2008,74185.25341655356,-12576.253416553562,-20.41301338530663,79.58698661469337,Below Expected
AMPARA,1686.0,58341.0,140.0,60168.0,58321.0,1662.0,140.0,60124.0,4948.0,4242.0,4225.0,4927.0,57461.0,283081.0,2008  Yala.csv,Yala,2008,214621.37659220846,68459.62340779154,24.183757796458096,75.8162422035419,Above Expected
HAMBANTOTA,3996.0,19110.0,1395.0,24500.0,19105.0,3960.0,1386.0,24451.0,5015.0,3925.0,3025.0,4725.0,21363.0,100947.0,2008  Yala.csv,Yala,2008,104641.6025179396,-3694.6025179395947,-3.6599428590642558,96.34005714093574,As Expected
UDA_WALAWE,0.0,10718.0,0.0,10718.0,10503.0,0.0,0.0,10503.0,6198.0,0.0,0.0,6198.0,10293.0,63793.0,2008  Yala.csv,Yala,2008,51716.835036694865,12076.164963305135,18.93023523475167,81.06976476524832,Above Expected
MAHAWELI_H,0.0,17758.0,0.0,17758.0,17758.0,0.0,0.0,17758.0,5403.0,0.0,0.0,5403.0,15926.0,86055.0,2008  Yala.csv,Yala,2008,74755.61028709121,11299.389712908785,13.130427880900339,86.86957211909966,Above Expected
COLOMBO,117.0,971.0,3418.0,4506.0,117.0,970.0,3418.0,4504.0,3568.0,3501.0,3568.0,3554.0,3829.0,13605.0,2008-2009  Maha.csv,Maha,2008-2009,17770.19186664441,-4165.191866644411,-30.615155212380824,69.38484478761917,Below Expected
GAMPAHA,1565.0,2238.0,7023.0,10826.0,1556.0,2208.0,6914.0,10678.0,3415.0,3389.0,3327.0,3353.0,9076.0,30430.0,2008-2009  Maha.csv,Maha,2008-2009,36689.44047105486,-6259.440471054862,-20.56996539945732,79.43003460054268,Below Expected
KALUTARA,128.0,2130.0,12426.0,14684.0,128.0,2112.0,12396.0,14637.0,2524.0,3071.0,3128.0,3115.0,13502.0,42055.0,2008-2009  Maha.csv,Maha,2008-2009,42360.79081340556,-305.7908134055615,-0.7271211827501165,99.27287881724989,As Expected
GALLE,0.0,124.0,15806.0,15930.0,0.0,122.0,15527.0,15649.0,0.0,3255.0,3031.0,3032.0,12247.0,37139.0,2008-2009  Maha.csv,Maha,2008-2009,37936.5674533482,-797.5674533482015,-2.1475200014760802,97.85247999852392,As Expected
MATARA,3964.0,3289.0,8918.0,16171.0,3907.0,3200.0,8680.0,15787.0,4097.0,3439.0,3491.0,3631.0,12464.0,45251.0,2008-2009  Maha.csv,Maha,2008-2009,46583.9285057628,-1332.9285057628003,-2.945633258409318,97.05436674159068,As Expected
RATNAPURA,1983.0,7029.0,3983.0,12995.0,1979.0,7019.0,3968.0,12965.0,4772.0,3364.0,2980.0,3462.0,11021.0,38149.0,2008-2009  Maha.csv,Maha,2008-2009,41085.020675075895,-2936.0206750758953,-7.696193019675208,92.3038069803248,Below Expected
KEGALLE,0.0,2627.0,5552.0,8179.0,0.0,2605.0,5484.0,8089.0,0.0,3374.0,3886.0,3721.0,7578.0,28195.0,2008-2009  Maha.csv,Maha,2008-2009,25631.87519200901,2563.124807990989,9.090706891260822,90.90929310873918,Above Expected
KURUNEGALA,13343.0,34561.0,29387.0,77291.0,13342.0,34479.0,28991.0,76812.0,4555.0,4104.0,3463.0,3940.0,76812.0,302664.0,2008-2009  Maha.csv,Maha,2008-2009,266156.0263635587,36507.97363644128,12.062212102014538,87.93778789798546,Above Expected
PUTTALAM,7695.0,9988.0,1998.0,19680.0,7684.0,9971.0,1886.0,19541.0,4354.0,3751.0,3624.0,3976.0,16610.0,66038.0,2008-2009  Maha.csv,Maha,2008-2009,65635.37746277342,402.62253722657624,0.609683117639202,99.39031688236079,As Expected
KANDY,4136.0,5733.0,4202.0,14071.0,4121.0,5627.0,3746.0,13495.0,5103.0,3262.0,3059.0,3768.0,10672.0,40208.0,2008-2009  Maha.csv,Maha,2008-2009,41379.742574138756,-1171.742574138756,-2.9142025819209016,97.0857974180791,As Expected
MATALE,6043.0,8661.0,4669.0,19374.0,5987.0,8504.0,4468.0,18958.0,4324.0,3548.0,3403.0,3759.0,17049.0,64090.0,2008-2009  Maha.csv,Maha,2008-2009,69512.82480261559,-5422.8248026155925,-8.461265100039931,91.53873489996008,Below Expected
NUWARAELIYA,1129.0,4238.0,208.0,5576.0,1126.0,4233.0,208.0,5567.0,4329.0,4098.0,4098.0,4145.0,3137.0,13002.0,2008-2009  Maha.csv,Maha,2008-2009,16977.739379336654,-3975.7393793366537,-30.577906317002412,69.42209368299758,Below Expected
BADULLA,10944.0,10371.0,5910.0,27225.0,10808.0,8803.0,506.0,20117.0,5223.0,3697.0,2370.0,4484.0,17099.0,76667.0,2008-2009  Maha.csv,Maha,2008-2009,85301.88706794036,-8634.887067940363,-11.262847206673488,88.73715279332652,Below Expected
MONARAGALA,6854.0,7979.0,11696.0,26529.0,6623.0,5525.0,1470.0,13618.0,4942.0,4055.0,3377.0,4413.0,13346.0,58892.0,2008-2009  Maha.csv,Maha,2008-2009,91994.89485843532,-33102.89485843532,-56.209493409011955,43.790506590988045,Below Expected
JAFFNA,0.0,0.0,8171.0,8171.0,0.0,0.0,7297.0,7297.0,0.0,0.0,2506.0,2506.0,6476.0,16230.0,2008-2009  Maha.csv,Maha,2008-2009,18914.304983757087,-2684.304983757087,-16.539155784085562,83.46084421591443,Below Expected
KILLINOCHCHI,0.0,0.0,0.0,0.0,0.0,0.0,0.0,0.0,0.0,0.0,0.0,0.0,0.0,0.0,2008-2009  Maha.csv,Maha,2008-2009,35284.544774766546,-35284.544774766546,-inf,-inf,Below Expected
VAVUNIYA,2257.0,4109.0,343.0,6709.0,2252.0,4101.0,343.0,6697.0,4763.0,4637.0,4822.0,4689.0,6319.0,29627.0,2008-2009  Maha.csv,Maha,2008-2009,33301.0359354524,-3674.035935452397,-12.400971868405161,87.59902813159484,Below Expected
MULATIVU,0.0,0.0,0.0,0.0,0.0,0.0,0.0,0.0,0.0,0.0,0.0,0.0,0.0,0.0,2008-2009  Maha.csv,Maha,2008-2009,29707.518094364506,-29707.518094364506,-inf,-inf,Below Expected
ANURADHAPURA,29488.0,44355.0,6880.0,80724.0,29447.0,43163.0,6549.0,79159.0,5083.0,4522.0,3341.0,4633.0,63652.0,294898.0,2008-2009  Maha.csv,Maha,2008-2009,280741.8665501653,14156.133449834713,4.800349086746846,95.19965091325315,As Expected
POLONNARUWA,53569.0,2270.0,1459.0,57298.0,53472.0,2151.0,1306.0,56929.0,5280.0,4680.0,3783.0,5223.0,50359.0,263014.0,2008-2009  Maha.csv,Maha,2008-2009,249602.7827655931,13411.217234406911,5.099050710002856,94.90094928999714,Above Expected
TRINCOMALEE,14493.0,3211.0,5310.0,23014.0,14493.0,3211.0,5265.0,22969.0,4729.0,4419.0,3758.0,4463.0,21338.0,95236.0,2008-2009  Maha.csv,Maha,2008-2009,87959.03451882607,7276.965481173931,7.640981856833477,92.35901814316652,Above Expected
BATTICALOA,19198.0,1718.0,24989.0,45905.0,19185.0,1711.0,24958.0,45854.0,3656.0,3577.0,3630.0,3639.0,40471.0,147278.0,2008-2009  Maha.csv,Maha,2008-2009,122292.57041915218,24985.42958084782,16.964807765482842,83.03519223451715,Above Expected
AMPARA,60453.0,2302.0,7224.0,69979.0,60216.0,2068.0,6164.0,68448.0,5295.0,4151.0,4152.0,5158.0,65416.0,337390.0,2008-2009  Maha.csv,Maha,2008-2009,232779.04302270486,104610.95697729514,31.005944745634174,68.99405525436583,Above Expected
HAMBANTOTA,19516.0,4578.0,1480.0,25575.0,19321.0,4514.0,1480.0,25315.0,5445.0,4987.0,4281.0,5295.0,22117.0,117115.0,2008-2009  Maha.csv,Maha,2008-2009,116660.7371543505,454.2628456495004,0.3878775952264871,99.61212240477352,As Expected
UDA_WALAWE,11517.0,0.0,0.0,11517.0,11517.0,0.0,0.0,11517.0,6517.0,0.0,0.0,6517.0,11287.0,73557.0,2008-2009  Maha.csv,Maha,2008-2009,50779.99180846013,22777.00819153987,30.965113030085334,69.03488696991467,Above Expected
MAHAWELI_H,24849.0,0.0,0.0,24849.0,24849.0,0.0,0.0,24849.0,6036.0,0.0,0.0,6036.0,22285.0,134501.0,2008-2009  Maha.csv,Maha,2008-2009,105720.27355155742,28780.726448442583,21.39815053303885,78.60184946696114,Above Expected
COLOMBO,787.0,87.0,2741.0,3615.0,87.0,782.0,2734.0,3603.0,2957.0,2957.0,3018.0,3004.0,3063.0,9200.0,2009 Yala.csv,Yala,2009,9592.527075342668,-392.52707534266847,-4.266598645029005,95.733401354971,As Expected
GAMPAHA,2061.0,1665.0,4380.0,8106.0,1665.0,2061.0,4369.0,8095.0,3680.0,3439.0,3257.0,3390.0,6881.0,23329.0,2009 Yala.csv,Yala,2009,24098.1671211635,-769.1671211635003,-3.297042827225772,96.70295717277423,As Expected
KALUTARA,2034.0,126.0,10712.0,12872.0,126.0,2027.0,10709.0,12863.0,3033.0,2513.0,2969.0,2898.0,11866.0,34387.0,2009 Yala.csv,Yala,2009,33178.81341618675,1208.1865838132508,3.5134980772188644,96.48650192278113,As Expected
GALLE,65.0,0.0,13054.0,13120.0,0.0,63.0,13020.0,13084.0,0.0,3013.0,2997.0,2997.0,10239.0,30684.0,2009 Yala.csv,Yala,2009,27928.68140096665,2755.3185990333513,8.979659102572517,91.02034089742749,Above Expected
MATARA,3233.0,3785.0,8705.0,15722.0,3616.0,3231.0,8691.0,15538.0,4167.0,3624.0,3405.0,3628.0,12268.0,44501.0,2009 Yala.csv,Yala,2009,39755.945612754884,4745.054387245116,10.662803953270975,89.33719604672902,Above Expected
RATNAPURA,6466.0,1977.0,3535.0,11978.0,1975.0,6401.0,3464.0,11840.0,5118.0,3099.0,2555.0,3277.0,10064.0,32980.0,2009 Yala.csv,Yala,2009,35046.24558090553,-2066.245580905532,-6.265147304140485,93.73485269585952,Below Expected
KEGALLE,2447.0,0.0,5171.0,7617.0,0.0,2446.0,5164.0,7610.0,0.0,3449.0,3338.0,3374.0,7129.0,24051.0,2009 Yala.csv,Yala,2009,22035.922461680235,2015.0775383197652,8.378352410792754,91.62164758920724,Above Expected
KURUNEGALA,20370.0,7411.0,21134.0,48916.0,7005.0,19259.0,20253.0,46516.0,4477.0,3467.0,3270.0,3534.0,46516.0,164376.0,2009 Yala.csv,Yala,2009,191070.26285790015,-26694.262857900147,-16.239756934041555,83.76024306595845,Below Expected
PUTTALAM,6838.0,7221.0,1199.0,15258.0,6661.0,7018.0,1152.0,14831.0,4037.0,3382.0,3086.0,3653.0,12606.0,46053.0,2009 Yala.csv,Yala,2009,39489.59508409059,6563.404915909407,14.251850945452862,85.74814905454714,Above Expected
KANDY,3326.0,3713.0,2223.0,9262.0,3714.0,3279.0,2192.0,9185.0,4160.0,3158.0,3082.0,3545.0,7263.0,25747.0,2009 Yala.csv,Yala,2009,31460.906098542957,-5713.906098542957,-22.192512131677308,77.8074878683227,Below Expected
MATALE,3316.0,2562.0,528.0,6406.0,2533.0,3132.0,499.0,6163.0,4117.0,3386.0,2842.0,3642.0,5543.0,20188.0,2009 Yala.csv,Yala,2009,28966.630388561487,-8778.630388561487,-43.484398596004986,56.515601403995014,Below Expected
NUWARAELIYA,2176.0,656.0,52.0,2884.0,653.0,2154.0,51.0,2858.0,3070.0,2867.0,2867.0,2913.0,1611.0,4692.0,2009 Yala.csv,Yala,2009,12315.243877734603,-7623.243877734603,-162.4732284257162,-62.4732284257162,Below Expected
BADULLA,3693.0,4419.0,56.0,8168.0,4419.0,3498.0,56.0,7973.0,5352.0,3829.0,3829.0,4673.0,6777.0,31671.0,2009 Yala.csv,Yala,2009,38906.92719714411,-7235.927197144112,-22.847169957197792,77.15283004280221,Below Expected
MONARAGALA,3718.0,4369.0,253.0,8341.0,4101.0,3138.0,86.0,7325.0,3937.0,3274.0,3274.0,3645.0,7179.0,26167.0,2009 Yala.csv,Yala,2009,41004.392282578025,-14837.392282578025,-56.702687669882,43.297312330118,Below Expected
JAFFNA,0.0,0.0,0.0,0.0,0.0,0.0,0.0,0.0,0.0,0.0,0.0,0.0,0.0,0.0,2009 Yala.csv,Yala,2009,8242.023271783622,-8242.023271783622,-inf,-inf,Below Expected
KILLINOCHCHI**,0.0,0.0,0.0,0.0,0.0,0.0,0.0,0.0,0.0,0.0,0.0,0.0,0.0,0.0,2009 Yala.csv,Yala,2009,24316.824875587743,-24316.824875587743,-inf,-inf,Below Expected
VAVUNIYA,211.0,42.0,0.0,253.0,30.0,179.0,0.0,209.0,4430.0,3924.0,0.0,3998.0,197.0,789.0,2009 Yala.csv,Yala,2009,19749.363806735655,-18960.363806735655,-2403.087934947485,-2303.087934947485,Below Expected
MULATIVU**,0.0,0.0,0.0,0.0,0.0,0.0,0.0,0.0,0.0,0.0,0.0,0.0,0.0,0.0,2009 Yala.csv,Yala,2009,24316.824875587743,-24316.824875587743,-inf,-inf,Below Expected
MANNAR**,0.0,0.0,0.0,0.0,0.0,0.0,0.0,0.0,0.0,0.0,0.0,0.0,0.0,0.0,2009 Yala.csv,Yala,2009,24316.824875587743,-24316.824875587743,-inf,-inf,Below Expected
ANURADHAPURA,6122.0,12040.0,65.0,18226.0,11881.0,5837.0,63.0,17781.0,4431.0,4415.0,4415.0,4426.0,14297.0,63275.0,2009 Yala.csv,Yala,2009,121361.15220268173,-58086.152202681726,-91.79952936022399,8.200470639776015,Below Expected
POLONNARUWA,1774.0,35089.0,0.0,36862.0,34859.0,1724.0,0.0,36583.0,4750.0,4473.0,0.0,4737.0,32362.0,153302.0,2009 Yala.csv,Yala,2009,181589.86948305785,-28287.869483057846,-18.45238123642082,81.54761876357918,Below Expected
TRINCOMALEE,1376.0,12574.0,0.0,13950.0,12572.0,1376.0,0.0,13947.0,4864.0,4726.0,4726.0,4851.0,12957.0,62850.0,2009 Yala.csv,Yala,2009,55818.35788940921,7031.642110590787,11.187974718521538,88.81202528147847,Above Expected
BATTICALOA,2255.0,13309.0,1510.0,17073.0,12376.0,2134.0,1510.0,16020.0,4262.0,4555.0,3071.0,4189.0,14140.0,59227.0,2009 Yala.csv,Yala,2009,68770.77452072692,-9543.774520726918,-16.113891503413846,83.88610849658616,Below Expected
AMPARA,1075.0,44981.0,171.0,46227.0,44082.0,1053.0,168.0,45303.0,4994.0,3895.0,3895.0,4964.0,43296.0,214941.0,2009 Yala.csv,Yala,2009,177205.28630020245,37735.71369979755,17.556312522877228,82.44368747712278,Above Expected
HAMBANTOTA,3010.0,17768.0,1127.0,21905.0,17734.0,3002.0,1117.0,21853.0,5264.0,4226.0,3227.0,5017.0,19093.0,95799.0,2009 Yala.csv,Yala,2009,101528.46267726732,-5729.462677267322,-5.9807124054189735,94.01928759458103,Below Expected
UDA_WALAWE,0.0,12188.0,0.0,12188.0,11944.0,0.0,0.0,11944.0,6105.0,0.0,0.0,6105.0,11705.0,71457.0,2009 Yala.csv,Yala,2009,51340.82373879008,20116.17626120992,28.151442491582234,71.84855750841777,Above Expected
MAHAWELI_H,0.0,6481.0,0.0,6481.0,6481.0,0.0,0.0,6481.0,4821.0,0.0,0.0,4821.0,5812.0,28020.0,2009 Yala.csv,Yala,2009,42666.506009732395,-14646.506009732395,-52.27161316820983,47.72838683179017,Below Expected
COLOMBO,119.0,1010.0,3635.0,4764.0,119.0,1010.0,3634.0,4763.0,3466.0,3352.0,3549.0,3505.0,4048.0,14190.0,2009-2010 Maha.csv,Maha,2009-2010,19185.632402523745,-4995.6324025237445,-35.20530234336677,64.79469765663323,Below Expected
GAMPAHA,1826.0,3116.0,7592.0,12534.0,1822.0,3097.0,7545.0,12464.0,3506.0,3455.0,3436.0,3451.0,10595.0,36560.0,2009-2010 Maha.csv,Maha,2009-2010,39678.850425895136,-3118.850425895136,-8.530772499713173,91.46922750028682,Below Expected
KALUTARA,133.0,2206.0,13030.0,15369.0,133.0,2194.0,12963.0,15289.0,3425.0,3373.0,3178.0,3208.0,14105.0,45245.0,2009-2010 Maha.csv,Maha,2009-2010,46565.51972416392,-1320.519724163918,-2.9185981305424202,97.08140186945758,As Expected
GALLE,0.0,151.0,17005.0,17156.0,0.0,151.0,16991.0,17142.0,0.0,4356.0,3276.0,3286.0,13415.0,44078.0,2009-2010 Maha.csv,Maha,2009-2010,49138.648402793,-5060.648402792998,-11.481120746841958,88.51887925315805,Below Expected
MATARA,3703.0,3303.0,8902.0,15908.0,3653.0,3298.0,8861.0,15811.0,3993.0,3604.0,3510.0,3641.0,12483.0,45455.0,2009-2010 Maha.csv,Maha,2009-2010,47608.11797866742,-2153.1179786674184,-4.736812184946471,95.26318781505353,As Expected
RATNAPURA,2102.0,7171.0,4213.0,13485.0,2102.0,7171.0,4213.0,13485.0,4559.0,3124.0,3030.0,3318.0,11463.0,38034.0,2009-2010 Maha.csv,Maha,2009-2010,43256.38477493911,-5222.384774939113,-13.730832347213317,86.26916765278668,Below Expected
KEGALLE,0.0,2706.0,5631.0,8337.0,0.0,2704.0,5628.0,8331.0,0.0,3804.0,3785.0,3791.0,7805.0,29589.0,2009-2010 Maha.csv,Maha,2009-2010,28381.53840845561,1207.46159154439,4.08077863917128,95.91922136082871,As Expected
KURUNEGALA,11735.0,28540.0,28483.0,68758.0,11735.0,28190.0,28098.0,68023.0,4838.0,4026.0,3704.0,4033.0,68023.0,274343.0,2009-2010 Maha.csv,Maha,2009-2010,241048.25050504465,33294.74949495535,12.1361760624311,87.8638239375689,Above Expected
PUTTALAM,3984.0,8380.0,2051.0,14415.0,3945.0,8299.0,1991.0,14236.0,4456.0,3866.0,3462.0,3973.0,12100.0,48075.0,2009-2010 Maha.csv,Maha,2009-2010,48085.99321216765,-10.993212167646561,-0.02286679598054407,99.97713320401945,As Expected
KANDY,4138.0,5754.0,3945.0,13837.0,4138.0,5751.0,3936.0,13826.0,4314.0,3109.0,3112.0,3470.0,10934.0,37943.0,2009-2010 Maha.csv,Maha,2009-2010,43477.34390862269,-5534.343908622694,-14.585941830173402,85.4140581698266,Below Expected
MATALE,6375.0,9025.0,4848.0,20248.0,6294.0,8962.0,4832.0,20088.0,5034.0,4046.0,4619.0,4494.0,18065.0,81175.0,2009-2010 Maha.csv,Maha,2009-2010,72369.86815579653,8805.131844203468,10.847098052606674,89.15290194739333,Above Expected
NUWARAELIYA,1119.0,4265.0,202.0,5586.0,1119.0,4263.0,202.0,5583.0,4217.0,4113.0,4113.0,4134.0,3146.0,13007.0,2009-2010 Maha.csv,Maha,2009-2010,21652.820288546365,-8645.820288546365,-66.47051809445963,33.529481905540365,Below Expected
BADULLA,10903.0,10302.0,5819.0,27023.0,10897.0,10289.0,5802.0,26988.0,5081.0,4069.0,3356.0,4324.0,22940.0,99203.0,2009-2010 Maha.csv,Maha,2009-2010,86965.1920068123,12237.8079931877,12.336126924778181,87.66387307522182,Above Expected
MONARAGALA,9659.0,8406.0,9294.0,27360.0,9659.0,8406.0,9294.0,27360.0,5218.0,4159.0,3807.0,4413.0,26812.0,118331.0,2009-2010 Maha.csv,Maha,2009-2010,94031.54460535882,24299.455394641176,20.53515595629309,79.4648440437069,Above Expected
JAFFNA,0.0,0.0,8948.0,8948.0,0.0,0.0,8703.0,8703.0,0.0,0.0,2605.0,2605.0,7723.0,20117.0,2009-2010 Maha.csv,Maha,2009-2010,22336.745745081134,-2219.7457450811344,-11.03417877954533,88.96582122045467,Below Expected
KILLINOCHCHI,0.0,0.0,0.0,0.0,0.0,0.0,0.0,0.0,0.0,0.0,0.0,0.0,0.0,0.0,2009-2010 Maha.csv,Maha,2009-2010,39077.36495117481,-39077.36495117481,-inf,-inf,Below Expected
VAVUNIYA,1634.0,2868.0,328.0,4830.0,1633.0,2868.0,328.0,4830.0,5275.0,5362.0,5873.0,5367.0,4557.0,24457.0,2009-2010 Maha.csv,Maha,2009-2010,33051.467723391,-8594.467723390997,-35.14113637564295,64.85886362435704,Below Expected
MULATIVU,883.0,1298.0,0.0,2180.0,846.0,1298.0,0.0,2144.0,5316.0,5316.0,0.0,5316.0,2023.0,10753.0,2009-2010 Maha.csv,Maha,2009-2010,32748.49848495662,-21995.49848495662,-204.5522038961836,-104.55220389618361,Below Expected
MANNAR,7412.0,681.0,0.0,8093.0,7412.0,681.0,0.0,8093.0,5403.0,5403.0,0.0,5403.0,7727.0,41755.0,2009-2010 Maha.csv,Maha,2009-2010,40003.29930530674,1751.7006946932597,4.1951878689815825,95.80481213101842,As Expected
ANURADHAPURA,29894.0,43667.0,7901.0,81463.0,29874.0,43358.0,7831.0,81063.0,5357.0,4786.0,4030.0,4924.0,65183.0,320937.0,2009-2010 Maha.csv,Maha,2009-2010,280028.00407390075,40908.99592609925,12.746737187080095,87.2532628129199,Above Expected
POLONNARUWA,55804.0,2883.0,1626.0,60312.0,55800.0,2876.0,1625.0,60301.0,5414.0,4681.0,3820.0,5336.0,53342.0,284628.0,2009-2010 Maha.csv,Maha,2009-2010,251672.5650639437,32955.43493605629,11.578423393361263,88.42157660663874,Above Expected
TRINCOMALEE,15253.0,4759.0,6524.0,26535.0,15238.0,4759.0,6524.0,26521.0,4595.0,4340.0,3712.0,4332.0,24638.0,106727.0,2009-2010 Maha.csv,Maha,2009-2010,90976.57484491816,15750.425155081844,14.757676272247739,85.24232372775226,Above Expected
BATTICALOA,21619.0,2465.0,30771.0,54855.0,21095.0,2463.0,30771.0,54329.0,4233.0,4104.0,3886.0,4031.0,47951.0,193274.0,2009-2010 Maha.csv,Maha,2009-2010,180725.42233149125,12548.577668508748,6.492636189300552,93.50736381069945,Above Expected
AMPARA,59285.0,2301.0,8275.0,69861.0,59265.0,2301.0,8275.0,69840.0,5563.0,4490.0,4210.0,5368.0,66746.0,358274.0,2009-2010 Maha.csv,Maha,2009-2010,232470.16629234445,125803.83370765555,35.113860818160276,64.88613918183972,Above Expected
HAMBANTOTA,19724.0,4774.0,1600.0,26098.0,19641.0,4772.0,1599.0,26012.0,5465.0,4401.0,4052.0,5183.0,22726.0,117793.0,2009-2010 Maha.csv,Maha,2009-2010,117212.09878760135,580.9012123986467,0.4931542726636105,99.50684572733638,As Expected
UDA_WALAWE,13068.0,0.0,0.0,13068.0,13068.0,0.0,0.0,13068.0,6275.0,0.0,0.0,6275.0,12807.0,80361.0,2009-2010 Maha.csv,Maha,2009-2010,53659.38435055488,26701.61564944512,33.227082352689884,66.77291764731012,Above Expected
MAHAWELI_H,25012.0,0.0,0.0,25012.0,25012.0,0.0,0.0,25012.0,6476.0,0.0,0.0,6476.0,22431.0,145263.0,2009-2010 Maha.csv,Maha,2009-2010,105111.30367770464,40151.696322295364,27.640690555953935,72.35930944404606,Above Expected
COLOMBO,510.0,79.0,2067.0,2656.0,79.0,510.0,2067.0,2656.0,3523.0,3769.0,3059.0,3209.0,2258.0,7244.0,2010 Yala.csv,Yala,2010,12974.89607021565,-5730.896070215649,-79.11231460816744,20.887685391832562,Below Expected
GAMPAHA,2196.0,1636.0,3996.0,7828.0,1634.0,2187.0,3989.0,7810.0,3994.0,3529.0,3648.0,3687.0,6638.0,24475.0,2010 Yala.csv,Yala,2010,27587.497227588367,-3112.4972275883665,-12.71704689515165,87.28295310484835,Below Expected
KALUTARA,1879.0,133.0,10014.0,12025.0,131.0,1874.0,9930.0,11935.0,2248.0,2842.0,2657.0,2682.0,11010.0,29527.0,2010 Yala.csv,Yala,2010,35911.56105344606,-6384.5610534460575,-21.62278949248504,78.37721050751496,Below Expected
GALLE,55.0,85.0,11593.0,11732.0,85.0,54.0,11546.0,11685.0,3509.0,3398.0,2937.0,2943.0,9144.0,26912.0,2010 Yala.csv,Yala,2010,27855.776783399535,-943.7767833995349,-3.506899462691494,96.49310053730851,As Expected
MATARA,3278.0,3700.0,8596.0,15574.0,3683.0,3237.0,8547.0,15467.0,3823.0,3263.0,3297.0,3415.0,12211.0,41703.0,2010 Yala.csv,Yala,2010,41914.000995172886,-211.00099517288618,-0.5059611902570227,99.49403880974297,As Expected
RATNAPURA,6299.0,2148.0,3017.0,11463.0,2147.0,6290.0,3011.0,11449.0,4795.0,3149.0,2475.0,3280.0,9731.0,31922.0,2010 Yala.csv,Yala,2010,37763.79016630315,-5841.790166303152,-18.30020100965839,81.6997989903416,Below Expected
KEGALLE,2322.0,0.0,4894.0,7216.0,0.0,2321.0,4889.0,7209.0,0.0,2923.0,2810.0,2846.0,6754.0,19222.0,2010 Yala.csv,Yala,2010,24203.794071649187,-4981.794071649187,-25.917147391786425,74.08285260821357,Below Expected
KURUNEGALA,23836.0,9160.0,23685.0,56682.0,9160.0,23664.0,23562.0,56386.0,4305.0,4083.0,3782.0,3993.0,56386.0,225159.0,2010 Yala.csv,Yala,2010,211963.37373113845,13195.626268861553,5.860581308702541,94.13941869129746,Above Expected
PUTTALAM,4962.0,4270.0,1344.0,10576.0,3962.0,4395.0,1079.0,9436.0,3700.0,3396.0,3773.0,3567.0,8021.0,28608.0,2010 Yala.csv,Yala,2010,40200.646320989465,-11592.646320989465,-40.52239345983454,59.47760654016546,Below Expected
KANDY,3419.0,3725.0,2978.0,10121.0,3725.0,3409.0,2969.0,10103.0,4187.0,3166.0,3250.0,3567.0,7989.0,28502.0,2010 Yala.csv,Yala,2010,37198.585186279844,-8696.585186279844,-30.512192780435914,69.48780721956409,Below Expected
MATALE,4815.0,5227.0,677.0,10719.0,5227.0,4815.0,676.0,10718.0,4993.0,3690.0,3163.0,4292.0,9639.0,41370.0,2010 Yala.csv,Yala,2010,39898.241000002075,1471.7589999979245,3.5575513657189375,96.44244863428106,As Expected
NUWARAELIYA,2292.0,673.0,65.0,3030.0,673.0,2223.0,64.0,2960.0,4474.0,4456.0,2604.0,4420.0,1668.0,7373.0,2010 Yala.csv,Yala,2010,14637.043997693934,-7264.043997693934,-98.52222972594514,1.477770274054862,Below Expected
BADULLA,4571.0,8019.0,75.0,12665.0,8019.0,4571.0,75.0,12665.0,5016.0,3558.0,3279.0,4480.0,10765.0,48224.0,2010 Yala.csv,Yala,2010,48756.258188026826,-532.2581880268262,-1.1037205292527088,98.89627947074729,As Expected
MONARAGALA,6067.0,6797.0,1152.0,14016.0,6795.0,6009.0,1079.0,13884.0,5093.0,3537.0,2392.0,4210.0,13606.0,57277.0,2010 Yala.csv,Yala,2010,53143.22561474426,4133.77438525574,7.217162884326587,92.78283711567342,Above Expected
JAFFNA,0.0,0.0,0.0,0.0,0.0,0.0,0.0,0.0,0.0,0.0,0.0,0.0,0.0,0.0,2010 Yala.csv,Yala,2010,11409.066412863145,-11409.066412863145,-inf,-inf,Below Expected
KILLINOCHCHI,23.0,1445.0,0.0,1468.0,1445.0,23.0,0.0,1468.0,2581.0,2465.0,0.0,2579.0,1303.0,3360.0,2010 Yala.csv,Yala,2010,24860.046476803476,-21500.046476803476,-639.8823356191511,-539.8823356191511,Below Expected
VAVUNIYA,332.0,502.0,0.0,834.0,502.0,325.0,0.0,827.0,5014.0,4277.0,0.0,4724.0,780.0,3685.0,2010 Yala.csv,Yala,2010,23422.664677957728,-19737.664677957728,-535.6218365795856,-435.62183657958565,Below Expected
MULATIVU,111.0,1072.0,0.0,1183.0,1050.0,100.0,0.0,1150.0,3888.0,3764.0,0.0,3877.0,1085.0,4207.0,2010 Yala.csv,Yala,2010,22843.985609486044,-18636.985609486044,-442.9994202397443,-342.9994202397443,Below Expected
MANNAR,0.0,600.0,0.0,600.0,600.0,0.0,0.0,600.0,3909.0,0.0,0.0,3909.0,573.0,2240.0,2010 Yala.csv,Yala,2010,17016.350144183765,-14776.350144183765,-659.6584885796324,-559.6584885796324,Below Expected
ANURADHAPURA,8590.0,14204.0,92.0,22887.0,14199.0,8516.0,92.0,22808.0,5140.0,4477.0,3766.0,4887.0,18340.0,89625.0,2010 Yala.csv,Yala,2010,129578.76397330381,-39953.76397330381,-44.57881614873507,55.42118385126493,Below Expected
POLONNARUWA,2395.0,55906.0,0.0,58301.0,55906.0,2395.0,0.0,58300.0,5121.0,4474.0,0.0,5095.0,51572.0,262738.0,2010 Yala.csv,Yala,2010,241509.38164386016,21228.618356139836,8.079767051640735,91.92023294835927,Above Expected
TRINCOMALEE,1086.0,12030.0,0.0,13116.0,12013.0,1046.0,0.0,13059.0,4869.0,4670.0,0.0,4853.0,12132.0,58879.0,2010 Yala.csv,Yala,2010,57894.03069261641,984.9693073835879,1.6728703058536794,98.32712969414632,As Expected
BATTICALOA,2580.0,17999.0,322.0,20901.0,17992.0,2580.0,322.0,20894.0,4051.0,3725.0,3869.0,4008.0,18441.0,73906.0,2010 Yala.csv,Yala,2010,81965.38984496826,-8059.38984496826,-10.904919553173302,89.0950804468267,Below Expected
AMPARA,1656.0,57516.0,83.0,59255.0,57457.0,1656.0,83.0,59196.0,4903.0,3996.0,4408.0,4877.0,56574.0,275913.0,2010 Yala.csv,Yala,2010,217438.97105221997,58474.028947780025,21.1929227502075,78.8070772497925,Above Expected
HAMBANTOTA,3539.0,19460.0,1256.0,24255.0,19460.0,3529.0,1255.0,24244.0,5338.0,4373.0,3730.0,5114.0,21182.0,108332.0,2010 Yala.csv,Yala,2010,106733.55229527841,1598.4477047215914,1.4755083490765346,98.52449165092347,As Expected
UDA_WALAWE,0.0,14317.0,0.0,14317.0,14317.0,0.0,0.0,14317.0,6526.0,0.0,0.0,6526.0,14030.0,91555.0,2010 Yala.csv,Yala,2010,53926.118503863625,37628.881496136375,41.09975588022104,58.90024411977896,Above Expected
MAHAWELI_H,0.0,15824.0,0.0,15824.0,15824.0,0.0,0.0,15824.0,5574.0,0.0,0.0,5574.0,14191.0,79097.0,2010 Yala.csv,Yala,2010,60134.66294349633,18962.337056503668,23.973522455344284,76.02647754465572,Above Expected
COLOMBO,102.0,972.0,3577.0,4651.0,100.0,967.0,3558.0,4625.0,3070.0,2684.0,2702.0,2706.0,3931.0,10639.0,2010-2011 Maha.csv,Maha,2010-2011,14948.274621235632,-4309.274621235632,-40.50450814207757,59.49549185792243,Below Expected
GAMPAHA,1928.0,3298.0,7814.0,13041.0,1924.0,3295.0,7812.0,13032.0,3401.0,3221.0,2910.0,3061.0,11077.0,33905.0,2010-2011 Maha.csv,Maha,2010-2011,37741.206461443195,-3836.2064614431947,-11.314574432806946,88.68542556719305,Below Expected
KALUTARA,130.0,2167.0,12727.0,15024.0,130.0,2151.0,12723.0,15005.0,3098.0,3020.0,2898.0,2917.0,13842.0,40382.0,2010-2011 Maha.csv,Maha,2010-2011,42749.82424990486,-2367.8242499048574,-5.863563592454206,94.1364364075458,Below Expected
KANDY,4164.0,5738.0,3926.0,13828.0,4155.0,5508.0,3193.0,12856.0,3699.0,3106.0,2394.0,3121.0,10167.0,31730.0,2010-2011 Maha.csv,Maha,2010-2011,40021.87346262545,-8291.873462625452,-26.13259836944674,73.86740163055326,Below Expected
MATALE,6360.0,8664.0,4790.0,19814.0,6321.0,8488.0,4756.0,19565.0,4204.0,3216.0,3477.0,3599.0,17595.0,63319.0,2010-2011 Maha.csv,Maha,2010-2011,65993.97121048151,-2674.9712104815117,-4.224594845909619,95.77540515409038,As Expected
NUWARAELIYA,1100.0,4287.0,197.0,5584.0,1100.0,4276.0,196.0,5572.0,4094.0,3786.0,3786.0,3847.0,3140.0,12077.0,2010-2011 Maha.csv,Maha,2010-2011,16241.43586980283,-4164.43586980283,-34.48237037180451,65.5176296281955,Below Expected
GALLE,88.0,142.0,16466.0,16697.0,88.0,142.0,16442.0,16673.0,3888.0,3888.0,2955.0,2968.0,13048.0,38731.0,2010-2011 Maha.csv,Maha,2010-2011,41260.89794050451,-2529.89794050451,-6.531971651918386,93.46802834808162,Below Expected
MATARA,3725.0,3301.0,8899.0,15925.0,3203.0,3160.0,8152.0,14515.0,3737.0,3417.0,3393.0,3474.0,11460.0,39811.0,2010-2011 Maha.csv,Maha,2010-2011,44153.383777546806,-4342.3837775468055,-10.907497368935234,89.09250263106476,Below Expected
HAMBANTOTA,29686.0,4789.0,1609.0,36084.0,29487.0,4449.0,1524.0,35460.0,6120.0,4175.0,3818.0,5779.0,30982.0,179043.0,2010-2011 Maha.csv,Maha,2010-2011,133394.11467471856,45648.885325281444,25.496045824344684,74.50395417565531,Above Expected
JAFFNA,0.0,0.0,9221.0,9221.0,0.0,0.0,8636.0,8636.0,0.0,0.0,2659.0,2659.0,7664.0,20381.0,2010-2011 Maha.csv,Maha,2010-2011,18411.804909959927,1969.1950900400734,9.661915951327577,90.33808404867243,Above Expected
KILLINOCHCHI,11670.0,597.0,7957.0,20224.0,6232.0,510.0,5462.0,12204.0,3106.0,2992.0,2553.0,2854.0,10830.0,30907.0,2010-2011 Maha.csv,Maha,2010-2011,59984.40261648964,-29077.402616489642,-94.08031389811254,5.919686101887464,Below Expected
MANNAR,9882.0,1766.0,45.0,11693.0,9289.0,1660.0,43.0,10992.0,4157.0,3158.0,2788.0,4001.0,10495.0,41990.0,2010-2011 Maha.csv,Maha,2010-2011,39984.39626371748,2005.6037362825227,4.776384225488266,95.22361577451173,As Expected
VAVUNIYA,3632.0,9445.0,612.0,13689.0,3144.0,8876.0,571.0,12591.0,4359.0,4095.0,3616.0,4139.0,11880.0,49171.0,2010-2011 Maha.csv,Maha,2010-2011,37331.88092668186,11839.119073318143,24.07744213727226,75.92255786272774,Above Expected
MULATIVU,3681.0,4112.0,2960.0,10753.0,2157.0,2855.0,1765.0,6778.0,2472.0,2450.0,2444.0,2456.0,6395.0,15703.0,2010-2011 Maha.csv,Maha,2010-2011,34148.00845003667,-18445.008450036672,-117.46168534698256,-17.461685346982563,Below Expected
BATTICALOA,22439.0,2415.0,34665.0,59520.0,7049.0,45.0,7330.0,14424.0,2345.0,2485.0,2450.0,2399.0,12731.0,30539.0,2010-2011 Maha.csv,Maha,2010-2011,163242.7825537191,-132703.7825537191,-434.53872934188774,-334.53872934188774,Below Expected
AMPARA,59170.0,2514.0,9136.0,70819.0,33549.0,1243.0,4890.0,39682.0,3516.0,2386.0,2321.0,3333.0,37924.0,126409.0,2010-2011 Maha.csv,Maha,2010-2011,213932.3263147392,-87523.32631473921,-69.23820797153621,30.761792028463788,Below Expected
TRINCOMALEE,17484.0,5615.0,7231.0,30331.0,14109.0,4615.0,4467.0,23191.0,2444.0,2364.0,2235.0,2388.0,21544.0,51451.0,2010-2011 Maha.csv,Maha,2010-2011,88668.50416052213,-37217.504160522134,-72.33582274498481,27.66417725501519,Below Expected
KURUNEGALA,15652.0,35592.0,30020.0,81263.0,15474.0,35137.0,29596.0,80206.0,3581.0,3324.0,3177.0,3319.0,80206.0,266234.0,2010-2011 Maha.csv,Maha,2010-2011,260043.57578462453,6190.424215375475,2.3251816880546716,97.67481831194533,As Expected
PUTTALAM,7489.0,10493.0,2271.0,20253.0,7004.0,10198.0,2171.0,19373.0,3951.0,3495.0,3331.0,3641.0,16467.0,59959.0,2010-2011 Maha.csv,Maha,2010-2011,63135.34925620586,-3176.34925620586,-5.297535409539619,94.70246459046038,Below Expected
ANURADHAPURA,54339.0,48752.0,10022.0,113113.0,51813.0,45176.0,8599.0,105587.0,4998.0,4071.0,3281.0,4463.0,84903.0,378939.0,2010-2011 Maha.csv,Maha,2010-2011,283732.13997877564,95206.86002122436,25.12458734023797,74.87541265976203,Above Expected
POLONNARUWA,60379.0,2819.0,2198.0,65396.0,55404.0,2600.0,2142.0,60145.0,3892.0,3704.0,2399.0,3831.0,53204.0,203822.0,2010-2011 Maha.csv,Maha,2010-2011,239404.01806449762,-35582.01806449762,-17.45739815353476,82.54260184646523,Below Expected
BADULLA,11075.0,10742.0,5915.0,27733.0,10651.0,10758.0,5766.0,27175.0,3636.0,3407.0,2594.0,3324.0,23099.0,76787.0,2010-2011 Maha.csv,Maha,2010-2011,81043.77067972695,-4256.770679726949,-5.543608527129526,94.45639147287048,Below Expected
MONARAGALA,9589.0,9269.0,11729.0,30587.0,9580.0,9236.0,11729.0,30544.0,5379.0,3946.0,3111.0,4077.0,29934.0,122027.0,2010-2011 Maha.csv,Maha,2010-2011,95926.24010823453,26100.75989176547,21.389331780479296,78.6106682195207,Above Expected
RATNAPURA,5014.0,7379.0,4202.0,16595.0,5014.0,7256.0,4191.0,16461.0,5231.0,2753.0,2795.0,3519.0,13992.0,49242.0,2010-2011 Maha.csv,Maha,2010-2011,43635.464374517534,5606.535625482466,11.385678131437524,88.61432186856247,Above Expected
KEGALLE,0.0,2689.0,5523.0,8212.0,0.0,2688.0,5511.0,8199.0,0.0,3622.0,2686.0,2993.0,7681.0,22985.0,2010-2011 Maha.csv,Maha,2010-2011,24715.834413047265,-1730.8344130472651,-7.530278064160388,92.46972193583962,Below Expected
COLOMBO,81.0,440.0,1857.0,2378.0,80.0,434.0,1829.0,2343.0,3441.0,3364.0,2893.0,2999.0,1991.0,5970.0,2011 Yala.csv,Yala,2011,10084.475750991367,-4114.475750991367,-68.91919180890062,31.08080819109938,Below Expected
GAMPAHA,1477.0,1455.0,2529.0,5461.0,1471.0,1453.0,2525.0,5449.0,3802.0,3488.0,3148.0,3415.0,4632.0,15820.0,2011 Yala.csv,Yala,2011,21806.860394616357,-5986.860394616357,-37.84361817077343,62.15638182922657,Below Expected
KALUTARA,113.0,1808.0,9578.0,11499.0,113.0,1781.0,9500.0,11394.0,2596.0,2451.0,2424.0,2430.0,10510.0,25538.0,2011 Yala.csv,Yala,2011,34648.76676415284,-9110.766764152839,-35.67533387169253,64.32466612830747,Below Expected
KANDY,3714.0,3122.0,2291.0,9127.0,3639.0,3059.0,2245.0,8943.0,4411.0,3492.0,2977.0,3737.0,6999.0,26154.0,2011 Yala.csv,Yala,2011,33542.1598335198,-7388.1598335198,-28.248680253574214,71.75131974642579,Below Expected
MATALE,5055.0,4943.0,720.0,10718.0,4984.0,4908.0,715.0,10607.0,4839.0,3689.0,3286.0,4202.0,8374.0,35191.0,2011 Yala.csv,Yala,2011,38234.047586500805,-3043.0475865008048,-8.647232492685076,91.35276750731492,Below Expected
NUWARAELIYA,666.0,2215.0,65.0,2946.0,662.0,2195.0,64.0,2921.0,4302.0,4209.0,3190.0,4208.0,1645.0,6923.0,2011 Yala.csv,Yala,2011,13712.885968216056,-6789.885968216056,-98.07722039890302,1.9227796010969769,Below Expected
GALLE,70.0,24.0,10466.0,10560.0,70.0,24.0,10451.0,10545.0,3533.0,3122.0,2919.0,2924.0,8253.0,24130.0,2011 Yala.csv,Yala,2011,28695.107433484613,-4565.107433484613,-18.918804117217626,81.08119588278237,Below Expected
MATARA,3574.0,3210.0,8617.0,15401.0,3574.0,3206.0,8592.0,15372.0,3831.0,3275.0,3086.0,3299.0,12137.0,40036.0,2011 Yala.csv,Yala,2011,40450.49803549895,-414.49803549895296,-1.0353133067712883,98.96468669322871,As Expected
HAMBANTOTA,19796.0,4176.0,1367.0,25339.0,19753.0,4144.0,1363.0,25260.0,5345.0,4090.0,3633.0,5047.0,22070.0,111387.0,2011 Yala.csv,Yala,2011,106996.93387976242,4390.066120237578,3.941273326544011,96.058726673456,As Expected
JAFFNA,0.0,0.0,0.0,0.0,0.0,0.0,0.0,0.0,0.0,0.0,0.0,0.0,0.0,0.0,2011 Yala.csv,Yala,2011,8658.05289981872,-8658.05289981872,-inf,-inf,Below Expected
KILLINOCHCHI,6295.0,223.0,0.0,6518.0,6278.0,223.0,0.0,6501.0,2622.0,2434.0,0.0,2616.0,5769.0,15090.0,2011 Yala.csv,Yala,2011,28241.442109551397,-13151.442109551397,-87.153360566941,12.846639433058996,Below Expected
MANNAR,1767.0,51.0,0.0,1818.0,1749.0,50.0,0.0,1799.0,3873.0,2740.0,0.0,3842.0,1718.0,6601.0,2011 Yala.csv,Yala,2011,14793.646048204319,-8192.646048204319,-124.11219585220903,-24.112195852209027,Below Expected
VAVUNIYA,1418.0,2845.0,9.0,4272.0,1418.0,2845.0,9.0,4272.0,4752.0,3854.0,3305.0,4151.0,4043.0,16781.0,2011 Yala.csv,Yala,2011,23418.690227267532,-6637.6902272675325,-39.55479546670361,60.44520453329639,Below Expected
MULATIVU,2656.0,777.0,0.0,3433.0,2603.0,768.0,0.0,3371.0,3720.0,3498.0,0.0,3669.0,3180.0,11668.0,2011 Yala.csv,Yala,2011,21340.297689989504,-9672.297689989504,-82.89593495020144,17.104065049798564,Below Expected
BATTICALOA,19516.0,1560.0,623.0,21699.0,19516.0,1560.0,623.0,21699.0,4132.0,3197.0,2940.0,4031.0,19152.0,77196.0,2011 Yala.csv,Yala,2011,80195.11056090277,-2999.1105609027727,-3.885059537933018,96.11494046206698,As Expected
AMPARA,59303.0,1709.0,892.0,61904.0,59303.0,1709.0,892.0,61904.0,4919.0,3677.0,3360.0,4863.0,59161.0,287675.0,2011 Yala.csv,Yala,2011,224092.57895785186,63582.42104214814,22.10217121479035,77.89782878520965,Above Expected
TRINCOMALEE,16504.0,2010.0,0.0,18514.0,16246.0,2010.0,0.0,18256.0,4807.0,3931.0,0.0,4710.0,16960.0,79890.0,2011 Yala.csv,Yala,2011,76898.50645042931,2991.4935495706886,3.7445156459765787,96.25548435402342,As Expected
KURUNEGALA,12108.0,31732.0,24779.0,68619.0,12084.0,31500.0,23874.0,67458.0,4280.0,3860.0,3358.0,3758.0,67458.0,253478.0,2011 Yala.csv,Yala,2011,219152.9759352606,34325.02406473941,13.541618627549298,86.4583813724507,Above Expected
PUTTALAM,7718.0,8624.0,1179.0,17521.0,7621.0,8432.0,1141.0,17194.0,4133.0,3337.0,3242.0,3684.0,14614.0,53833.0,2011 Yala.csv,Yala,2011,56951.29210903861,-3118.292109038608,-5.792528948857779,94.20747105114222,Below Expected
ANURADHAPURA,27980.0,26433.0,58.0,54471.0,27956.0,25929.0,58.0,53943.0,5064.0,4475.0,0.0,4775.0,43375.0,207127.0,2011 Yala.csv,Yala,2011,212736.88845925045,-5609.888459250447,-2.70842934974699,97.291570650253,As Expected
POLONNARUWA,58810.0,2856.0,0.0,61666.0,58810.0,2795.0,0.0,61605.0,5075.0,4028.0,0.0,5028.0,54496.0,273981.0,2011 Yala.csv,Yala,2011,249290.36746931958,24690.63253068042,9.011804661885467,90.98819533811454,Above Expected
BADULLA,8414.0,4738.0,27.0,13179.0,8414.0,4708.0,27.0,13149.0,4972.0,3373.0,2785.0,4395.0,11177.0,49123.0,2011 Yala.csv,Yala,2011,46262.16021292534,2860.839787074663,5.823829544357354,94.17617045564265,Above Expected
MONARAGALA,6714.0,7187.0,1863.0,15764.0,6710.0,7041.0,1805.0,15556.0,4944.0,3719.0,2647.0,4123.0,15245.0,62853.0,2011 Yala.csv,Yala,2011,54911.037627819685,7941.962372180315,12.635772949867652,87.36422705013234,Above Expected
RATNAPURA,2086.0,6646.0,3002.0,11734.0,2086.0,6218.0,2997.0,11301.0,4807.0,3198.0,2518.0,3315.0,9606.0,31841.0,2011 Yala.csv,Yala,2011,36276.55645885282,-4435.556458852821,-13.930330262406398,86.0696697375936,Below Expected
KEGALLE,0.0,2230.0,4794.0,7024.0,0.0,2216.0,4787.0,7003.0,0.0,2956.0,2663.0,2756.0,6560.0,18077.0,2011 Yala.csv,Yala,2011,22319.20994995895,-4242.209949958949,-23.467444542562095,76.53255545743791,Below Expected
UDA_WALAWE,13882.0,0.0,0.0,13882.0,13882.0,0.0,0.0,13882.0,6532.0,0.0,0.0,6532.0,11799.0,77075.0,2011 Yala.csv,Yala,2011,53571.28647590187,23503.71352409813,30.494600744856477,69.50539925514352,Above Expected
MAHAWELI_H,17558.0,0.0,0.0,17558.0,17558.0,0.0,0.0,17558.0,5373.0,0.0,0.0,5373.0,15746.0,84603.0,2011 Yala.csv,Yala,2011,71270.84646040852,13332.153539591483,15.75848792547721,84.24151207452279,Above Expected
COLOMBO,105.0,2114.0,2398.0,4617.0,105.0,2114.0,2397.0,4616.0,3564.0,3504.0,3450.0,3477.0,3924.0,13644.0,2011-2012 Maha.csv,Maha,2011-2012,23492.34728928013,-9848.34728928013,-72.18079221108275,27.819207788917254,Below Expected
GAMPAHA,1530.0,2513.0,6290.0,10333.0,1530.0,2513.0,6290.0,10333.0,3565.0,3479.0,3416.0,3453.0,8783.0,30332.0,2011-2012 Maha.csv,Maha,2011-2012,43269.98162201356,-12937.981622013562,-42.65456159176303,57.34543840823697,Below Expected
KALUTARA,115.0,2094.0,11942.0,14151.0,114.0,2094.0,11866.0,14074.0,3518.0,3452.0,3350.0,3367.0,12983.0,43713.0,2011-2012 Maha.csv,Maha,2011-2012,50726.55329269977,-7013.553292699769,-16.044548058243016,83.95545194175699,Below Expected
KANDY,4158.0,5522.0,3619.0,13299.0,4158.0,5494.0,3044.0,12697.0,5042.0,3864.0,3530.0,4169.0,10040.0,41863.0,2011-2012 Maha.csv,Maha,2011-2012,49152.4526149515,-7289.4526149515,-17.4126379259764,82.5873620740236,Below Expected
MATALE,6234.0,8308.0,4635.0,19177.0,6234.0,8290.0,4561.0,19086.0,4947.0,4117.0,4101.0,4384.0,17164.0,75244.0,2011-2012 Maha.csv,Maha,2011-2012,74147.29907763701,1096.7009223629866,1.457526078309216,98.54247392169079,As Expected
NUWARAELIYA,1073.0,4212.0,197.0,5482.0,1073.0,4206.0,196.0,5475.0,4227.0,3967.0,3539.0,4002.0,3085.0,12348.0,2011-2012 Maha.csv,Maha,2011-2012,24323.76814417144,-11975.768144171441,-96.98548869591384,3.014511304086156,Below Expected
GALLE,88.0,109.0,15771.0,15968.0,88.0,109.0,15720.0,15917.0,3891.0,3766.0,3426.0,3431.0,12457.0,42740.0,2011-2012 Maha.csv,Maha,2011-2012,47474.98158396914,-4734.981583969136,-11.078571792159888,88.92142820784011,Below Expected
MATARA,3621.0,3156.0,8419.0,15196.0,3620.0,3153.0,8404.0,15177.0,4028.0,3615.0,3505.0,3653.0,11982.0,43767.0,2011-2012 Maha.csv,Maha,2011-2012,54139.049665845705,-10372.049665845705,-23.698333598020664,76.30166640197933,Below Expected
HAMBANTOTA,20546.0,4652.0,1561.0,26759.0,19917.0,4627.0,1557.0,26102.0,5450.0,4546.0,3921.0,5198.0,22805.0,118551.0,2011-2012 Maha.csv,Maha,2011-2012,118338.60885099461,212.39114900538698,0.17915593205066763,99.82084406794934,As Expected
JAFFNA,0.0,0.0,8755.0,8755.0,0.0,0.0,8668.0,8668.0,0.0,0.0,2680.0,2680.0,7692.0,20611.0,2011-2012 Maha.csv,Maha,2011-2012,27072.140845828413,-6461.140845828413,-31.34802215238665,68.65197784761335,Below Expected
KILLINOCHCHI,10207.0,179.0,10490.0,20876.0,10176.0,178.0,10124.0,20478.0,3313.0,3136.0,2803.0,3059.0,18172.0,55591.0,2011-2012 Maha.csv,Maha,2011-2012,71303.76376431002,-15712.763764310017,-28.26494174292604,71.73505825707396,Below Expected
MANNAR,11730.0,1667.0,19.0,13416.0,11730.0,1667.0,19.0,13416.0,5012.0,3312.0,2830.0,4798.0,12810.0,61459.0,2011-2012 Maha.csv,Maha,2011-2012,53409.27917578117,8049.720824218828,13.097708755786504,86.9022912442135,Above Expected
VAVUNIYA,3719.0,10824.0,1451.0,15994.0,3716.0,10664.0,1332.0,15713.0,4461.0,3912.0,3091.0,3972.0,14825.0,58888.0,2011-2012 Maha.csv,Maha,2011-2012,50253.13432631212,8634.865673687877,14.663200777217561,85.33679922278245,Above Expected
MULATIVU,5546.0,2580.0,1601.0,9727.0,5546.0,2580.0,1593.0,9720.0,3082.0,2904.0,2835.0,2994.0,9171.0,27460.0,2011-2012 Maha.csv,Maha,2011-2012,44025.60637644801,-16565.606376448013,-60.32631601037149,39.67368398962851,Below Expected
BATTICALOA,22300.0,2403.0,34767.0,59470.0,22300.0,2288.0,27527.0,52115.0,4130.0,3853.0,3402.0,3733.0,45996.0,171715.0,2011-2012 Maha.csv,Maha,2011-2012,178002.15502622593,-6287.155026225926,-3.6613895269638217,96.33861047303618,As Expected
AMPARA,59562.0,2938.0,9377.0,71877.0,59562.0,2938.0,9377.0,71877.0,5284.0,4366.0,3596.0,5026.0,68693.0,345264.0,2011-2012 Maha.csv,Maha,2011-2012,251320.52986249205,93943.47013750795,27.209170413801598,72.7908295861984,Above Expected
TRINCOMALEE,17198.0,5622.0,7341.0,30161.0,17198.0,5622.0,7341.0,30160.0,4822.0,4630.0,3582.0,4484.0,28019.0,125644.0,2011-2012 Maha.csv,Maha,2011-2012,97466.51793315148,28177.48206684852,22.42644461084375,77.57355538915625,Above Expected
KURUNEGALA,11019.0,25654.0,25948.0,62621.0,10992.0,24090.0,21636.0,56718.0,4957.0,3805.0,3557.0,3934.0,56718.0,223110.0,2011-2012 Maha.csv,Maha,2011-2012,235979.77139777594,-12869.771397775941,-5.768352560519896,94.2316474394801,Below Expected
PUTTALAM,4688.0,6996.0,1497.0,13181.0,4565.0,6366.0,1158.0,12089.0,4548.0,3843.0,3605.0,4087.0,10275.0,41991.0,2011-2012 Maha.csv,Maha,2011-2012,53912.37576656107,-11921.375766561068,-28.390311653833127,71.60968834616688,Below Expected
ANURADHAPURA,31168.0,48277.0,9808.0,89253.0,31168.0,48260.0,9437.0,88865.0,5194.0,5044.0,3970.0,4982.0,71456.0,356020.0,2011-2012 Maha.csv,Maha,2011-2012,280312.8672019307,75707.13279806927,21.264853884070916,78.73514611592908,Above Expected
POLONNARUWA,59426.0,2862.0,2224.0,64512.0,59401.0,2862.0,2224.0,64487.0,5150.0,4624.0,3960.0,5086.0,57045.0,290130.0,2011-2012 Maha.csv,Maha,2011-2012,249402.2625399144,40727.7374600856,14.037754613478647,85.96224538652135,Above Expected
BADULLA,11043.0,10658.0,5851.0,27552.0,11043.0,10383.0,5794.0,27221.0,5042.0,4337.0,3823.0,4514.0,23138.0,104433.0,2011-2012 Maha.csv,Maha,2011-2012,91157.83675562103,13275.163244378971,12.711655553684153,87.28834444631585,Above Expected
MONARAGALA,7728.0,9299.0,14958.0,31985.0,7728.0,9299.0,14958.0,31986.0,5210.0,4117.0,3855.0,4258.0,31346.0,133486.0,2011-2012 Maha.csv,Maha,2011-2012,112340.01721978019,21145.982780219812,15.841348740856578,84.15865125914343,Above Expected
RATNAPURA,2027.0,7025.0,3896.0,12948.0,2027.0,7014.0,3891.0,12933.0,4544.0,3165.0,3117.0,3367.0,10993.0,37011.0,2011-2012 Maha.csv,Maha,2011-2012,49452.20617891396,-12441.206178913963,-33.614887949296055,66.38511205070395,Below Expected
KEGALLE,0.0,2415.0,4688.0,7103.0,0.0,2395.0,4657.0,7052.0,0.0,3772.0,3555.0,3629.0,6606.0,23970.0,2011-2012 Maha.csv,Maha,2011-2012,33256.022250393864,-9286.022250393864,-38.74018460740035,61.25981539259965,Below Expected
UDAWALAWE,13447.0,0.0,0.0,13447.0,13447.0,0.0,0.0,13447.0,6399.0,0.0,0.0,6399.0,13178.0,84318.0,2011-2012 Maha.csv,Maha,2011-2012,55946.415050308686,28371.584949691314,33.64831346769529,66.35168653230471,Above Expected
MAHAWELI_H,24215.0,0.0,0.0,24215.0,24215.0,0.0,0.0,24215.0,6155.0,0.0,0.0,6155.0,21716.0,133657.0,2011-2012 Maha.csv,Maha,2011-2012,108574.02286006488,25082.977139935116,18.76667674714764,81.23332325285236,Above Expected
COLOMBO,187.0,56.0,667.0,910.0,56.0,187.0,663.0,906.0,3196.0,3195.0,2931.0,3002.0,771.0,2314.0,2012 Yala.csv,Yala,2012,9391.189982012198,-7077.189982012198,-305.84226369974925,-205.84226369974925,Below Expected
GAMPAHA,1056.0,1184.0,1331.0,3571.0,1182.0,1051.0,1325.0,3558.0,3744.0,3148.0,2912.0,3258.0,3024.0,9854.0,2012 Yala.csv,Yala,2012,21263.004859686163,-11409.004859686163,-115.78044306561968,-15.780443065619679,Below Expected
KALUTARA,1053.0,72.0,6107.0,7232.0,72.0,1053.0,6091.0,7216.0,2693.0,2585.0,2362.0,2398.0,6656.0,15960.0,2012 Yala.csv,Yala,2012,26319.87341436155,-10359.873414361551,-64.91148755865633,35.08851244134367,Below Expected
KANDY,2008.0,3053.0,497.0,5558.0,3053.0,1876.0,460.0,5389.0,3942.0,3460.0,2389.0,3642.0,4217.0,15358.0,2012 Yala.csv,Yala,2012,27032.20632917798,-11674.206329177981,-76.01384509166546,23.98615490833454,Below Expected
MATALE,2936.0,2100.0,602.0,5638.0,2001.0,2681.0,478.0,5160.0,4442.0,3200.0,3246.0,3686.0,4075.0,15018.0,2012 Yala.csv,Yala,2012,28502.816615225544,-13484.816615225544,-89.79102820099575,10.208971799004246,Below Expected
NUWARAELIYA,968.0,159.0,17.0,1144.0,159.0,964.0,16.0,1139.0,3569.0,3014.0,2699.0,3087.0,641.0,1980.0,2012 Yala.csv,Yala,2012,12411.537905043098,-10431.537905043098,-526.8453487395504,-426.84534873955045,Below Expected
GALLE,6.0,4.0,4202.0,4212.0,4.0,6.0,4167.0,4177.0,3075.0,3075.0,3075.0,3075.0,3269.0,10051.0,2012 Yala.csv,Yala,2012,19834.96515922322,-9783.965159223219,-97.34320126577673,2.6567987342232726,Below Expected
MATARA,2730.0,3015.0,6731.0,12476.0,3010.0,2728.0,6296.0,12034.0,3602.0,2845.0,2875.0,3050.0,9501.0,28977.0,2012 Yala.csv,Yala,2012,35570.57247613964,-6593.572476139641,-22.754503489455917,77.24549651054409,Below Expected
HAMBANTOTA,3726.0,16691.0,986.0,21403.0,16608.0,3255.0,662.0,20525.0,5208.0,3905.0,2642.0,4919.0,17933.0,88203.0,2012 Yala.csv,Yala,2012,97526.83462499395,-9323.83462499395,-10.570881517628596,89.42911848237141,Below Expected
JAFFNA,0.0,0.0,0.0,0.0,0.0,0.0,0.0,0.0,0.0,0.0,0.0,0.0,0.0,0.0,2012 Yala.csv,Yala,2012,8942.887883605667,-8942.887883605667,-inf,-inf,Below Expected
MANNAR,6.0,2195.0,0.0,2201.0,1850.0,0.0,0.0,1850.0,3759.0,3638.0,0.0,3759.0,1642.0,6171.0,2012 Yala.csv,Yala,2012,15144.164255233929,-8973.164255233929,-145.4085926954129,-45.40859269541289,Below Expected
VAVUNIYA,417.0,739.0,0.0,1156.0,444.0,300.0,0.0,744.0,3964.0,3527.0,0.0,3788.0,711.0,2692.0,2012 Yala.csv,Yala,2012,19523.014701905806,-16831.014701905806,-625.2234287483583,-525.2234287483583,Below Expected
MULATIVU,500.0,2088.0,0.0,2588.0,2082.0,500.0,0.0,2582.0,3638.0,3391.0,0.0,3590.0,2443.0,8772.0,2012 Yala.csv,Yala,2012,20775.005044521928,-12003.005044521928,-136.83316284224725,-36.83316284224725,Below Expected
KILLINOCHCHI,15.0,5756.0,0.0,5771.0,4797.0,11.0,0.0,4808.0,4033.0,3609.0,0.0,4032.0,4537.0,18293.0,2012 Yala.csv,Yala,2012,24734.137930857767,-6441.137930857767,-35.21094369899834,64.78905630100166,Below Expected
BATTICALOA,2444.0,19123.0,2320.0,23887.0,19123.0,2444.0,2320.0,23887.0,4031.0,3735.0,3665.0,3965.0,21083.0,83599.0,2012 Yala.csv,Yala,2012,77367.58148256398,6231.418517436017,7.453939063189771,92.54606093681024,Above Expected
AMPARA,1807.0,58474.0,583.0,60864.0,57503.0,1671.0,575.0,59749.0,4772.0,3625.0,3617.0,4729.0,57103.0,270027.0,2012 Yala.csv,Yala,2012,211552.66139502687,58474.338604973134,21.654996946591687,78.3450030534083,Above Expected
TRINCOMALEE,1412.0,14695.0,0.0,16107.0,14573.0,1373.0,0.0,15946.0,4473.0,4260.0,0.0,4455.0,14813.0,65988.0,2012 Yala.csv,Yala,2012,60684.46951363619,5303.530486363808,8.037113545438276,91.96288645456173,Above Expected
KURUNEGALA,17416.0,8914.0,15187.0,41517.0,4776.0,6360.0,4017.0,15153.0,4252.0,3119.0,2880.0,3413.0,15153.0,51712.0,2012 Yala.csv,Yala,2012,133396.029230391,-81684.029230391,-157.95952434713604,-57.95952434713604,Below Expected
PUTTALAM,2400.0,3496.0,445.0,6341.0,3145.0,1138.0,183.0,4466.0,3881.0,2897.0,2707.0,3582.0,3797.0,13600.0,2012 Yala.csv,Yala,2012,28323.539575618553,-14723.539575618553,-108.26132040895995,-8.261320408959946,Below Expected
ANURADHAPURA,10062.0,16506.0,0.0,26568.0,14304.0,7796.0,0.0,22100.0,4241.0,3696.0,0.0,4049.0,17771.0,71951.0,2012 Yala.csv,Yala,2012,126303.60879932962,-54352.608799329624,-75.54114438900032,24.458855610999677,Below Expected
POLONNARUWA,2559.0,50893.0,0.0,53452.0,43396.0,2118.0,0.0,45514.0,4252.0,3119.0,0.0,4199.0,40262.0,169071.0,2012 Yala.csv,Yala,2012,232947.14471071507,-63876.144710715074,-37.78066298224715,62.21933701775285,Below Expected
BADULLA,3898.0,7744.0,34.0,11676.0,7672.0,3784.0,34.0,11490.0,4534.0,3563.0,2585.0,4208.0,9766.0,41101.0,2012 Yala.csv,Yala,2012,44553.68318446111,-3452.683184461108,-8.400484621934035,91.59951537806596,Below Expected
MONARAGALA,5653.0,6790.0,1025.0,13468.0,6598.0,4520.0,590.0,11708.0,4781.0,2919.0,2677.0,3956.0,11474.0,45392.0,2012 Yala.csv,Yala,2012,48239.79331762157,-2847.7933176215665,-6.273778017319278,93.72622198268073,Below Expected
RATNAPURA,5378.0,2046.0,2319.0,9743.0,1982.0,5102.0,2038.0,9122.0,4499.0,3307.0,2776.0,3447.0,7753.0,26729.0,2012 Yala.csv,Yala,2012,33152.99037897584,-6423.990378975839,-24.03378494884148,75.96621505115851,Below Expected
KEGALLE,1002.0,0.0,1880.0,2882.0,0.0,819.0,1456.0,2275.0,0.0,2864.0,2652.0,2728.0,2131.0,5814.0,2012 Yala.csv,Yala,2012,18659.49804460755,-12845.49804460755,-220.94079884085912,-120.94079884085912,Below Expected
UDA_WALAWE,0.0,11644.0,0.0,11644.0,11644.0,0.0,0.0,11644.0,5052.0,0.0,0.0,5052.0,9898.0,50004.0,2012 Yala.csv,Yala,2012,50613.06128758653,-609.0612875865336,-1.2180251331624141,98.78197486683759,As Expected
MAHAWELI_H,0.0,12533.0,0.0,12533.0,2172.0,0.0,0.0,2172.0,5316.0,0.0,0.0,5316.0,1948.0,10355.0,2012 Yala.csv,Yala,2012,49644.81720460014,-39289.81720460014,-379.42846165717185,-279.42846165717185,Below Expected
COLOMBO,87.0,973.0,3002.0,4062.0,87.0,973.0,3002.0,4062.0,3508.0,3692.0,3568.0,3597.0,3453.0,12418.0,2012-2013 Maha.csv,Maha,2012-2013,21113.692876631412,-8695.692876631412,-70.02490639902894,29.975093600971064,Below Expected
GAMPAHA,1758.0,3388.0,6030.0,11176.0,1758.0,3380.0,6015.0,11153.0,3959.0,3955.0,3573.0,3750.0,9480.0,35547.0,2012-2013 Maha.csv,Maha,2012-2013,40982.83715591406,-5435.837155914058,-15.291971631682161,84.70802836831784,Below Expected
KALUTARA,93.0,2321.0,11224.0,13638.0,93.0,2310.0,11179.0,13582.0,3250.0,3249.0,3073.0,3105.0,12529.0,38898.0,2012-2013 Maha.csv,Maha,2012-2013,45101.465799254336,-6203.465799254336,-15.948032801826152,84.05196719817386,Below Expected
KANDY,4089.0,5462.0,2441.0,11992.0,4089.0,5426.0,2430.0,11944.0,4845.0,3709.0,3295.0,4013.0,9446.0,37909.0,2012-2013 Maha.csv,Maha,2012-2013,45902.81341333683,-7993.813413336829,-21.086848540813076,78.91315145918692,Below Expected
MATALE,6948.0,9036.0,5184.0,21168.0,6908.0,8940.0,5160.0,21008.0,5179.0,4296.0,3556.0,4404.0,18892.0,83208.0,2012-2013 Maha.csv,Maha,2012-2013,80820.5645772066,2387.4354227933945,2.869237841065035,97.13076215893497,As Expected
NUWARAELIYA,1015.0,4373.0,29.0,5418.0,1015.0,4373.0,29.0,5418.0,2952.0,5840.0,2727.0,5282.0,3053.0,16125.0,2012-2013 Maha.csv,Maha,2012-2013,21250.752756888556,-5125.752756888556,-31.7876139962081,68.21238600379189,Below Expected
GALLE,102.0,723.0,13317.0,14141.0,102.0,723.0,13200.0,14024.0,3867.0,3940.0,3528.0,3552.0,10975.0,38984.0,2012-2013 Maha.csv,Maha,2012-2013,42465.824022412446,-3481.8240224124456,-8.931418075139662,91.06858192486034,Below Expected
MATARA,3953.0,3521.0,7871.0,15344.0,3705.0,3277.0,7630.0,14613.0,4416.0,3795.0,3810.0,3960.0,11537.0,45691.0,2012-2013 Maha.csv,Maha,2012-2013,50187.925696543316,-4496.925696543316,-9.842038249421803,90.1579617505782,Below Expected
HAMBANTOTA,21216.0,6082.0,1648.0,28946.0,21093.0,6071.0,1638.0,28802.0,6958.0,5950.0,3956.0,6575.0,25164.0,165450.0,2012-2013 Maha.csv,Maha,2012-2013,122554.84900689762,42895.150993102376,25.926352972561123,74.07364702743888,Above Expected
JAFFNA,0.0,0.0,10219.0,10219.0,0.0,0.0,10031.0,10031.0,0.0,0.0,2388.0,2388.0,8902.0,21260.0,2012-2013 Maha.csv,Maha,2012-2013,23588.545782520952,-2328.5457825209523,-10.952708290314922,89.04729170968508,Below Expected
MANNAR,12984.0,2610.0,70.0,15663.0,12263.0,2494.0,67.0,14824.0,5663.0,4818.0,3094.0,5509.0,14154.0,77975.0,2012-2013 Maha.csv,Maha,2012-2013,50361.67003204547,27613.32996795453,35.41305542539857,64.58694457460143,Above Expected
VAVUNIYA,4150.0,11801.0,2079.0,18030.0,4102.0,11644.0,2058.0,17803.0,3942.0,3690.0,3462.0,3722.0,16797.0,62512.0,2012-2013 Maha.csv,Maha,2012-2013,61995.172188590484,516.8278114095156,0.8267657592294528,99.17323424077054,As Expected
MULATIVU,5919.0,3338.0,4830.0,14087.0,4038.0,2673.0,3014.0,9726.0,2836.0,3395.0,1853.0,2685.0,9176.0,24639.0,2012-2013 Maha.csv,Maha,2012-2013,43273.96921720551,-18634.969217205507,-75.6320029920269,24.367997007973102,Below Expected
KILLINOCHCHI,10862.0,443.0,11423.0,22728.0,5370.0,229.0,5808.0,11407.0,3715.0,3829.0,4704.0,4221.0,10123.0,42725.0,2012-2013 Maha.csv,Maha,2012-2013,78753.96871004615,-36028.968710046145,-84.32760376839356,15.672396231606442,Below Expected
BATTICALOA,22218.0,3236.0,40822.0,66276.0,21401.0,3110.0,38236.0,62747.0,2224.0,2065.0,2013.0,2088.0,55380.0,115630.0,2012-2013 Maha.csv,Maha,2012-2013,191553.0415642259,-75923.04156422589,-65.66033171687788,34.33966828312212,Below Expected
AMPARA,63130.0,4027.0,15765.0,82921.0,62321.0,3802.0,14334.0,80456.0,4413.0,3307.0,2861.0,4084.0,76892.0,314015.0,2012-2013 Maha.csv,Maha,2012-2013,268372.09273870644,45642.907261293556,14.535263366811634,85.46473663318837,Above Expected
TRINCOMALEE,18165.0,8015.0,8831.0,35011.0,16434.0,7464.0,7208.0,31107.0,3887.0,2172.0,3665.0,3424.0,28898.0,98955.0,2012-2013 Maha.csv,Maha,2012-2013,113045.93585185232,-14090.935851852322,-14.239741146836765,85.76025885316324,Below Expected
KURUNEGALA,15040.0,38575.0,27965.0,81580.0,14825.0,38251.0,27774.0,80851.0,5388.0,4821.0,4476.0,4806.0,80851.0,388598.0,2012-2013 Maha.csv,Maha,2012-2013,273599.00352288544,114998.99647711456,29.59330631581083,70.40669368418918,Above Expected
PUTTALAM,7889.0,10541.0,1925.0,20354.0,7085.0,9915.0,1830.0,18830.0,5382.0,4123.0,4142.0,4599.0,16005.0,73606.0,2012-2013 Maha.csv,Maha,2012-2013,72828.42279915756,777.5772008424392,1.0564046420705366,98.94359535792947,As Expected
ANURADHAPURA,32134.0,53518.0,14946.0,100598.0,30327.0,50763.0,14202.0,95292.0,4878.0,4339.0,4051.0,4467.0,76624.0,342315.0,2012-2013 Maha.csv,Maha,2012-2013,283027.7048155775,59287.29518442252,17.319514244021594,82.68048575597841,Above Expected
POLONNARUWA,55999.0,8122.0,2252.0,66372.0,54644.0,7160.0,2252.0,64055.0,5012.0,4066.0,4527.0,4889.0,56663.0,277045.0,2012-2013 Maha.csv,Maha,2012-2013,256080.21050026306,20964.789499736944,7.567286722278671,92.43271327772133,Above Expected
BADULLA,11249.0,12114.0,5899.0,29262.0,11249.0,12109.0,5897.0,29255.0,5104.0,4669.0,4833.0,4869.0,24867.0,121086.0,2012-2013 Maha.csv,Maha,2012-2013,95002.07838817239,26083.92161182761,21.5416494159751,78.4583505840249,Above Expected
MONARAGALA,9277.0,10385.0,17100.0,36762.0,9275.0,10368.0,17087.0,36730.0,5035.0,4383.0,3786.0,4270.0,35996.0,153684.0,2012-2013 Maha.csv,Maha,2012-2013,121170.52433370307,32513.47566629693,21.156057667874943,78.84394233212505,Above Expected
RATNAPURA,2210.0,7062.0,3314.0,12586.0,2210.0,7058.0,3306.0,12574.0,4977.0,3676.0,3148.0,3766.0,10688.0,40249.0,2012-2013 Maha.csv,Maha,2012-2013,45788.72399490903,-5539.723994909029,-13.763631381920119,86.23636861807988,Below Expected
KEGALLE,0.0,1763.0,3330.0,5093.0,0.0,1760.0,3328.0,5089.0,0.0,4333.0,3696.0,3916.0,4767.0,18669.0,2012-2013 Maha.csv,Maha,2012-2013,29549.940139247185,-10880.940139247185,-58.28346531280296,41.71653468719704,Below Expected
UDA_WALAWE,12278.0,0.0,0.0,12278.0,12278.0,0.0,0.0,12278.0,6405.0,0.0,0.0,6405.0,12032.0,77070.0,2012-2013 Maha.csv,Maha,2012-2013,56565.60163084006,20504.398369159942,26.604902516102168,73.39509748389783,Above Expected
MAHAWELI_H,23930.0,0.0,0.0,23930.0,23930.0,0.0,0.0,23930.0,5686.0,0.0,0.0,5686.0,21460.0,122013.0,2012-2013 Maha.csv,Maha,2012-2013,106777.05850487029,15235.941495129708,12.4871460378236,87.5128539621764,Above Expected
COLOMBO,37.0,295.0,924.0,1257.0,37.0,295.0,915.0,1247.0,3145.0,2755.0,2422.0,2522.0,1060.0,2673.0,2013 Yala.csv,Yala,2013,9010.391917020397,-6337.391917020397,-237.0891102514178,-137.0891102514178,Below Expected
GAMPAHA,1436.0,1466.0,1911.0,4813.0,1389.0,1420.0,1904.0,4713.0,3615.0,2736.0,2585.0,2934.0,4006.0,11753.0,2013 Yala.csv,Yala,2013,21742.924587435133,-9989.924587435133,-84.99893293146543,15.001067068534567,Below Expected
KALUTARA,64.0,1243.0,5599.0,6906.0,64.0,1243.0,5598.0,6906.0,2475.0,2639.0,2518.0,2539.0,6370.0,16175.0,2013 Yala.csv,Yala,2013,27693.873305756453,-11518.873305756453,-71.2140544405345,28.785945559465503,Below Expected
GALLE,24.0,203.0,3830.0,4057.0,24.0,203.0,3823.0,4050.0,3919.0,2657.0,2663.0,2670.0,3169.0,8461.0,2013 Yala.csv,Yala,2013,19207.715924123586,-10746.715924123586,-127.01472549490114,-27.014725494901143,Below Expected
MATARA,3074.0,2614.0,5643.0,11331.0,3074.0,2610.0,5610.0,11294.0,4170.0,3242.0,3203.0,3475.0,8916.0,30986.0,2013 Yala.csv,Yala,2013,38168.50163751252,-7182.50163751252,-23.179828430621956,76.82017156937805,Below Expected
RATNAPURA,2186.0,4856.0,1422.0,8465.0,2185.0,4853.0,1419.0,8457.0,5568.0,3522.0,2867.0,3941.0,7188.0,28329.0,2013 Yala.csv,Yala,2013,31007.094074412194,-2678.0940744121945,-9.45354256914185,90.54645743085815,Below Expected
KEGALLE,0.0,1562.0,3162.0,4725.0,0.0,1543.0,3118.0,4661.0,0.0,2926.0,2712.0,2783.0,4367.0,12150.0,2013 Yala.csv,Yala,2013,20361.44384907476,-8211.44384907476,-67.58389999238486,32.41610000761514,Below Expected
KURUNEGALA,11660.0,23105.0,17696.0,52461.0,11657.0,22989.0,17653.0,52300.0,4280.0,3679.0,3104.0,3619.0,52300.0,189281.0,2013 Yala.csv,Yala,2013,208286.15084066446,-19005.150840664457,-10.040707118339641,89.95929288166036,Below Expected
PUTTALAM,5986.0,5021.0,526.0,11533.0,5796.0,4851.0,506.0,11154.0,4266.0,3468.0,2881.0,3856.0,9481.0,36558.0,2013 Yala.csv,Yala,2013,37976.86566371716,-1418.865663717159,-3.8811359038162885,96.11886409618371,As Expected
KANDY,3749.0,2854.0,1856.0,8459.0,3749.0,2843.0,1846.0,8439.0,4922.0,2814.0,2543.0,3691.0,6673.0,24633.0,2013 Yala.csv,Yala,2013,31623.81812637973,-6990.8181263797305,-28.37988928015155,71.62011071984846,Below Expected
MATALE,5000.0,3794.0,524.0,9318.0,4999.0,3780.0,514.0,9292.0,5197.0,4092.0,2828.0,4617.0,8356.0,38580.0,2013 Yala.csv,Yala,2013,36844.88021221021,1735.1197877897866,4.497459273690478,95.50254072630952,As Expected
NUWARAELIYA,385.0,1439.0,8.0,1832.0,385.0,1439.0,8.0,1832.0,3973.0,2990.0,2681.0,3196.0,1033.0,3300.0,2013 Yala.csv,Yala,2013,14020.827430195175,-10720.827430195175,-324.8735584907629,-224.8735584907629,Below Expected
BADULLA,8723.0,4724.0,37.0,13485.0,8723.0,4724.0,37.0,13485.0,5064.0,3302.0,3510.0,4443.0,11462.0,50922.0,2013 Yala.csv,Yala,2013,48204.45490862784,2717.545091372158,5.336681770889121,94.66331822911089,Above Expected
MONARAGALA,8223.0,6037.0,1085.0,15346.0,8223.0,6013.0,1083.0,15319.0,4146.0,3255.0,2719.0,3696.0,15013.0,55482.0,2013 Yala.csv,Yala,2013,54900.685489598785,581.3145104012146,1.0477533441498408,98.95224665585016,As Expected
JAFFNA,0.0,0.0,0.0,0.0,0.0,0.0,0.0,0.0,0.0,0.0,0.0,0.0,0.0,0.0,2013 Yala.csv,Yala,2013,8241.806268995511,-8241.806268995511,-inf,-inf,Below Expected
KILLINOCHCHI,5795.0,30.0,0.0,5825.0,5795.0,30.0,0.0,5825.0,5641.0,3609.0,0.0,5630.0,5169.0,29102.0,2013 Yala.csv,Yala,2013,28130.248491661096,971.7515083389044,3.339122769359166,96.66087723064084,As Expected
VAVUNIYA,2195.0,3067.0,7.0,5270.0,2195.0,3067.0,7.0,5270.0,4962.0,4712.0,2578.0,4813.0,4972.0,23930.0,2013 Yala.csv,Yala,2013,24071.897147245792,-141.89714724579244,-0.5929676023643645,99.40703239763563,As Expected
MULATIVU,2946.0,950.0,0.0,3896.0,2946.0,950.0,0.0,3896.0,5290.0,5033.0,0.0,5227.0,3676.0,19215.0,2013 Yala.csv,Yala,2013,22452.442993070686,-3237.4429930706865,-16.848519349834433,83.15148065016557,Below Expected
MANNAR,861.0,1388.0,0.0,2248.0,861.0,1388.0,0.0,2248.0,5357.0,5904.0,0.0,5694.0,2147.0,12225.0,2013 Yala.csv,Yala,2013,15464.09736035597,-3239.0973603559705,-26.49568392929219,73.5043160707078,Below Expected
ANURADHAPURA,23682.0,23103.0,104.0,46888.0,23674.0,23073.0,104.0,46850.0,4607.0,3961.0,2578.0,4284.0,37672.0,161406.0,2013 Yala.csv,Yala,2013,194688.82484526082,-33282.824845260824,-20.620562336753792,79.37943766324621,Below Expected
POLONNARUWA,55296.0,7207.0,0.0,62503.0,55296.0,7207.0,0.0,62503.0,4788.0,4245.0,0.0,4725.0,55290.0,261263.0,2013 Yala.csv,Yala,2013,248779.6604450587,12483.33955494131,4.77807403074347,95.22192596925653,As Expected
TRINCOMALEE,18041.0,4861.0,110.0,23012.0,18041.0,4861.0,110.0,23012.0,4774.0,4748.0,2578.0,4758.0,21379.0,101718.0,2013 Yala.csv,Yala,2013,84246.5451637813,17471.454836218705,17.176364887452277,82.82363511254772,Above Expected
BATTICALOA,21878.0,3719.0,1960.0,27556.0,21878.0,3719.0,1960.0,27556.0,4570.0,4564.0,5045.0,4603.0,24321.0,111943.0,2013 Yala.csv,Yala,2013,87609.96829106573,24333.03170893427,21.73698374077367,78.26301625922633,Above Expected
AMPARA,61696.0,2529.0,178.0,64403.0,61657.0,2517.0,178.0,64352.0,4842.0,4696.0,3609.0,4833.0,61502.0,297229.0,2013 Yala.csv,Yala,2013,223935.15090787123,73293.84909212877,24.65905046012629,75.3409495398737,Above Expected
HAMBANTOTA,20108.0,4833.0,955.0,25896.0,20062.0,4833.0,955.0,25850.0,5166.0,4550.0,3425.0,4987.0,22585.0,112623.0,2013 Yala.csv,Yala,2013,107461.01347894326,5161.986521056737,4.583421255921736,95.41657874407827,As Expected
UDA_WALAWE,11994.0,0.0,0.0,11994.0,11994.0,0.0,0.0,11994.0,6198.0,0.0,0.0,6198.0,11754.0,72844.0,2013 Yala.csv,Yala,2013,52937.279251599495,19906.720748400505,27.327879782000586,72.6721202179994,Above Expected
MAHAWELI_H,14134.0,0.0,0.0,14134.0,14134.0,0.0,0.0,14134.0,4865.0,0.0,0.0,4865.0,12676.0,61670.0,2013 Yala.csv,Yala,2013,53628.46947144733,8041.53052855267,13.039614931980982,86.96038506801902,Above Expected
COLOMBO,66.0,899.0,2800.0,3765.0,65.0,896.0,2765.0,3726.0,2641.0,3874.0,3468.0,3551.0,3167.0,11248.0,2013-2014 Maha.csv,Maha,2013-2014,17476.665133917293,-6228.665133917293,-55.37575688048803,44.62424311951197,Below Expected
GAMPAHA,1665.0,3501.0,5480.0,10646.0,1665.0,3500.0,5471.0,10636.0,2753.0,3075.0,3392.0,3188.0,9041.0,28817.0,2013-2014 Maha.csv,Maha,2013-2014,37837.213635174696,-9020.213635174696,-31.30170952970363,68.69829047029637,Below Expected
KALUTARA,96.0,2162.0,10486.0,12744.0,96.0,2158.0,10437.0,12691.0,2808.0,2636.0,2973.0,2915.0,11707.0,34125.0,2013-2014 Maha.csv,Maha,2013-2014,41684.6523434288,-7559.652343428803,-22.152827380011146,77.84717261998885,Below Expected
GALLE,98.0,656.0,11949.0,12703.0,98.0,656.0,11856.0,12610.0,3838.0,3576.0,3656.0,3653.0,9869.0,36054.0,2013-2014 Maha.csv,Maha,2013-2014,38510.44078041522,-2456.4407804152215,-6.813226772106344,93.18677322789365,Below Expected
MATARA,3581.0,3235.0,7074.0,13890.0,3570.0,3222.0,7055.0,13847.0,3966.0,4044.0,3765.0,3882.0,10932.0,42438.0,2013-2014 Maha.csv,Maha,2013-2014,45834.02685243563,-3396.026852435629,-8.002325398076321,91.99767460192368,Below Expected
RATNAPURA,2082.0,6757.0,3064.0,11903.0,2082.0,6742.0,3051.0,11875.0,4397.0,4318.0,3231.0,4053.0,10094.0,40905.0,2013-2014 Maha.csv,Maha,2013-2014,42165.69262579465,-1260.692625794647,-3.0820012854043446,96.91799871459565,As Expected
KEGALLE,0.0,2099.0,3989.0,6088.0,0.0,2066.0,3880.0,5946.0,3568.0,3225.0,3344.0,5570.0,18629.0,0.0,2013-2014 Maha.csv,Maha,2013-2014,27036.296875478634,-27036.296875478634,-inf,-inf,Below Expected
KURUNEGALA,11973.0,24623.0,24542.0,61138.0,11851.0,22725.0,20904.0,55480.0,4518.0,4188.0,3665.0,4062.0,55480.0,225332.0,2013-2014 Maha.csv,Maha,2013-2014,234430.4109121522,-9098.410912152205,-4.037780214151654,95.96221978584835,As Expected
PUTTALAM,4673.0,7942.0,1329.0,13944.0,4592.0,7073.0,923.0,12588.0,4298.0,3957.0,3832.0,4072.0,10700.0,43571.0,2013-2014 Maha.csv,Maha,2013-2014,47159.47525990494,-3588.475259904939,-8.235925867905118,91.76407413209488,Below Expected
KANDY,4111.0,5393.0,2522.0,12026.0,4107.0,5244.0,2472.0,11823.0,5056.0,3732.0,3709.0,4187.0,9350.0,39150.0,2013-2014 Maha.csv,Maha,2013-2014,41768.34884801414,-2618.3488480141386,-6.687991948950546,93.31200805104946,Below Expected
MATALE,6771.0,7765.0,4042.0,18578.0,6538.0,7174.0,3377.0,17089.0,4003.0,4268.0,3201.0,3956.0,15368.0,60792.0,2013-2014 Maha.csv,Maha,2013-2014,69938.17406456028,-9146.174064560284,-15.04502905737644,84.95497094262356,Below Expected
NUWARAELIYA,914.0,4091.0,26.0,5031.0,914.0,4085.0,26.0,5025.0,4228.0,4444.0,4084.0,4403.0,2832.0,12468.0,2013-2014 Maha.csv,Maha,2013-2014,18816.684454117276,-6348.684454117276,-50.919830398759025,49.080169601240975,Below Expected
BADULLA,11119.0,10935.0,5583.0,27637.0,11117.0,10689.0,2936.0,24742.0,5816.0,4106.0,4084.0,4872.0,21031.0,102456.0,2013-2014 Maha.csv,Maha,2013-2014,87006.76322154202,15449.236778457984,15.078899018562097,84.9211009814379,Above Expected
MONARAGALA,7592.0,10051.0,17171.0,34814.0,7534.0,8942.0,7161.0,23637.0,5078.0,4082.0,2660.0,3969.0,23164.0,91936.0,2013-2014 Maha.csv,Maha,2013-2014,116011.77142755759,-24075.771427557585,-26.18753418416897,73.81246581583103,Below Expected
JAFFNA,0.0,0.0,10180.0,10180.0,0.0,0.0,2624.0,2624.0,0.0,0.0,1547.0,1547.0,2329.0,3602.0,2013-2014 Maha.csv,Maha,2013-2014,21544.379962826915,-17942.379962826915,-498.1227085737622,-398.1227085737622,Below Expected
KILLINOCHCHI,10728.0,480.0,11689.0,22897.0,9789.0,162.0,3447.0,13398.0,4272.0,3064.0,4118.0,4218.0,11889.0,50149.0,2013-2014 Maha.csv,Maha,2013-2014,71197.70004169384,-21048.70004169384,-41.97232256215246,58.02767743784754,Below Expected
VAVUNIYA,1401.0,5965.0,1011.0,8377.0,951.0,4190.0,331.0,5472.0,3944.0,3348.0,2626.0,3408.0,5163.0,17595.0,2013-2014 Maha.csv,Maha,2013-2014,36380.445132026776,-18785.445132026776,-106.76581490211296,-6.7658149021129645,Below Expected
MULATIVU,5345.0,3286.0,4166.0,12797.0,4079.0,1690.0,617.0,6386.0,2724.0,2434.0,1853.0,2563.0,6025.0,15443.0,2013-2014 Maha.csv,Maha,2013-2014,37668.44291568186,-22225.44291568186,-143.91920556680606,-43.919205566806056,Below Expected
MANNAR,3874.0,1412.0,27.0,5313.0,3672.0,1294.0,23.0,4989.0,5208.0,5429.0,2810.0,5254.0,4763.0,25027.0,2013-2014 Maha.csv,Maha,2013-2014,37363.307326298906,-12336.307326298906,-49.29199395172776,50.70800604827224,Below Expected
ANURADHAPURA,22210.0,19990.0,10589.0,52789.0,21370.0,13625.0,4653.0,39648.0,4223.0,3873.0,2477.0,3898.0,31881.0,124275.0,2013-2014 Maha.csv,Maha,2013-2014,236027.46613620053,-111752.46613620053,-89.92352937936072,10.076470620639284,Below Expected
POLONNARUWA,54824.0,5968.0,1408.0,62200.0,54805.0,5554.0,987.0,61346.0,4795.0,5228.0,3861.0,4819.0,54267.0,261525.0,2013-2014 Maha.csv,Maha,2013-2014,254112.11122102075,7412.88877897925,2.8344857199041202,97.16551428009588,As Expected
TRINCOMALEE,13584.0,5146.0,7403.0,26133.0,13308.0,3632.0,4817.0,21757.0,4885.0,4607.0,4846.0,4830.0,20212.0,97630.0,2013-2014 Maha.csv,Maha,2013-2014,91717.81781425711,5912.182185742888,6.055702330987287,93.94429766901271,Above Expected
BATTICALOA,20911.0,3127.0,38166.0,62204.0,20911.0,3127.0,38166.0,62204.0,3581.0,2021.0,2801.0,3024.0,54901.0,166010.0,2013-2014 Maha.csv,Maha,2013-2014,190452.8863686512,-24442.886368651205,-14.723743370068796,85.2762566299312,Below Expected
AMPARA,62665.0,3881.0,15394.0,81940.0,62435.0,3577.0,12969.0,78981.0,5280.0,4045.0,3215.0,4885.0,75482.0,368748.0,2013-2014 Maha.csv,Maha,2013-2014,274019.37708164286,94728.62291835714,25.6892574111201,74.3107425888799,Above Expected
HAMBANTOTA,20021.0,5423.0,1438.0,26882.0,20014.0,5262.0,1403.0,26679.0,5806.0,5053.0,4571.0,5592.0,23309.0,130352.0,2013-2014 Maha.csv,Maha,2013-2014,116705.35421783147,13646.645782168533,10.46907280453582,89.53092719546419,Above Expected
UDA_WALAWE,12029.0,0.0,0.0,12029.0,12029.0,0.0,0.0,12029.0,5811.0,0.0,0.0,5811.0,11788.0,68500.0,2013-2014 Maha.csv,Maha,2013-2014,52457.54360861551,16042.45639138449,23.419644366984656,76.58035563301534,Above Expected
MAHAWELI_H,22641.0,0.0,0.0,22641.0,22629.0,0.0,0.0,22629.0,5868.0,0.0,0.0,5868.0,20294.0,119074.0,2013-2014 Maha.csv,Maha,2013-2014,99917.83939353835,19156.16060646165,16.087609895075037,83.91239010492497,Above Expected
COLOMBO,23.0,181.0,778.0,983.0,23.0,179.0,776.0,978.0,3171.0,3089.0,3066.0,3073.0,831.0,2555.0,2014 Yala.csv,Yala,2014,8498.716769331335,-5943.716769331335,-232.6307933202088,-132.6307933202088,Below Expected
GAMPAHA,1456.0,1575.0,2140.0,5171.0,1325.0,1567.0,2120.0,5012.0,3720.0,3124.0,2882.0,3179.0,4260.0,13542.0,2014 Yala.csv,Yala,2014,19407.243996968748,-5865.2439969687475,-43.31150492518644,56.68849507481356,Below Expected
KALUTARA,64.0,1160.0,5048.0,6272.0,64.0,1160.0,5037.0,6260.0,2589.0,2878.0,2806.0,2817.0,5775.0,16269.0,2014 Yala.csv,Yala,2014,22494.97348045106,-6225.973480451059,-38.26893773711389,61.73106226288611,Below Expected
KANDY,3713.0,2783.0,1622.0,8118.0,3713.0,2780.0,1618.0,8110.0,4366.0,3375.0,2567.0,3667.0,6414.0,23521.0,2014 Yala.csv,Yala,2014,26135.96991312309,-2614.969913123088,-11.117596671583216,88.88240332841679,Below Expected
MATALE,3113.0,2959.0,434.0,6507.0,3113.0,2828.0,354.0,6295.0,4623.0,3831.0,2865.0,4169.0,5661.0,23598.0,2014 Yala.csv,Yala,2014,25670.067496298547,-2072.0674962985468,-8.780691144582367,91.21930885541764,Below Expected
NUWARAELIYA,414.0,1423.0,2.0,1839.0,414.0,1423.0,2.0,1839.0,4084.0,4332.0,2794.0,4274.0,1036.0,4430.0,2014 Yala.csv,Yala,2014,9444.611577009195,-5014.611577009195,-113.19664959388702,-13.196649593887017,Below Expected
GALLE,0.0,161.0,4606.0,4767.0,0.0,161.0,4606.0,4767.0,0.0,2609.0,2739.0,2735.0,3731.0,10204.0,2014 Yala.csv,Yala,2014,18510.268578420557,-8306.268578420557,-81.40208328518774,18.597916714812257,Below Expected
MATARA,2733.0,2884.0,5604.0,11221.0,2723.0,2856.0,5596.0,11175.0,4861.0,2883.0,2949.0,3398.0,8823.0,29982.0,2014 Yala.csv,Yala,2014,31653.21468001658,-1671.2146800165792,-5.574060036076911,94.42593996392308,Below Expected
HAMBANTOTA,18305.0,2623.0,596.0,21524.0,17724.0,2388.0,532.0,20644.0,4535.0,5724.0,2748.0,4627.0,18037.0,83451.0,2014 Yala.csv,Yala,2014,90101.0062267256,-6650.0062267256,-7.9687555891788,92.0312444108212,Below Expected
JAFFNA,0.0,0.0,0.0,0.0,0.0,0.0,0.0,0.0,0.0,0.0,0.0,0.0,0.0,0.0,2014 Yala.csv,Yala,2014,7329.929653473385,-7329.929653473385,-inf,-inf,Below Expected
MANNAR,955.0,771.0,0.0,1726.0,601.0,594.0,0.0,1195.0,3847.0,4094.0,0.0,3970.0,1141.0,4530.0,2014 Yala.csv,Yala,2014,12325.223141601939,-7795.223141601939,-172.0799810508154,-72.0799810508154,Below Expected
VAVUNIYA,664.0,893.0,0.0,1557.0,664.0,619.0,0.0,1283.0,4909.0,4075.0,0.0,4507.0,1210.0,5455.0,2014 Yala.csv,Yala,2014,17561.14003688789,-12106.14003688789,-221.9274067257175,-121.9274067257175,Below Expected
MULATIVU,284.0,156.0,0.0,440.0,284.0,140.0,0.0,424.0,3726.0,3445.0,0.0,3633.0,400.0,1453.0,2014 Yala.csv,Yala,2014,15834.888479325387,-14381.888479325387,-989.8065023623805,-889.8065023623805,Below Expected
KILLINOCHCHI,324.0,0.0,0.0,324.0,324.0,0.0,0.0,324.0,4238.0,0.0,0.0,4238.0,287.0,1217.0,2014 Yala.csv,Yala,2014,17460.198916953537,-16243.198916953537,-1334.6917762492635,-1234.6917762492635,Below Expected
BATTICALOA,17323.0,2850.0,109.0,20282.0,17323.0,2850.0,109.0,20282.0,4194.0,3805.0,3767.0,4137.0,17901.0,74062.0,2014 Yala.csv,Yala,2014,66622.25750765162,7439.742492348378,10.045289746899053,89.95471025310094,Above Expected
AMPARA,41371.0,1742.0,1263.0,44377.0,41367.0,1730.0,1263.0,44360.0,4782.0,3395.0,3820.0,4700.0,42395.0,199265.0,2014 Yala.csv,Yala,2014,140926.08516142442,58338.91483857558,29.277050580169917,70.72294941983009,Above Expected
TRINCOMALEE,7394.0,0.0,0.0,7394.0,7319.0,0.0,0.0,7319.0,4446.0,0.0,0.0,4446.0,6799.0,30225.0,2014 Yala.csv,Yala,2014,41338.08147941376,-11113.081479413762,-36.76784608573619,63.23215391426381,Below Expected
KURUNEGALA,10811.0,29492.0,19296.0,59599.0,10789.0,27290.0,14508.0,52587.0,4851.0,3632.0,2077.0,3453.0,52587.0,181603.0,2014 Yala.csv,Yala,2014,207068.8737556153,-25465.873755615292,-14.022826580846843,85.97717341915316,Below Expected
PUTTALAM,5397.0,4770.0,573.0,10741.0,5259.0,4556.0,492.0,10307.0,4298.0,3455.0,4337.0,3927.0,8761.0,34407.0,2014 Yala.csv,Yala,2014,31441.688284875007,2965.3117151249935,8.618338463466719,91.38166153653329,Above Expected
ANURADHAPURA,9961.0,7573.0,8.0,17542.0,9808.0,6360.0,5.0,16174.0,4868.0,3833.0,2578.0,4461.0,13005.0,58012.0,2014 Yala.csv,Yala,2014,111113.8034173561,-53101.8034173561,-91.53589501716213,8.464104982837867,Below Expected
POLONNARUWA,32677.0,1876.0,0.0,34553.0,32669.0,1871.0,0.0,34540.0,4906.0,4826.0,0.0,4902.0,30554.0,149778.0,2014 Yala.csv,Yala,2014,169176.3392800811,-19398.339280081098,-12.951394250211044,87.04860574978896,Below Expected
BADULLA,8629.0,4194.0,20.0,12843.0,8557.0,4156.0,18.0,12731.0,5143.0,3953.0,3038.0,4751.0,10822.0,51419.0,2014 Yala.csv,Yala,2014,39016.96721851807,12402.032781481932,24.119552658515204,75.8804473414848,Above Expected
MONARAGALA,5050.0,3489.0,276.0,8814.0,4822.0,2857.0,90.0,7769.0,4048.0,3357.0,2682.0,3778.0,7614.0,28765.0,2014 Yala.csv,Yala,2014,40496.81622589462,-11731.816225894618,-40.7850381571167,59.2149618428833,Below Expected
RATNAPURA,2078.0,4227.0,1106.0,7412.0,2078.0,4227.0,1106.0,7412.0,4591.0,3078.0,3231.0,3525.0,6300.0,22207.0,2014 Yala.csv,Yala,2014,26273.80327784194,-4066.80327784194,-18.313159264384833,81.68684073561516,Below Expected
KEGALLE,0.0,1407.0,2562.0,3969.0,0.0,1391.0,2543.0,3934.0,0.0,2900.0,2689.0,2763.0,3685.0,10184.0,2014 Yala.csv,Yala,2014,17295.651394930435,-7111.651394930435,-69.83161228329179,30.16838771670821,Below Expected
UDA_WALAWE,10277.0,0.0,0.0,10277.0,10277.0,0.0,0.0,10277.0,6363.0,0.0,0.0,6363.0,10071.0,64080.0,2014 Yala.csv,Yala,2014,43291.98006535131,20788.01993464869,32.44073023509471,67.55926976490528,Above Expected
MAHAWELI_H,4727.0,0.0,0.0,4727.0,4727.0,0.0,0.0,4727.0,4887.0,0.0,0.0,4887.0,4239.0,20715.0,2014 Yala.csv,Yala,2014,37406.7351390252,-16691.7351390252,-80.57801177419842,19.421988225801584,Below Expected
COLOMBO,43.0,715.0,2726.0,3484.0,43.0,714.0,2725.0,3482.0,2904.0,3449.0,3435.0,3431.0,2960.0,10156.0,2014-2015 Maha.csv,Maha,2014-2015,18215.701136490086,-8059.701136490086,-79.35901079647584,20.640989203524157,Below Expected
GAMPAHA,1667.0,3505.0,5982.0,11154.0,1577.0,3479.0,5918.0,10974.0,3963.0,3725.0,3419.0,3594.0,9329.0,33529.0,2014-2015 Maha.csv,Maha,2014-2015,39114.09328035865,-5585.0932803586475,-16.657500314231406,83.34249968576859,Below Expected
KALUTARA,118.0,2165.0,10737.0,13020.0,118.0,2165.0,10709.0,12992.0,3516.0,3756.0,3622.0,3644.0,11984.0,43668.0,2014-2015 Maha.csv,Maha,2014-2015,44023.11598144457,-355.11598144457093,-0.813217874518116,99.18678212548188,As Expected
KANDY,4123.0,5445.0,2567.0,12135.0,4119.0,5430.0,2516.0,12065.0,4937.0,3885.0,3689.0,4203.0,9540.0,40102.0,2014-2015 Maha.csv,Maha,2014-2015,42516.48411866919,-2414.484118669192,-6.020857111039828,93.97914288896017,Below Expected
MATALE,6848.0,8689.0,4828.0,20365.0,6679.0,8573.0,4748.0,20000.0,5105.0,4227.0,4570.0,4602.0,17986.0,82768.0,2014-2015 Maha.csv,Maha,2014-2015,72259.95553258005,10508.044467419953,12.695781542890916,87.30421845710909,Above Expected
NUWARAELIYA,1144.0,4074.0,19.0,5237.0,1137.0,4054.0,19.0,5210.0,4415.0,3526.0,2722.0,3717.0,2936.0,10912.0,2014-2015 Maha.csv,Maha,2014-2015,18958.123200624723,-8046.123200624723,-73.73646628138492,26.26353371861508,Below Expected
GALLE,85.0,603.0,12442.0,13130.0,85.0,603.0,12411.0,13099.0,3922.0,3438.0,3751.0,3738.0,10252.0,38317.0,2014-2015 Maha.csv,Maha,2014-2015,38158.47341830522,158.52658169477945,0.4137238867729192,99.58627611322709,As Expected
MATARA,3784.0,3280.0,7383.0,14447.0,3688.0,3275.0,7341.0,14304.0,4590.0,4319.0,4080.0,4266.0,11294.0,48184.0,2014-2015 Maha.csv,Maha,2014-2015,47562.362425062995,621.6375749370054,1.2901327721588192,98.70986722784119,As Expected
HAMBANTOTA,19836.0,5783.0,1556.0,27175.0,19679.0,5764.0,1552.0,26995.0,6507.0,5517.0,3698.0,6134.0,23586.0,144681.0,2014-2015 Maha.csv,Maha,2014-2015,116538.59546483506,28142.40453516494,19.451347817035366,80.54865218296463,Above Expected
JAFFNA,0.0,0.0,10038.0,10038.0,0.0,0.0,9829.0,9829.0,0.0,0.0,3096.0,3096.0,8722.0,27000.0,2014-2015 Maha.csv,Maha,2014-2015,22545.109980985304,4454.890019014696,16.499592663017392,83.5004073369826,Above Expected
MANNAR,14203.0,3065.0,53.0,17321.0,13862.0,3007.0,50.0,16919.0,5540.0,5283.0,3596.0,5489.0,16154.0,88661.0,2014-2015 Maha.csv,Maha,2014-2015,65552.0736582647,23108.926341735307,26.06436464932192,73.93563535067808,Above Expected
VAVUNIYA,4147.0,10901.0,1793.0,16841.0,4138.0,10882.0,1785.0,16805.0,5212.0,4828.0,3823.0,4816.0,15856.0,76363.0,2014-2015 Maha.csv,Maha,2014-2015,53431.484280411125,22931.515719588875,30.02961607007173,69.97038392992827,Above Expected
MULATIVU,6020.0,4083.0,4510.0,14613.0,5975.0,4083.0,4498.0,14556.0,3643.0,3439.0,2816.0,3330.0,13734.0,45739.0,2014-2015 Maha.csv,Maha,2014-2015,40485.8903144963,5253.109685503703,11.48496837601107,88.51503162398893,Above Expected
KILLINOCHCHI,10778.0,490.0,12407.0,23675.0,9922.0,488.0,10762.0,21172.0,3779.0,3142.0,3632.0,3689.0,18788.0,69319.0,2014-2015 Maha.csv,Maha,2014-2015,72819.18407290033,-3500.1840729003306,-5.049386276346068,94.95061372365393,Below Expected
BATTICALOA,19898.0,3324.0,37792.0,61014.0,15172.0,2850.0,32844.0,50866.0,2686.0,2642.0,2689.0,2686.0,44895.0,120570.0,2014-2015 Maha.csv,Maha,2014-2015,189733.35512911182,-69163.35512911182,-57.36365192760373,42.63634807239627,Below Expected
AMPARA,63072.0,3983.0,16078.0,83133.0,60146.0,3821.0,14965.0,78932.0,4420.0,3292.0,2906.0,4078.0,75435.0,307661.0,2014-2015 Maha.csv,Maha,2014-2015,278898.25090269366,28762.74909730634,9.348844701572945,90.65115529842706,Above Expected
TRINCOMALEE,18733.0,8045.0,7692.0,34470.0,15111.0,7186.0,5921.0,28218.0,4808.0,4072.0,4106.0,4473.0,26213.0,117256.0,2014-2015 Maha.csv,Maha,2014-2015,109900.1444733037,7355.855526696294,6.2733297457667785,93.72667025423323,Above Expected
KURUNEGALA,16282.0,36247.0,26846.0,79375.0,15702.0,35065.0,26341.0,77108.0,4255.0,3458.0,3425.0,3609.0,77108.0,278269.0,2014-2015 Maha.csv,Maha,2014-2015,269557.42793422734,8711.572065772663,3.1306297380493926,96.8693702619506,As Expected
PUTTALAM,7857.0,10399.0,1860.0,20116.0,6982.0,9582.0,1726.0,18290.0,4185.0,3977.0,3675.0,4028.0,15546.0,62620.0,2014-2015 Maha.csv,Maha,2014-2015,66266.52445125415,-3646.524451254154,-5.823258465752402,94.1767415342476,Below Expected
ANURADHAPURA,31747.0,53288.0,14779.0,99814.0,28576.0,49148.0,13943.0,91667.0,5095.0,4844.0,4049.0,4802.0,73710.0,353924.0,2014-2015 Maha.csv,Maha,2014-2015,287812.0365624885,66111.96343751153,18.679706218711228,81.32029378128877,Above Expected
POLONNARUWA,66727.0,6445.0,1594.0,74766.0,66447.0,6445.0,1594.0,74486.0,5343.0,5157.0,4360.0,5306.0,65891.0,349625.0,2014-2015 Maha.csv,Maha,2014-2015,266440.4976797804,83184.50232021959,23.7924926192977,76.2075073807023,Above Expected
BADULLA,10984.0,10183.0,5890.0,27057.0,10980.0,10179.0,5887.0,27046.0,5183.0,4298.0,4776.0,4761.0,22989.0,109463.0,2014-2015 Maha.csv,Maha,2014-2015,86376.67141014556,23086.32858985444,21.090531585882392,78.90946841411761,Above Expected
MONARAGALA,7790.0,10351.0,17897.0,36038.0,7736.0,10231.0,17850.0,35817.0,4276.0,4453.0,3607.0,3993.0,35100.0,140155.0,2014-2015 Maha.csv,Maha,2014-2015,116780.84989791109,23374.15010208891,16.677357284498527,83.32264271550147,Above Expected
RATNAPURA,2197.0,6595.0,2959.0,11751.0,2197.0,6584.0,2955.0,11736.0,5126.0,3701.0,3528.0,3924.0,9975.0,39147.0,2014-2015 Maha.csv,Maha,2014-2015,42963.763945337276,-3816.763945337276,-9.749824878885422,90.25017512111458,Below Expected
KEGALLE,0.0,2178.0,4062.0,6240.0,0.0,2160.0,4022.0,6182.0,0.0,3733.0,3923.0,3857.0,5791.0,22335.0,2014-2015 Maha.csv,Maha,2014-2015,25371.70616822786,-3036.706168227862,-13.59617715794879,86.40382284205121,Below Expected
UDA_WALAWE,12366.0,0.0,0.0,12366.0,12366.0,0.0,0.0,12366.0,6425.0,0.0,0.0,6425.0,12119.0,77867.0,2014-2015 Maha.csv,Maha,2014-2015,52411.64891956965,25455.35108043035,32.69080750565753,67.30919249434247,Above Expected
MAHAWELI_H,23851.0,0.0,0.0,23851.0,23851.0,0.0,0.0,23851.0,6484.0,0.0,0.0,6484.0,21390.0,138696.0,2014-2015 Maha.csv,Maha,2014-2015,103996.22349289514,34699.77650710486,25.01858489581881,74.9814151041812,Above Expected
COLOMBO,39.0,249.0,1021.0,1309.0,39.0,242.0,1021.0,1302.0,2675.0,2874.0,2118.0,2275.0,1106.0,2516.0,2015 Yala.csv,Yala,2015,10580.123681291896,-8064.123681291896,-320.5136598287717,-220.51365982877172,Below Expected
GAMPAHA,1388.0,1371.0,1833.0,4592.0,1382.0,1362.0,1832.0,4576.0,3390.0,3164.0,3213.0,3252.0,3889.0,12648.0,2015 Yala.csv,Yala,2015,22706.34470408792,-10058.344704087918,-79.52517950733649,20.47482049266351,Below Expected
KALUTARA,99.0,1373.0,6324.0,7796.0,99.0,1373.0,6283.0,7755.0,2726.0,3627.0,3478.0,3495.0,7153.0,25000.0,2015 Yala.csv,Yala,2015,30090.10689723586,-5090.106897235859,-20.360427588943438,79.63957241105656,Below Expected
KANDY,3880.0,2940.0,1732.0,8552.0,3880.0,2934.0,1731.0,8545.0,4039.0,3334.0,3300.0,3647.0,6757.0,24643.0,2015 Yala.csv,Yala,2015,32462.455451785754,-7819.455451785754,-31.73093962498784,68.26906037501216,Below Expected
MATALE,5390.0,4089.0,707.0,10186.0,5385.0,4071.0,696.0,10152.0,4695.0,3774.0,2893.0,4202.0,9130.0,38362.0,2015 Yala.csv,Yala,2015,38265.42158182733,96.57841817267035,0.251755430302566,99.74824456969743,As Expected
NUWARAELIYA,507.0,1647.0,3.0,2157.0,507.0,1647.0,3.0,2157.0,3787.0,3992.0,2967.0,3943.0,1215.0,4792.0,2015 Yala.csv,Yala,2015,12932.443845873717,-8140.443845873717,-169.87570629953498,-69.87570629953498,Below Expected
GALLE,12.0,304.0,5378.0,5694.0,10.0,299.0,4816.0,5125.0,2636.0,2241.0,2674.0,2649.0,4011.0,10626.0,2015 Yala.csv,Yala,2015,21453.689013653613,-10827.689013653613,-101.89807089830241,-1.8980708983024073,Below Expected
MATARA,3709.0,3108.0,6838.0,13655.0,3290.0,2906.0,6505.0,12701.0,4529.0,3406.0,3726.0,3861.0,10027.0,38709.0,2015 Yala.csv,Yala,2015,39205.99008500906,-496.9900850090635,-1.2839135214267057,98.71608647857329,As Expected
HAMBANTOTA,20302.0,4800.0,1200.0,26302.0,19722.0,4741.0,1163.0,25626.0,5523.0,4846.0,2901.0,5279.0,22389.0,118190.0,2015 Yala.csv,Yala,2015,106298.08984017909,11891.910159820909,10.061688941383288,89.9383110586167,Above Expected
JAFFNA,0.0,0.0,0.0,0.0,0.0,0.0,0.0,0.0,0.0,0.0,0.0,0.0,0.0,0.0,2015 Yala.csv,Yala,2015,10887.475050065283,-10887.475050065283,-inf,-inf,Below Expected
MANNAR,1500.0,1476.0,0.0,2976.0,1480.0,1318.0,0.0,2798.0,4904.0,5009.0,0.0,4954.0,2672.0,13236.0,2015 Yala.csv,Yala,2015,17693.21317466293,-4457.213174662931,-33.674925768078964,66.32507423192104,Below Expected
VAVUNIYA,2118.0,3598.0,6.0,5722.0,2107.0,3541.0,6.0,5654.0,4882.0,4567.0,2941.0,4683.0,5334.0,24978.0,2015 Yala.csv,Yala,2015,26146.451107145673,-1168.4511071456727,-4.6779209990618655,95.32207900093813,As Expected
MULATIVU,4351.0,2618.0,0.0,6969.0,4351.0,2618.0,0.0,6969.0,4512.0,4586.0,0.0,4540.0,6575.0,29848.0,2015 Yala.csv,Yala,2015,27084.522614433707,2763.4773855662934,9.258501023741267,90.74149897625873,Above Expected
KILLINOCHCHI,6806.0,48.0,0.0,6854.0,6806.0,48.0,0.0,6854.0,4646.0,2957.0,0.0,4634.0,6083.0,28189.0,2015 Yala.csv,Yala,2015,29364.345065133548,-1175.345065133548,-4.169516709118975,95.83048329088102,As Expected
BATTICALOA,21587.0,3509.0,1915.0,27011.0,21536.0,3509.0,1915.0,26960.0,4834.0,4686.0,4779.0,4811.0,23795.0,114470.0,2015 Yala.csv,Yala,2015,87247.80148423089,27222.19851576911,23.78107671509488,76.21892328490512,Above Expected
AMPARA,62051.0,2379.0,1543.0,65973.0,62046.0,2379.0,1543.0,65968.0,4924.0,4812.0,4327.0,4906.0,63046.0,309335.0,2015 Yala.csv,Yala,2015,226962.11038274496,82372.88961725504,26.629023426788123,73.37097657321188,Above Expected
TRINCOMALEE,17570.0,3821.0,903.0,22294.0,17483.0,3821.0,903.0,22207.0,4820.0,4867.0,2761.0,4745.0,20631.0,97884.0,2015 Yala.csv,Yala,2015,84957.17636867426,12926.823631325737,13.20626826787395,86.79373173212605,Above Expected
KURUNEGALA,14559.0,29517.0,18573.0,62649.0,14550.0,29086.0,17682.0,61318.0,4640.0,3381.0,2971.0,3562.0,61319.0,218402.0,2015 Yala.csv,Yala,2015,219348.862014395,-946.8620143950102,-0.4335409082311564,99.56645909176885,As Expected
PUTTALAM,7227.0,7333.0,767.0,15327.0,7221.0,7220.0,731.0,15172.0,4142.0,3591.0,2844.0,3817.0,12896.0,49227.0,2015 Yala.csv,Yala,2015,44150.711904638076,5076.288095361924,10.311999706181412,89.68800029381859,Above Expected
ANURADHAPURA,24617.0,25766.0,15.0,50398.0,24604.0,25483.0,15.0,50102.0,4928.0,4308.0,3172.0,4612.0,40287.0,185818.0,2015 Yala.csv,Yala,2015,206599.10681291774,-20781.106812917744,-11.18358114548523,88.81641885451477,Below Expected
POLONNARUWA,55532.0,6590.0,13.0,62135.0,55385.0,6401.0,13.0,61799.0,5140.0,5054.0,4427.0,5131.0,54668.0,280476.0,2015 Yala.csv,Yala,2015,248672.70572972705,31803.29427027295,11.339043009124827,88.66095699087518,Above Expected
BADULLA,8766.0,4278.0,30.0,13074.0,8766.0,4278.0,30.0,13074.0,4766.0,3840.0,2979.0,4459.0,11112.0,49547.0,2015 Yala.csv,Yala,2015,49981.69467565151,-434.6946756515099,-0.8773380338900637,99.12266196610993,As Expected
MONARAGALA,8258.0,6389.0,768.0,15415.0,8258.0,6378.0,767.0,15403.0,4359.0,3676.0,3053.0,4011.0,15095.0,60550.0,2015 Yala.csv,Yala,2015,56711.493997322425,3838.5060026775755,6.339398848352726,93.66060115164727,Above Expected
RATNAPURA,2092.0,4796.0,1423.0,8311.0,2092.0,4783.0,1415.0,8290.0,4823.0,3250.0,3486.0,3688.0,7046.0,25984.0,2015 Yala.csv,Yala,2015,32489.724752896967,-6505.724752896967,-25.037425927097317,74.96257407290268,Below Expected
KEGALLE,0.0,1376.0,3347.0,4723.0,0.0,1364.0,3314.0,4678.0,0.0,3402.0,3452.0,3437.0,4382.0,15063.0,2015 Yala.csv,Yala,2015,20504.685434609222,-5441.685434609222,-36.12617297091696,63.87382702908304,Below Expected
UDA_WALAWE,12524.0,0.0,0.0,12524.0,12524.0,0.0,0.0,12524.0,6062.0,0.0,0.0,6062.0,12273.0,74400.0,2015 Yala.csv,Yala,2015,55075.49590835279,19324.504091647213,25.97379582210647,74.02620417789353,Above Expected
MAHAWELI_H,18064.0,0.0,0.0,18064.0,18064.0,0.0,0.0,18064.0,5526.0,0.0,0.0,5526.0,16200.0,89515.0,2015 Yala.csv,Yala,2015,80469.51580723423,9045.484192765769,10.104992674709008,89.89500732529099,Above Expected
COLOMBO,43.0,628.0,2225.0,2896.0,43.0,624.0,2221.0,2888.0,2696.0,3685.0,3351.0,3414.0,2455.0,8381.0,2015-2016 Maha.csv,Maha,2015-2016,25338.519530974016,-16957.519530974016,-202.33289023951815,-102.33289023951815,Below Expected
GAMPAHA,1617.0,3207.0,5165.0,9989.0,1617.0,3201.0,5165.0,9983.0,3778.0,3943.0,3813.0,3849.0,8485.0,32661.0,2015-2016 Maha.csv,Maha,2015-2016,47820.150146776585,-15159.150146776585,-46.41361301483906,53.58638698516094,Below Expected
KALUTARA,129.0,1861.0,9746.0,11736.0,128.0,1860.0,9734.0,11722.0,3548.0,3223.0,3381.0,3358.0,10814.0,36314.0,2015-2016 Maha.csv,Maha,2015-2016,50798.870277112044,-14484.870277112044,-39.88784016388182,60.11215983611818,Below Expected
KANDY,4132.0,5167.0,2448.0,11747.0,4132.0,5160.0,2441.0,11733.0,4471.0,3275.0,3600.0,3764.0,9279.0,34921.0,2015-2016 Maha.csv,Maha,2015-2016,50824.2134816468,-15903.213481646802,-45.54054431902523,54.45945568097477,Below Expected
MATALE,6729.0,8253.0,4876.0,19858.0,6725.0,8239.0,4760.0,19724.0,4696.0,4343.0,4330.0,4460.0,17738.0,79115.0,2015-2016 Maha.csv,Maha,2015-2016,82100.52055686894,-2985.5205568689416,-3.773646662287735,96.22635333771227,As Expected
NUWARAELIYA,995.0,3854.0,17.0,4866.0,995.0,3854.0,17.0,4866.0,3828.0,3770.0,3160.0,3779.0,2742.0,10365.0,2015-2016 Maha.csv,Maha,2015-2016,25349.249606237998,-14984.249606237998,-144.56584280017364,-44.56584280017364,Below Expected
GALLE,66.0,480.0,9628.0,10174.0,66.0,471.0,9581.0,10118.0,3200.0,2334.0,2994.0,2965.0,7919.0,23476.0,2015-2016 Maha.csv,Maha,2015-2016,41493.21453454196,-18017.214534541963,-76.74737832059108,23.252621679408918,Below Expected
MATARA,3338.0,2730.0,6032.0,12100.0,3206.0,2645.0,5997.0,11848.0,4118.0,3661.0,4196.0,4055.0,9353.0,37932.0,2015-2016 Maha.csv,Maha,2015-2016,55211.190124855006,-17279.190124855006,-45.553068978316475,54.446931021683525,Below Expected
HAMBANTOTA,20552.0,5845.0,1451.0,27848.0,19957.0,5776.0,1395.0,27128.0,5728.0,4995.0,2735.0,5418.0,23702.0,128424.0,2015-2016 Maha.csv,Maha,2015-2016,122713.72865914465,5710.271340855354,4.4464207164201035,95.5535792835799,As Expected
JAFFNA,0.0,0.0,10252.0,10252.0,0.0,0.0,8389.0,8389.0,0.0,0.0,2352.0,2352.0,7445.0,17511.0,2015-2016 Maha.csv,Maha,2015-2016,28060.69825083653,-10549.698250836529,-60.24612101442825,39.75387898557175,Below Expected
MANNAR,15408.0,3236.0,54.0,18698.0,15376.0,3234.0,54.0,18664.0,5030.0,4862.0,4227.0,4999.0,17821.0,89079.0,2015-2016 Maha.csv,Maha,2015-2016,75154.15777195821,13924.842228041787,15.632014535459296,84.36798546454071,Above Expected
VAVUNIYA,4134.0,11315.0,2029.0,17478.0,4134.0,11315.0,2029.0,17478.0,4188.0,4456.0,4171.0,4359.0,16491.0,71889.0,2015-2016 Maha.csv,Maha,2015-2016,65052.328264326,6836.671735673997,9.510038720352206,90.48996127964779,Above Expected
MULATIVU,7299.0,4390.0,4357.0,16046.0,6719.0,4225.0,2471.0,13415.0,3714.0,3608.0,3396.0,3622.0,12658.0,45851.0,2015-2016 Maha.csv,Maha,2015-2016,50589.43770074365,-4738.437700743649,-10.33442607738904,89.66557392261096,Below Expected
KILLINOCHCHI,11273.0,344.0,12551.0,24168.0,11273.0,344.0,12551.0,24168.0,4004.0,3772.0,3925.0,3959.0,21446.0,84913.0,2015-2016 Maha.csv,Maha,2015-2016,84420.36434835441,492.6356516455853,0.5801651709933524,99.41983482900665,As Expected
BATTICALOA,20891.0,3006.0,38091.0,61988.0,18152.0,2801.0,35448.0,56401.0,2992.0,2774.0,3057.0,3022.0,49779.0,150434.0,2015-2016 Maha.csv,Maha,2015-2016,193953.07744162192,-43519.07744162192,-28.929017005212863,71.07098299478713,Below Expected
AMPARA,61986.0,3804.0,15196.0,80986.0,61773.0,3783.0,15196.0,80752.0,4671.0,4456.0,3641.0,4467.0,77174.0,344765.0,2015-2016 Maha.csv,Maha,2015-2016,271505.429228463,73259.57077153702,21.249132241247523,78.75086775875248,Above Expected
TRINCOMALEE,18444.0,8641.0,7613.0,34698.0,18014.0,8636.0,7570.0,34220.0,4833.0,4459.0,4071.0,4570.0,31790.0,145279.0,2015-2016 Maha.csv,Maha,2015-2016,121515.35412979253,23763.645870207474,16.357247689072388,83.64275231092762,Above Expected
KURUNEGALA,15521.0,37432.0,27825.0,80778.0,15506.0,37384.0,27735.0,80625.0,4912.0,4087.0,3754.0,4131.0,80625.0,333062.0,2015-2016 Maha.csv,Maha,2015-2016,269381.1066920655,63680.893307934515,19.119831535250047,80.88016846474996,Above Expected
PUTTALAM,7835.0,10298.0,1957.0,20090.0,7638.0,10024.0,1908.0,19570.0,4219.0,3847.0,3883.0,3996.0,16634.0,66466.0,2015-2016 Maha.csv,Maha,2015-2016,75953.88936458882,-9487.889364588817,-14.274801198490684,85.72519880150932,Below Expected
ANURADHAPURA,29203.0,52935.0,14116.0,96254.0,29106.0,52658.0,14101.0,95865.0,5112.0,4666.0,4303.0,4748.0,77085.0,365988.0,2015-2016 Maha.csv,Maha,2015-2016,286342.6109210381,79645.38907896192,21.76174876743552,78.23825123256448,Above Expected
POLONNARUWA,56832.0,6649.0,1721.0,65202.0,56774.0,6628.0,1721.0,65123.0,5109.0,5026.0,3443.0,5056.0,57608.0,291274.0,2015-2016 Maha.csv,Maha,2015-2016,257459.01998472994,33814.98001527006,11.609336918252252,88.39066308174775,Above Expected
BADULLA,11075.0,10442.0,5772.0,27289.0,11075.0,10442.0,5772.0,27289.0,4821.0,4197.0,3502.0,4303.0,23195.0,99813.0,2015-2016 Maha.csv,Maha,2015-2016,98369.98782449402,1443.0121755059808,1.4457156637972817,98.55428433620271,As Expected
MONARAGALA,9271.0,10423.0,17989.0,37683.0,9271.0,10409.0,17976.0,37656.0,4516.0,4249.0,3207.0,3817.0,36902.0,140855.0,2015-2016 Maha.csv,Maha,2015-2016,124392.81639367004,16462.183606329956,11.687326403982787,88.31267359601722,Above Expected
RATNAPURA,2120.0,6289.0,2754.0,11163.0,2119.0,6269.0,2737.0,11125.0,4801.0,3764.0,3421.0,3877.0,9456.0,36660.0,2015-2016 Maha.csv,Maha,2015-2016,49163.939454853855,-12503.939454853855,-34.10785448678084,65.89214551321916,Below Expected
KEGALLE,0.0,1772.0,3985.0,5757.0,0.0,1757.0,3956.0,5713.0,0.0,4500.0,3681.0,3933.0,5352.0,21046.0,2015-2016 Maha.csv,Maha,2015-2016,33174.09136487628,-12128.09136487628,-57.626586357865065,42.373413642134935,Below Expected
UDA_WALAWE,12224.0,0.0,0.0,12224.0,12224.0,0.0,0.0,12224.0,5907.0,0.0,0.0,5907.0,11979.0,70757.0,2015-2016 Maha.csv,Maha,2015-2016,63982.91183786061,6774.088162139393,9.573735689952079,90.42626431004793,Above Expected
MAHAWELI_H,24037.0,0.0,0.0,24037.0,24037.0,0.0,0.0,24037.0,6284.0,0.0,0.0,6284.0,21556.0,135462.0,2015-2016 Maha.csv,Maha,2015-2016,111744.56707681488,23717.432923185115,17.508550680770337,82.49144931922966,Above Expected
COLOMBO,5.0,113.0,284.0,402.0,5.0,113.0,280.0,398.0,2463.0,2236.0,2703.0,2567.0,338.0,869.0,2016 Yala.csv,Yala,2016,9779.294000229966,-8910.294000229966,-1025.3502877134597,-925.3502877134597,Below Expected
GAMPAHA,841.0,391.0,671.0,1903.0,841.0,384.0,650.0,1875.0,2962.0,2714.0,2362.0,2703.0,1594.0,4308.0,2016 Yala.csv,Yala,2016,18535.2184770747,-14227.2184770747,-330.2511252802856,-230.25112528028558,Below Expected
KALUTARA,38.0,473.0,2288.0,2799.0,38.0,471.0,2277.0,2786.0,3179.0,3204.0,2898.0,2954.0,2570.0,7592.0,2016 Yala.csv,Yala,2016,23245.581337539366,-15653.581337539366,-206.18521255979144,-106.18521255979144,Below Expected
KANDY,3858.0,2492.0,1215.0,7565.0,3858.0,2489.0,1205.0,7552.0,4486.0,2292.0,3048.0,3533.0,5973.0,21103.0,2016 Yala.csv,Yala,2016,29886.85875385127,-8783.85875385127,-41.62374427262128,58.37625572737872,Below Expected
MATALE,4381.0,2798.0,235.0,7414.0,4377.0,2758.0,229.0,7364.0,4987.0,4814.0,3814.0,4886.0,6623.0,32359.0,2016 Yala.csv,Yala,2016,31846.810334713293,512.1896652867072,1.5828352708263764,98.41716472917362,As Expected
NUWARAELIYA,446.0,1569.0,2.0,2017.0,445.0,1568.0,2.0,2015.0,3815.0,3152.0,1656.0,3297.0,1135.0,3744.0,2016 Yala.csv,Yala,2016,12805.112016840736,-9061.112016840736,-242.0168807916863,-142.0168807916863,Below Expected
GALLE,0.0,10.0,1189.0,1199.0,0.0,10.0,1170.0,1180.0,0.0,2657.0,3152.0,3148.0,924.0,2908.0,2016 Yala.csv,Yala,2016,18247.197935722,-15339.197935722,-527.4827350660936,-427.4827350660936,Below Expected
MATARA,2147.0,1538.0,2719.0,6404.0,2094.0,1526.0,2714.0,6334.0,3558.0,3525.0,3953.0,3719.0,5000.0,18597.0,2016 Yala.csv,Yala,2016,30983.29971917259,-12386.299719172592,-66.60375178347363,33.396248216526374,Below Expected
HAMBANTOTA,18790.0,3195.0,459.0,22444.0,18537.0,3076.0,429.0,22042.0,5224.0,5825.0,2687.0,5259.0,19258.0,101267.0,2016 Yala.csv,Yala,2016,100026.0769132342,1240.9230867658043,1.2253973029375853,98.77460269706242,As Expected
JAFFNA,0.0,0.0,0.0,0.0,0.0,0.0,0.0,0.0,0.0,0.0,0.0,0.0,0.0,0.0,2016 Yala.csv,Yala,2016,7923.789127668549,-7923.789127668549,-inf,-inf,Below Expected
MANNAR,956.0,1460.0,0.0,2416.0,946.0,1054.0,0.0,2000.0,5283.0,3155.0,0.0,4162.0,1910.0,7949.0,2016 Yala.csv,Yala,2016,15113.629114927198,-7164.629114927198,-90.13245835862622,9.867541641373776,Below Expected
VAVUNIYA,1123.0,2248.0,0.0,3371.0,1121.0,0.0,0.0,1121.0,4165.0,0.0,0.0,4165.0,1058.0,4405.0,2016 Yala.csv,Yala,2016,22054.836236036288,-17649.836236036288,-400.67732658425166,-300.67732658425166,Below Expected
MULATIVU,4059.0,1285.0,0.0,5344.0,4059.0,1285.0,0.0,5344.0,4333.0,4185.0,0.0,4297.0,5042.0,21666.0,2016 Yala.csv,Yala,2016,23294.45811513746,-1628.4581151374587,-7.516191798843621,92.48380820115638,Below Expected
KILLINOCHCHI,2382.0,60.0,0.0,2442.0,2382.0,60.0,0.0,2442.0,4380.0,3606.0,0.0,4360.0,2168.0,9452.0,2016 Yala.csv,Yala,2016,23218.00588166213,-13766.005881662131,-145.64119637814358,-45.641196378143576,Below Expected
BATTICALOA,22694.0,3483.0,1183.0,27360.0,22694.0,3483.0,1153.0,27330.0,3495.0,3709.0,3836.0,3536.0,24122.0,85305.0,2016 Yala.csv,Yala,2016,83445.72132577865,1859.2786742213502,2.1795658803368503,97.82043411966315,As Expected
AMPARA,60480.0,2125.0,1399.0,64004.0,60479.0,2125.0,1399.0,64003.0,4729.0,5440.0,5337.0,4766.0,61167.0,291520.0,2016 Yala.csv,Yala,2016,217140.3835758011,74379.6164241989,25.51441287877295,74.48558712122704,Above Expected
TRINCOMALEE,16978.0,3985.0,0.0,20963.0,16978.0,3985.0,0.0,20963.0,4928.0,4754.0,0.0,4895.0,19474.0,95320.0,2016 Yala.csv,Yala,2016,79840.38098553187,15479.619014468131,16.23963388005469,83.7603661199453,Above Expected
KURUNEGALA,13890.0,22112.0,14188.0,50190.0,13858.0,21614.0,13884.0,49356.0,4524.0,3459.0,2675.0,3537.0,49357.0,174599.0,2016 Yala.csv,Yala,2016,195463.07354741436,-20864.07354741436,-11.94970964748616,88.05029035251384,Below Expected
PUTTALAM,6565.0,6901.0,684.0,14150.0,6377.0,6541.0,651.0,13569.0,3633.0,2960.0,3081.0,3282.0,11533.0,37850.0,2016 Yala.csv,Yala,2016,37462.302665254465,387.69733474553504,1.0242994312959974,98.975700568704,As Expected
ANURADHAPURA,19143.0,19538.0,20.0,38701.0,19085.0,19118.0,20.0,38223.0,4380.0,4208.0,5855.0,4295.0,30735.0,131995.0,2016 Yala.csv,Yala,2016,153457.3138430216,-21462.313843021606,-16.259944575947273,83.74005542405273,Below Expected
POLONNARUWA,51258.0,5006.0,0.0,56264.0,51239.0,5006.0,0.0,56245.0,5029.0,5240.0,0.0,5047.0,49754.0,251131.0,2016 Yala.csv,Yala,2016,237409.03306759038,13721.966932409618,5.464067332352285,94.53593266764771,Above Expected
BADULLA,8539.0,4123.0,17.0,12679.0,8539.0,4123.0,17.0,12679.0,4785.0,3656.0,2573.0,4415.0,10778.0,47583.0,2016 Yala.csv,Yala,2016,45814.11656709143,1768.883432908573,3.717469333393382,96.28253066660662,As Expected
MONARAGALA,6156.0,2998.0,251.0,9405.0,6156.0,2985.0,243.0,9384.0,4503.0,4153.0,3400.0,4363.0,9196.0,40121.0,2016 Yala.csv,Yala,2016,47224.254785495345,-7103.254785495345,-17.704580607400974,82.29541939259903,Below Expected
RATNAPURA,1760.0,3596.0,849.0,6205.0,1741.0,3556.0,835.0,6132.0,5083.0,3992.0,3039.0,4172.0,5212.0,21745.0,2016 Yala.csv,Yala,2016,29131.58828574827,-7386.588285748268,-33.969134448141034,66.03086555185897,Below Expected
KEGALLE,0.0,700.0,1762.0,2462.0,0.0,686.0,1732.0,2418.0,0.0,3416.0,3323.0,3349.0,2266.0,7588.0,2016 Yala.csv,Yala,2016,18258.732710067696,-10670.732710067696,-140.62641947901548,-40.62641947901548,Below Expected
UDA_WALAWE,10588.0,0.0,0.0,10588.0,10588.0,0.0,0.0,10588.0,6365.0,0.0,0.0,6365.0,10376.0,66042.0,2016 Yala.csv,Yala,2016,50108.54306067181,15933.456939328193,24.12624835608884,75.87375164391116,Above Expected
MAHAWELI_H,6627.0,0.0,0.0,6627.0,6627.0,0.0,0.0,6627.0,5111.0,0.0,0.0,5111.0,5943.0,30374.0,2016 Yala.csv,Yala,2016,44227.648277014305,-13853.648277014305,-45.610220178489186,54.389779821510814,Below Expected
COLOMBO,48.0,506.0,1688.0,2242.0,48.0,506.0,1687.0,2241.0,3527.0,3479.0,3422.0,3437.0,1905.0,6546.0,2016-2017 Maha.csv,Maha,2016-2017,14179.691797904503,-7633.691797904503,-116.61612890168809,-16.616128901688086,Below Expected
GAMPAHA,1418.0,2561.0,3953.0,7932.0,735.0,1715.0,2548.0,4998.0,2266.0,3479.0,3556.0,3340.0,4248.0,14187.0,2016-2017 Maha.csv,Maha,2016-2017,30571.705101830037,-16384.705101830037,-115.49097837337025,-15.490978373370254,Below Expected
KALUTARA,98.0,1386.0,7354.0,8838.0,98.0,1384.0,7352.0,8834.0,3061.0,3481.0,3588.0,3565.0,8149.0,29051.0,2016-2017 Maha.csv,Maha,2016-2017,34717.86142719864,-5666.861427198637,-19.506596768437014,80.49340323156298,Below Expected
KANDY,3548.0,3618.0,1394.0,8560.0,3536.0,3540.0,1224.0,8300.0,5142.0,4054.0,3105.0,4377.0,6563.0,28730.0,2016-2017 Maha.csv,Maha,2016-2017,34482.92751493221,-5752.927514932213,-20.02411247800979,79.97588752199022,Below Expected
MATALE,4818.0,2792.0,1739.0,9349.0,4608.0,2571.0,869.0,8048.0,4807.0,4200.0,3974.0,4523.0,7237.0,32734.0,2016-2017 Maha.csv,Maha,2016-2017,41784.8557514779,-9050.855751477902,-27.649709022661156,72.35029097733884,Below Expected
NUWARAELIYA,995.0,3316.0,11.0,4322.0,995.0,3316.0,11.0,4322.0,3631.0,3977.0,3893.0,3897.0,2435.0,9490.0,2016-2017 Maha.csv,Maha,2016-2017,15647.406384470924,-6157.4063844709235,-64.88310204921942,35.11689795078058,Below Expected
GALLE,66.0,263.0,7789.0,8118.0,66.0,244.0,7777.0,8087.0,3477.0,3481.0,3546.0,3543.0,6328.0,22423.0,2016-2017 Maha.csv,Maha,2016-2017,29105.078036267063,-6682.078036267063,-29.800107194697688,70.19989280530231,Below Expected
MATARA,3411.0,2823.0,5345.0,11579.0,3380.0,2817.0,5312.0,11509.0,4767.0,4687.0,4413.0,4584.0,9087.0,41652.0,2016-2017 Maha.csv,Maha,2016-2017,37640.02701498108,4011.972985018918,9.632125672282047,90.36787432771796,Above Expected
HAMBANTOTA,17858.0,3161.0,992.0,22011.0,17703.0,3084.0,963.0,21750.0,5387.0,4943.0,3787.0,5253.0,19003.0,99825.0,2016-2017 Maha.csv,Maha,2016-2017,104022.60372472793,-4197.603724727931,-4.204962408943582,95.79503759105641,As Expected
JAFFNA,0.0,0.0,10049.0,10049.0,0.0,0.0,1830.0,1830.0,0.0,0.0,2021.0,2021.0,1624.0,3283.0,2016-2017 Maha.csv,Maha,2016-2017,17769.764967069616,-14486.764967069616,-441.2660666180206,-341.2660666180206,Below Expected
MANNAR,11586.0,2949.0,30.0,14565.0,11211.0,2652.0,0.0,13863.0,4543.0,2968.0,0.0,4242.0,13236.0,56149.0,2016-2017 Maha.csv,Maha,2016-2017,39975.69579352356,16173.304206476438,28.80426046140882,71.19573953859118,Above Expected
VAVUNIYA,2845.0,6854.0,1316.0,11015.0,2622.0,2640.0,139.0,5401.0,4395.0,4307.0,3688.0,4334.0,5095.0,22083.0,2016-2017 Maha.csv,Maha,2016-2017,32024.17185447696,-9941.171854476961,-45.01730677207336,54.98269322792664,Below Expected
MULATIVU,7226.0,4504.0,3932.0,15662.0,3594.0,1316.0,857.0,5767.0,3231.0,2166.0,3020.0,2957.0,5441.0,16087.0,2016-2017 Maha.csv,Maha,2016-2017,34297.937596523494,-18210.937596523494,-113.2028196464443,-13.202819646444297,Below Expected
KILLINOCHCHI,11352.0,434.0,13170.0,24956.0,9838.0,304.0,4921.0,15063.0,4106.0,3331.0,3778.0,3983.0,13366.0,53241.0,2016-2017 Maha.csv,Maha,2016-2017,66248.98158844658,-13007.981588446579,-24.432263835101857,75.56773616489815,Below Expected
BATTICALOA,20104.0,3397.0,39335.0,62836.0,17788.0,2609.0,16469.0,36866.0,3078.0,2709.0,1880.0,2516.0,32537.0,81878.0,2016-2017 Maha.csv,Maha,2016-2017,187820.8092457104,-105942.8092457104,-129.39105650566748,-29.39105650566748,Below Expected
AMPARA*,62222.0,3667.0,15569.0,81458.0,59214.0,1507.0,7016.0,67737.0,5074.0,3226.0,2681.0,4785.0,64736.0,309733.0,2016-2017 Maha.csv,Maha,2016-2017,273644.89801228256,36088.10198771744,11.65135842409993,88.34864157590007,Above Expected
TRINCOMALEE,16131.0,5753.0,7352.0,29236.0,15127.0,2601.0,647.0,18375.0,4579.0,3307.0,3380.0,4356.0,17071.0,74365.0,2016-2017 Maha.csv,Maha,2016-2017,84003.2371556032,-9638.237155603201,-12.960716944265718,87.03928305573429,Below Expected
KURUNEGALA,10235.0,17599.0,18954.0,46788.0,8180.0,6933.0,3368.0,18481.0,5014.0,4061.0,4373.0,4540.0,18481.0,83898.0,2016-2017 Maha.csv,Maha,2016-2017,173430.00848371617,-89532.00848371617,-106.71530725847597,-6.715307258475974,Below Expected
PUTTALAM,4678.0,5356.0,1502.0,11536.0,3961.0,2273.0,543.0,6777.0,4005.0,3022.0,3380.0,3625.0,5761.0,20885.0,2016-2017 Maha.csv,Maha,2016-2017,39113.46237023072,-18228.46237023072,-87.2801645689764,12.719835431023597,Below Expected
ANURADHAPURA,12610.0,15784.0,9459.0,37853.0,11643.0,7704.0,389.0,19736.0,4827.0,4295.0,4248.0,4608.0,15870.0,73127.0,2016-2017 Maha.csv,Maha,2016-2017,158305.18271967684,-85178.18271967684,-116.47979914351312,-16.47979914351312,Below Expected
POLONNARUWA*,43672.0,5175.0,774.0,49621.0,42034.0,5175.0,573.0,47782.0,5198.0,4271.0,3747.0,5080.0,42268.0,214722.0,2016-2017 Maha.csv,Maha,2016-2017,191737.4228871968,22984.577112803207,10.704341945773235,89.29565805422676,Above Expected
BADULLA,9914.0,6955.0,2924.0,19793.0,9793.0,6811.0,1405.0,18009.0,4936.0,4072.0,2265.0,4401.0,15308.0,67366.0,2016-2017 Maha.csv,Maha,2016-2017,69116.2064836751,-1750.2064836750942,-2.598056116846917,97.40194388315308,As Expected
MONARAGALA,6135.0,6546.0,12999.0,25680.0,5974.0,4900.0,1751.0,12625.0,4589.0,3437.0,3007.0,3922.0,12371.0,48526.0,2016-2017 Maha.csv,Maha,2016-2017,80050.1324578244,-31524.132457824395,-64.96338552080203,35.036614479197965,Below Expected
RATNAPURA,1853.0,4370.0,1732.0,7955.0,1851.0,4247.0,1651.0,7749.0,4978.0,3471.0,2843.0,3697.0,6587.0,24353.0,2016-2017 Maha.csv,Maha,2016-2017,32794.1188403487,-8441.118840348703,-34.66151537941405,65.33848462058594,Below Expected
KEGALLE,0.0,1168.0,2523.0,3691.0,0.0,686.0,1159.0,1845.0,0.0,4057.0,3960.0,3996.0,1728.0,6906.0,2016-2017 Maha.csv,Maha,2016-2017,22073.262802804526,-15167.262802804526,-219.62442517817152,-119.62442517817152,Below Expected
UDA_WALAWE,1206.0,0.0,0.0,1206.0,1206.0,0.0,0.0,1206.0,5085.0,0.0,0.0,5085.0,1182.0,6010.0,2016-2017 Maha.csv,Maha,2016-2017,36454.13571636844,-30444.135716368437,-506.55799860845985,-406.55799860845985,Below Expected
MAHAWELI_H,5705.0,0.0,0.0,5705.0,5655.0,0.0,0.0,5655.0,5241.0,0.0,0.0,5241.0,5072.0,26582.0,2016-2017 Maha.csv,Maha,2016-2017,59020.685379083574,-32438.685379083574,-122.03252343346465,-22.032523433464647,Below Expected
COLOMBO,24.0,224.0,698.0,946.0,23.0,218.0,667.0,908.0,2584.0,2627.0,2755.0,2720.0,772.0,2099.0,2017 Yala.csv,Yala,2017,9114.987095603166,-7015.987095603166,-334.2537920725663,-234.25379207256628,Below Expected
GAMPAHA,887.0,656.0,1185.0,2728.0,830.0,598.0,1168.0,2596.0,3368.0,2621.0,2203.0,2672.0,2206.0,5895.0,2017 Yala.csv,Yala,2017,18587.468989812114,-12692.468989812114,-215.30905835135053,-115.30905835135053,Below Expected
KALUTARA,102.0,974.0,4709.0,5785.0,102.0,941.0,4592.0,5635.0,3123.0,3065.0,3263.0,3228.0,5199.0,16778.0,2017 Yala.csv,Yala,2017,25050.648143161587,-8272.648143161587,-49.30652129670751,50.69347870329249,Below Expected
KANDY,3645.0,1979.0,653.0,6277.0,3645.0,1943.0,631.0,6219.0,5013.0,3084.0,2559.0,4162.0,4918.0,20468.0,2017 Yala.csv,Yala,2017,27317.90167748295,-6849.901677482951,-33.4663947502587,66.5336052497413,Below Expected
MATALE,3520.0,1732.0,205.0,5457.0,3339.0,1628.0,171.0,5138.0,4435.0,4054.0,3319.0,4277.0,4620.0,19762.0,2017 Yala.csv,Yala,2017,28136.76395504325,-8374.76395504325,-42.37811939602899,57.62188060397101,Below Expected
NUWARAELIYA,279.0,862.0,1.0,1142.0,279.0,862.0,1.0,1142.0,4152.0,3447.0,2654.0,3619.0,644.0,2329.0,2017 Yala.csv,Yala,2017,12021.377813607165,-9692.377813607165,-416.160490064713,-316.160490064713,Below Expected
GALLE,0.0,102.0,4817.0,4919.0,0.0,98.0,4752.0,4850.0,0.0,2692.0,2443.0,2448.0,3795.0,9291.0,2017 Yala.csv,Yala,2017,18918.21150030971,-9627.21150030971,-103.61867937046291,-3.618679370462914,Below Expected
MATARA,3626.0,2885.0,5410.0,11921.0,3554.0,2836.0,5246.0,11636.0,3841.0,3333.0,3340.0,3491.0,9188.0,32078.0,2017 Yala.csv,Yala,2017,34744.86636868845,-2666.8663686884465,-8.313692776009871,91.68630722399013,Below Expected
HAMBANTOTA,17090.0,3155.0,722.0,20967.0,16940.0,3118.0,714.0,20772.0,5667.0,4130.0,3073.0,5348.0,18149.0,97050.0,2017 Yala.csv,Yala,2017,96705.91773338518,344.08226661481604,0.35454123298796086,99.64545876701204,As Expected
JAFFNA,0.0,0.0,0.0,0.0,0.0,0.0,0.0,0.0,0.0,0.0,0.0,0.0,0.0,0.0,2017 Yala.csv,Yala,2017,8048.633807975841,-8048.633807975841,-inf,-inf,Below Expected
MANNAR,0.0,101.0,0.0,101.0,0.0,101.0,0.0,101.0,0.0,2839.0,0.0,2839.0,97.0,274.0,2017 Yala.csv,Yala,2017,14373.811889770315,-14099.811889770315,-5145.916748091356,-5045.916748091356,Below Expected
VAVUNIYA,159.0,328.0,0.0,487.0,159.0,312.0,0.0,471.0,5321.0,3871.0,0.0,4361.0,445.0,1940.0,2017 Yala.csv,Yala,2017,18846.35538271613,-16906.35538271613,-871.4616176657798,-771.4616176657798,Below Expected
MULATIVU,747.0,187.0,0.0,934.0,747.0,158.0,0.0,905.0,3195.0,3273.0,0.0,3209.0,855.0,2742.0,2017 Yala.csv,Yala,2017,18195.92147566967,-15453.921475669671,-563.6003455751156,-463.6003455751156,Below Expected
KILLINOCHCHI,1365.0,64.0,0.0,1429.0,1287.0,64.0,0.0,1351.0,3992.0,4289.0,0.0,4006.0,1198.0,4801.0,2017 Yala.csv,Yala,2017,20218.786607229362,-15417.786607229362,-321.136984112255,-221.136984112255,Below Expected
BATTICALOA,19696.0,3312.0,1203.0,24211.0,19024.0,2706.0,481.0,22211.0,3294.0,4296.0,4006.0,3431.0,19603.0,67263.0,2017 Yala.csv,Yala,2017,78423.24816708537,-11160.248167085374,-16.59195719353192,83.40804280646807,Below Expected
AMPARA,43832.0,2255.0,215.0,46302.0,43501.0,2221.0,215.0,45937.0,4279.0,3773.0,3629.0,4251.0,43902.0,186647.0,2017 Yala.csv,Yala,2017,177164.5065591609,9482.493440839113,5.080442461351703,94.91955753864829,Above Expected
TRINCOMALEE,8031.0,946.0,0.0,8977.0,7982.0,908.0,0.0,8890.0,4861.0,4691.0,0.0,4843.0,8259.0,40002.0,2017 Yala.csv,Yala,2017,51531.80497568494,-11529.804975684943,-28.823071285648076,71.17692871435193,Below Expected
KURUNEGALA,4675.0,4031.0,7118.0,15824.0,4607.0,2395.0,2726.0,9728.0,4954.0,2812.0,3219.0,3940.0,9728.0,38332.0,2017 Yala.csv,Yala,2017,97243.29085348215,-58911.29085348215,-153.68697394730813,-53.68697394730813,Below Expected
PUTTALAM,1161.0,980.0,322.0,2463.0,761.0,84.0,136.0,981.0,3731.0,5025.0,5048.0,4024.0,834.0,3356.0,2017 Yala.csv,Yala,2017,25118.701819787162,-21762.701819787162,-648.4714487421681,-548.4714487421681,Below Expected
ANURADHAPURA,5833.0,2410.0,282.0,8525.0,5726.0,2274.0,272.0,8272.0,4230.0,3116.0,3782.0,3909.0,6652.0,26004.0,2017 Yala.csv,Yala,2017,99185.17055228414,-73181.17055228414,-281.42274477881915,-181.42274477881915,Below Expected
POLONNARUWA,36736.0,4138.0,8.0,40882.0,36363.0,3861.0,4.0,40228.0,4943.0,4275.0,2855.0,4878.0,35585.0,173595.0,2017 Yala.csv,Yala,2017,179698.3196870758,-6103.3196870757965,-3.515838409560066,96.48416159043994,As Expected
BADULLA,5122.0,3535.0,11.0,8668.0,5121.0,3529.0,11.0,8661.0,4822.0,3877.0,2886.0,4434.0,7363.0,32648.0,2017 Yala.csv,Yala,2017,38751.07476309853,-6103.074763098528,-18.693563964403726,81.30643603559628,Below Expected
MONARAGALA,6046.0,3605.0,249.0,9900.0,6045.0,3517.0,165.0,9727.0,4891.0,3920.0,2604.0,4502.0,9532.0,42911.0,2017 Yala.csv,Yala,2017,45042.7227796263,-2131.7227796263032,-4.967776979390607,95.0322230206094,As Expected
RATNAPURA,1857.0,3532.0,681.0,6070.0,1846.0,3471.0,643.0,5960.0,3167.0,3418.0,2733.0,3267.0,5066.0,16549.0,2017 Yala.csv,Yala,2017,27012.842059354276,-10463.842059354276,-63.22945228928803,36.77054771071197,Below Expected
KEGALLE,0.0,544.0,1132.0,1676.0,0.0,535.0,1125.0,1660.0,0.0,2701.0,2951.0,2871.0,1555.0,4463.0,2017 Yala.csv,Yala,2017,16591.908006987403,-12128.908006987403,-271.76580790919564,-171.76580790919564,Below Expected
UDA_WALAWE,6225.0,0.0,0.0,6225.0,6225.0,0.0,0.0,6225.0,5770.0,0.0,0.0,5770.0,6101.0,35202.0,2017 Yala.csv,Yala,2017,38492.58032904201,-3290.580329042008,-9.347708451343696,90.65229154865631,Below Expected
MAHAWELI_H,6307.0,0.0,0.0,6307.0,6275.0,0.0,0.0,6275.0,4770.0,0.0,0.0,4770.0,5627.0,26842.0,2017 Yala.csv,Yala,2017,42208.21480217357,-15366.21480217357,-57.24690709400778,42.75309290599222,Below Expected
COLOMBO,296.0,760.0,2127.0,3183.0,296.0,760.0,2127.0,3183.0,3487.0,3245.0,3529.0,3458.0,2705.0,9354.0,2017-2018 Maha.csv,Maha,2017-2018,17945.230200879614,-8591.230200879614,-91.84552278041068,8.154477219589324,Below Expected
GAMPAHA,1549.0,3505.0,5594.0,10648.0,1469.0,3485.0,5562.0,10516.0,3931.0,4177.0,3495.0,3782.0,8939.0,33805.0,2017-2018 Maha.csv,Maha,2017-2018,40217.22632716596,-6412.226327165961,-18.968277849921495,81.03172215007851,Below Expected
KALUTARA,143.0,1412.0,9529.0,11084.0,143.0,1410.0,9486.0,11039.0,3532.0,3497.0,3325.0,3349.0,10184.0,34107.0,2017-2018 Maha.csv,Maha,2017-2018,44081.901179488545,-9974.901179488545,-29.24590605883996,70.75409394116004,Below Expected
KANDY,4214.0,4825.0,1996.0,11035.0,4214.0,4802.0,1826.0,10842.0,4714.0,3484.0,2824.0,3851.0,8574.0,33019.0,2017-2018 Maha.csv,Maha,2017-2018,41811.71142173418,-8792.71142173418,-26.629248074545504,73.3707519254545,Below Expected
MATALE,6944.0,6421.0,3515.0,16880.0,6900.0,6179.0,2887.0,15966.0,4268.0,5165.0,4685.0,4690.0,14359.0,67348.0,2017-2018 Maha.csv,Maha,2017-2018,64470.62538143142,2877.3746185685814,4.272398020087577,95.72760197991242,As Expected
NUWARAELIYA,851.0,3825.0,29.0,4705.0,851.0,3824.0,29.0,4704.0,4034.0,3276.0,3978.0,3417.0,2651.0,9058.0,2017-2018 Maha.csv,Maha,2017-2018,16514.590470897812,-7456.590470897812,-82.32049537312666,17.67950462687334,Below Expected
GALLE,201.0,2126.0,8448.0,10775.0,201.0,2126.0,8398.0,10725.0,3319.0,2458.0,3111.0,2986.0,8393.0,25059.0,2017-2018 Maha.csv,Maha,2017-2018,36851.90481708925,-11792.90481708925,-47.06055635535835,52.93944364464165,Below Expected
MATARA,4091.0,3233.0,6164.0,13488.0,4087.0,3210.0,6150.0,13447.0,4152.0,3617.0,3678.0,3808.0,10617.0,40425.0,2017-2018 Maha.csv,Maha,2017-2018,46264.558499563165,-5839.558499563165,-14.44541372804741,85.55458627195259,Below Expected
HAMBANTOTA,27585.0,5851.0,1259.0,34695.0,27585.0,5851.0,1259.0,34695.0,5956.0,5479.0,3115.0,5773.0,30313.0,174989.0,2017-2018 Maha.csv,Maha,2017-2018,136196.1315249107,38792.868475089286,22.168746878426234,77.83125312157377,Above Expected
JAFFNA,0.0,0.0,10424.0,10424.0,0.0,0.0,8964.0,8964.0,0.0,0.0,2055.0,2055.0,7955.0,16345.0,2017-2018 Maha.csv,Maha,2017-2018,22746.410146970837,-6401.410146970837,-39.16433249905681,60.83566750094319,Below Expected
MANNAR,15368.0,3958.0,79.0,19405.0,14512.0,3665.0,48.0,18225.0,4722.0,3565.0,3544.0,4487.0,17401.0,78071.0,2017-2018 Maha.csv,Maha,2017-2018,68644.4206141779,9426.5793858221,12.07436741661065,87.92563258338934,Above Expected
VAVUNIYA,2491.0,8588.0,1826.0,12905.0,2412.0,5941.0,450.0,8803.0,4396.0,4133.0,4488.0,4223.0,8305.0,35071.0,2017-2018 Maha.csv,Maha,2017-2018,39591.23933634366,-4520.239336343657,-12.888823633040566,87.11117636695943,Below Expected
MULATIVU,7902.0,4757.0,7126.0,19785.0,6560.0,3809.0,4342.0,14711.0,4643.0,3406.0,3425.0,3963.0,13879.0,55005.0,2017-2018 Maha.csv,Maha,2017-2018,58831.39006509149,-3826.3900650914875,-6.956440441944347,93.04355955805565,Below Expected
KILLINOCHCHI,11418.0,553.0,14789.0,26760.0,11407.0,553.0,12508.0,24468.0,4536.0,4566.0,3903.0,4213.0,21713.0,91484.0,2017-2018 Maha.csv,Maha,2017-2018,78381.79768132349,13102.202318676515,14.321851163784395,85.6781488362156,Above Expected
BATTICALOA,22656.0,3625.0,38515.0,64796.0,22656.0,3625.0,38515.0,64796.0,3838.0,3062.0,2670.0,3100.0,57189.0,177289.0,2017-2018 Maha.csv,Maha,2017-2018,183277.3980820876,-5988.398082087602,-3.3777606518665015,96.6222393481335,As Expected
AMPARA,61028.0,4582.0,15683.0,81293.0,60974.0,4392.0,10958.0,76324.0,4803.0,3296.0,3730.0,4562.0,72943.0,332767.0,2017-2018 Maha.csv,Maha,2017-2018,262810.88615272124,69956.11384727876,21.022551469129677,78.97744853087032,Above Expected
TRINCOMALEE,20463.0,8040.0,10449.0,38952.0,20463.0,7626.0,9918.0,38007.0,4895.0,3104.0,3162.0,4083.0,35308.0,144171.0,2017-2018 Maha.csv,Maha,2017-2018,113736.8659764872,30434.1340235128,21.10974746898669,78.89025253101332,Above Expected
KURUNEGALA,11791.0,16442.0,19383.0,47616.0,11691.0,13914.0,16936.0,42541.0,5324.0,4466.0,3754.0,4418.0,42541.0,187951.0,2017-2018 Maha.csv,Maha,2017-2018,184878.1138111969,3072.886188803095,1.634940058208307,98.3650599417917,As Expected
PUTTALAM,2093.0,2996.0,791.0,5880.0,2051.0,2588.0,540.0,5179.0,3806.0,4517.0,3821.0,4163.0,4402.0,18322.0,2017-2018 Maha.csv,Maha,2017-2018,41755.1432153652,-23433.1432153652,-127.89620792143432,-27.896207921434325,Below Expected
ANURADHAPURA,23519.0,28352.0,7687.0,59558.0,23051.0,21436.0,3214.0,47701.0,4942.0,3996.0,3416.0,4414.0,38357.0,169316.0,2017-2018 Maha.csv,Maha,2017-2018,232067.14953147157,-62751.14953147157,-37.06155917424908,62.93844082575092,Below Expected
POLONNARUWA,54997.0,7572.0,2834.0,65403.0,54515.0,7371.0,2791.0,64677.0,5055.0,3688.0,3850.0,4848.0,57214.0,277349.0,2017-2018 Maha.csv,Maha,2017-2018,246455.70077219018,30893.299227809825,11.138781545204715,88.86121845479528,Above Expected
BADULLA,5908.0,9628.0,4716.0,20252.0,5906.0,9600.0,4008.0,19514.0,5199.0,4114.0,3616.0,4340.0,16587.0,71989.0,2017-2018 Maha.csv,Maha,2017-2018,76952.63697463875,-4963.63697463875,-6.894993644360596,93.1050063556394,Below Expected
MONARAGALA,9104.0,10439.0,16830.0,36373.0,9086.0,10069.0,10572.0,29727.0,4984.0,4281.0,3234.0,4123.0,29131.0,120120.0,2017-2018 Maha.csv,Maha,2017-2018,116513.59285970422,3606.407140295778,3.0023369466331817,96.99766305336682,As Expected
RATNAPURA,2102.0,5369.0,2529.0,10000.0,2102.0,5345.0,2509.0,9956.0,4289.0,3542.0,2825.0,3519.0,8462.0,29775.0,2017-2018 Maha.csv,Maha,2017-2018,42432.98169671274,-12657.98169671274,-42.5121131711595,57.4878868288405,Below Expected
KEGALLE,0.0,1757.0,4036.0,5793.0,0.0,1744.0,3980.0,5724.0,0.0,4301.0,4403.0,4372.0,5363.0,23443.0,2017-2018 Maha.csv,Maha,2017-2018,27997.94622530707,-4554.946225307071,-19.42987768334714,80.57012231665286,Below Expected
UDA_WALAWE,10492.0,0.0,0.0,10492.0,10492.0,0.0,0.0,10492.0,6355.0,0.0,0.0,6355.0,10282.0,65345.0,2017-2018 Maha.csv,Maha,2017-2018,51639.24962240694,13705.75037759306,20.974443917045008,79.02555608295499,Above Expected
MAHAWELI,15011.0,0.0,0.0,15011.0,15002.0,0.0,0.0,15002.0,5645.0,0.0,0.0,5645.0,13454.0,75949.0,2017-2018 Maha.csv,Maha,2017-2018,51145.11668811051,24803.88331188949,32.65860421057485,67.34139578942515,Above Expected
COLOMBO,130.0,202.0,843.0,1175.0,130.0,202.0,842.0,1174.0,2724.0,3481.0,3289.0,3259.0,997.0,3250.0,2018 Yala.csv,Yala,2018,9133.462662536309,-5883.462662536309,-181.02962038573258,-81.02962038573258,Below Expected
GAMPAHA,1383.0,2102.0,2678.0,6163.0,1244.0,2004.0,2518.0,5766.0,3193.0,2532.0,3759.0,3210.0,4901.0,15735.0,2018 Yala.csv,Yala,2018,21767.826037088424,-6032.826037088424,-38.34017182769891,61.65982817230109,Below Expected
KALUTARA,96.0,891.0,5191.0,6178.0,96.0,887.0,5125.0,6108.0,3271.0,3098.0,3019.0,3034.0,5634.0,17096.0,2018 Yala.csv,Yala,2018,25737.669585910437,-8641.669585910437,-50.54790352076765,49.45209647923235,Below Expected
KANDY,2214.0,2666.0,1509.0,6389.0,2213.0,2630.0,1489.0,6332.0,5247.0,3672.0,3564.0,4197.0,5007.0,21014.0,2018 Yala.csv,Yala,2018,28241.280998771377,-7227.280998771377,-34.39269534011315,65.60730465988685,Below Expected
MATALE,3760.0,3591.0,616.0,7967.0,3753.0,3458.0,502.0,7713.0,4788.0,4510.0,3209.0,4561.0,6936.0,31633.0,2018 Yala.csv,Yala,2018,32260.6487501319,-627.6487501318989,-1.9841581580371728,98.01584184196282,As Expected
NUWARAELIYA,488.0,2027.0,7.0,2522.0,487.0,2012.0,6.0,2505.0,4317.0,3977.0,3007.0,4041.0,1411.0,5703.0,2018 Yala.csv,Yala,2018,13032.175321816092,-7329.175321816092,-128.51438404026112,-28.51438404026112,Below Expected
GALLE,6.0,767.0,3172.0,3945.0,6.0,766.0,3172.0,3944.0,2708.0,3275.0,3188.0,3204.0,3087.0,9893.0,2018 Yala.csv,Yala,2018,19491.821965306342,-9598.821965306342,-97.02640215613407,2.9735978438659316,Below Expected
MATARA,3996.0,2972.0,5255.0,12223.0,3965.0,2945.0,5152.0,12062.0,4717.0,3399.0,3478.0,3866.0,9523.0,36814.0,2018 Yala.csv,Yala,2018,37721.622229559485,-907.6222295594853,-2.4654268201213814,97.53457317987862,As Expected
HAMBANTOTA,18959.0,4632.0,1180.0,24771.0,18919.0,4596.0,1180.0,24695.0,6735.0,5113.0,2948.0,6252.0,21577.0,134904.0,2018 Yala.csv,Yala,2018,107083.47560028586,27820.524399714137,20.622460712591277,79.37753928740872,Above Expected
JAFFNA,0.0,0.0,0.0,0.0,0.0,0.0,0.0,0.0,0.0,0.0,0.0,0.0,0.0,0.0,2018 Yala.csv,Yala,2018,7942.637747225155,-7942.637747225155,-inf,-inf,Below Expected
MANNAR,479.0,0.0,0.0,479.0,479.0,0.0,0.0,479.0,4777.0,0.0,0.0,4777.0,457.0,2185.0,2018 Yala.csv,Yala,2018,15226.84731557892,-13041.84731557892,-596.8808840081886,-496.88088400818856,Below Expected
VAVUNIYA,293.0,157.0,0.0,450.0,283.0,126.0,0.0,409.0,4045.0,3994.0,0.0,4029.0,386.0,1557.0,2018 Yala.csv,Yala,2018,20797.19780289488,-19240.19780289488,-1235.7224022411613,-1135.7224022411613,Below Expected
MULATIVU,1235.0,400.0,0.0,1635.0,1235.0,400.0,0.0,1635.0,4116.0,4257.0,0.0,4151.0,1543.0,6403.0,2018 Yala.csv,Yala,2018,18989.322611963406,-12586.322611963406,-196.56914902332352,-96.56914902332352,Below Expected
KILLINOCHCHI,948.0,0.0,0.0,948.0,948.0,0.0,0.0,948.0,4773.0,0.0,0.0,4773.0,841.0,4016.0,2018 Yala.csv,Yala,2018,22732.130154182076,-18716.130154182076,-466.03909746469316,-366.03909746469316,Below Expected
BATTICALOA,19159.0,4498.0,1998.0,25655.0,19159.0,4498.0,1998.0,25655.0,4338.0,3555.0,3099.0,4104.0,22643.0,92926.0,2018 Yala.csv,Yala,2018,85206.72539955034,7719.2746004496585,8.306905064728557,91.69309493527145,Above Expected
AMPARA,41981.0,1912.0,369.0,44262.0,39658.0,1900.0,369.0,41927.0,4878.0,4256.0,3769.0,4840.0,40070.0,193924.0,2018 Yala.csv,Yala,2018,146928.31523482467,46995.684765175334,24.2340735366305,75.7659264633695,Above Expected
TRINCOMALEE,17291.0,3054.0,8.0,20353.0,17291.0,3054.0,8.0,20353.0,5100.0,4399.0,3259.0,4994.0,18909.0,94434.0,2018 Yala.csv,Yala,2018,79529.57725745384,14904.422742546158,15.782898895044326,84.21710110495567,Above Expected
KURUNEGALA,11239.0,21515.0,17507.0,50261.0,10916.0,19355.0,16559.0,46830.0,5208.0,3663.0,3311.0,3899.0,46830.0,182575.0,2018 Yala.csv,Yala,2018,199450.47253902338,-16875.47253902338,-9.243035760111395,90.7569642398886,Below Expected
PUTTALAM,5352.0,6870.0,779.0,13001.0,5182.0,6234.0,665.0,12081.0,4634.0,4504.0,3848.0,4524.0,10269.0,46454.0,2018 Yala.csv,Yala,2018,39442.04587970432,7011.9541202956825,15.094403324354595,84.9055966756454,Above Expected
ANURADHAPURA,15434.0,5666.0,141.0,21241.0,15213.0,4916.0,121.0,20250.0,5696.0,3957.0,3831.0,5262.0,16283.0,85691.0,2018 Yala.csv,Yala,2018,130826.69080117682,-45135.690801176825,-52.67261532853722,47.32738467146278,Below Expected
POLONNARUWA,55651.0,5907.0,1.0,61559.0,54192.0,5672.0,1.0,59865.0,5080.0,4974.0,3777.0,5070.0,52957.0,268472.0,2018 Yala.csv,Yala,2018,247344.06288871818,21127.93711128182,7.869698557496431,92.13030144250357,Above Expected
BADULLA,7364.0,3414.0,32.0,10810.0,7364.0,3403.0,32.0,10799.0,4953.0,4078.0,3395.0,4673.0,9179.0,42893.0,2018 Yala.csv,Yala,2018,46648.97296789644,-3755.972967896443,-8.756610560922395,91.2433894390776,Below Expected
MONARAGALA,6044.0,6065.0,711.0,12820.0,5901.0,6009.0,668.0,12578.0,3872.0,3678.0,2070.0,3684.0,12326.0,45405.0,2018 Yala.csv,Yala,2018,51055.280472924955,-5650.280472924955,-12.444181197940656,87.55581880205935,Below Expected
RATNAPURA,2040.0,4163.0,1090.0,7293.0,2040.0,4146.0,1079.0,7265.0,4393.0,4107.0,3130.0,4042.0,6176.0,24963.0,2018 Yala.csv,Yala,2018,29762.875002745885,-4799.875002745885,-19.22795738791766,80.77204261208234,Below Expected
KEGALLE,0.0,1387.0,3276.0,4663.0,0.0,1377.0,3245.0,4622.0,0.0,3267.0,3063.0,3124.0,4330.0,13527.0,2018 Yala.csv,Yala,2018,19866.090583273308,-6339.090583273308,-46.862501539685866,53.137498460314134,Below Expected
UDA_WALAWE,10518.0,0.0,0.0,10518.0,10518.0,0.0,0.0,10518.0,6560.0,0.0,0.0,6560.0,10307.0,67617.0,2018 Yala.csv,Yala,2018,52261.002234641834,15355.997765358166,22.71026186514954,77.28973813485047,Above Expected
MAHAWELI_H,16482.0,0.0,0.0,16482.0,16453.0,0.0,0.0,16453.0,5681.0,0.0,0.0,5681.0,14755.0,83821.0,2018 Yala.csv,Yala,2018,62643.201637289414,21177.798362710586,25.26550430406531,74.7344956959347,Above Expected
COLOMBO,306.0,718.0,2208.0,3232.0,306.0,718.0,2208.0,3232.0,3899.0,3576.0,3433.0,3509.0,2747.0,9638.0,2018-2019 Maha.csv,Maha,2018-2019,22688.21925350762,-13050.219253507621,-135.40381047424384,-35.40381047424384,Below Expected
GAMPAHA,1589.0,3378.0,5377.0,10344.0,1577.0,3278.0,5236.0,10091.0,3401.0,3681.0,3835.0,3717.0,8577.0,31882.0,2018-2019 Maha.csv,Maha,2018-2019,41905.31828320914,-10023.31828320914,-31.438800210805912,68.56119978919409,Below Expected
KALUTARA,115.0,1347.0,8835.0,10297.0,115.0,1346.0,8831.0,10292.0,3842.0,3546.0,3654.0,3642.0,9494.0,34573.0,2018-2019 Maha.csv,Maha,2018-2019,47911.41970314066,-13338.419703140658,-38.58045209597275,61.41954790402725,Below Expected
KANDY,4244.0,4805.0,2063.0,11112.0,4244.0,4779.0,2049.0,11072.0,5218.0,3640.0,3880.0,4289.0,8755.0,37554.0,2018-2019 Maha.csv,Maha,2018-2019,46928.11623988949,-9374.116239889488,-24.96169846058872,75.03830153941128,Below Expected
MATALE,7195.0,7604.0,4316.0,19115.0,7192.0,7521.0,4134.0,18847.0,5666.0,5301.0,4477.0,5260.0,16950.0,89147.0,2018-2019 Maha.csv,Maha,2018-2019,77285.22052305173,11861.779476948272,13.305865006055473,86.69413499394453,Above Expected
NUWARAELIYA,843.0,3799.0,18.0,4660.0,843.0,3799.0,18.0,4660.0,4601.0,5090.0,4231.0,4998.0,2626.0,13124.0,2018-2019 Maha.csv,Maha,2018-2019,22654.018308459134,-9530.018308459134,-72.61519588889922,27.384804111100777,Below Expected
GALLE,197.0,1509.0,6607.0,8313.0,196.0,1509.0,6603.0,8308.0,4050.0,2751.0,3336.0,3247.0,6502.0,21112.0,2018-2019 Maha.csv,Maha,2018-2019,38603.024532287585,-17491.024532287585,-82.84873310102115,17.151266898978847,Below Expected
MATARA,4078.0,3071.0,5801.0,12950.0,4005.0,3058.0,5738.0,12801.0,4602.0,4019.0,3927.0,4160.0,10106.0,42043.0,2018-2019 Maha.csv,Maha,2018-2019,52285.139892071915,-10242.139892071915,-24.36110622950768,75.63889377049232,Below Expected
HAMBANTOTA,27269.0,5637.0,1258.0,34164.0,27269.0,5614.0,1258.0,34141.0,6804.0,6210.0,4507.0,6622.0,29829.0,197527.0,2018-2019 Maha.csv,Maha,2018-2019,137528.05996949456,59998.940030505444,30.37505760250773,69.62494239749228,Above Expected
JAFFNA,0.0,0.0,10588.0,10588.0,0.0,0.0,10171.0,10171.0,0.0,0.0,4224.0,4224.0,9026.0,38123.0,2018-2019 Maha.csv,Maha,2018-2019,26839.800230170396,11283.199769829604,29.59683070542613,70.40316929457387,Above Expected
MANNAR,15281.0,3907.0,79.0,19267.0,15281.0,3907.0,79.0,19267.0,5115.0,5128.0,3828.0,5112.0,18396.0,94045.0,2018-2019 Maha.csv,Maha,2018-2019,73806.59616000054,20238.40383999946,21.51991476420805,78.48008523579195,Above Expected
VAVUNIYA,4376.0,12326.0,2505.0,19207.0,4362.0,11560.0,2374.0,18296.0,5583.0,5683.0,5180.0,5594.0,17262.0,96567.0,2018-2019 Maha.csv,Maha,2018-2019,64934.17304476052,31632.826955239478,32.7573880883112,67.2426119116888,Above Expected
MULATIVU,6954.0,4242.0,5421.0,16617.0,5210.0,2907.0,2861.0,10978.0,5121.0,5287.0,4162.0,4915.0,10357.0,50907.0,2018-2019 Maha.csv,Maha,2018-2019,49113.77733328269,1793.222666717309,3.5225463427766495,96.47745365722335,As Expected
KILLINOCHCHI,11418.0,553.0,14794.0,26765.0,11258.0,521.0,14389.0,26168.0,4457.0,3866.0,2917.0,3599.0,23221.0,83563.0,2018-2019 Maha.csv,Maha,2018-2019,81188.09587669765,2374.9041233023454,2.8420522519564226,97.15794774804358,As Expected
BATTICALOA,24554.0,3841.0,38819.0,67214.0,24554.0,3841.0,38819.0,67214.0,3450.0,3474.0,3025.0,3206.0,59323.0,190167.0,2018-2019 Maha.csv,Maha,2018-2019,192171.75411921443,-2004.7541192144272,-1.0542071543508744,98.94579284564912,As Expected
AMPARA,60032.0,4533.0,15417.0,79982.0,59903.0,4452.0,12005.0,76360.0,5248.0,4502.0,4138.0,5030.0,72976.0,367085.0,2018-2019 Maha.csv,Maha,2018-2019,280409.89770322223,86675.10229677777,23.611725430561794,76.38827456943821,Above Expected
TRINCOMALEE,20243.0,7642.0,10702.0,38587.0,20243.0,7642.0,10583.0,38468.0,4681.0,4351.0,3320.0,4241.0,35737.0,151555.0,2018-2019 Maha.csv,Maha,2018-2019,115929.43383216952,35625.566167830475,23.50669141092704,76.49330858907297,Above Expected
KURUNEGALA,17944.0,36159.0,26267.0,80370.0,17937.0,35999.0,26139.0,80075.0,5660.0,4485.0,4370.0,4711.0,80076.0,377199.0,2018-2019 Maha.csv,Maha,2018-2019,281300.4454202023,95898.55457979772,25.42386235907246,74.57613764092754,Above Expected
PUTTALAM,7899.0,10857.0,1925.0,20681.0,7870.0,10720.0,1803.0,20393.0,4877.0,4486.0,3891.0,4584.0,17334.0,79462.0,2018-2019 Maha.csv,Maha,2018-2019,74451.23083444736,5010.769165552643,6.305868422079287,93.69413157792071,Above Expected
ANURADHAPURA,53254.0,45673.0,10886.0,109813.0,53188.0,45386.0,10680.0,109254.0,5889.0,5142.0,4207.0,5414.0,87851.0,475637.0,2018-2019 Maha.csv,Maha,2018-2019,297842.51756882854,177794.48243117146,37.38028841977631,62.61971158022369,Above Expected
POLONNARUWA,56720.0,6831.0,2419.0,65970.0,56679.0,6827.0,1682.0,65188.0,5083.0,5067.0,4840.0,5075.0,57666.0,292645.0,2018-2019 Maha.csv,Maha,2018-2019,258748.04562879182,33896.95437120818,11.582960368777249,88.41703963122275,Above Expected
BADULLA,10757.0,9572.0,5341.0,25670.0,10755.0,9534.0,5326.0,25615.0,5030.0,4545.0,4350.0,4708.0,21773.0,102511.0,2018-2019 Maha.csv,Maha,2018-2019,90165.74424395236,12345.255756047642,12.04285955267985,87.95714044732014,Above Expected
MONARAGALA,8893.0,10615.0,16536.0,36044.0,7050.0,9073.0,10057.0,26180.0,6515.0,4768.0,3915.0,4911.0,25656.0,125995.0,2018-2019 Maha.csv,Maha,2018-2019,121833.99642128662,4161.003578713382,3.3025148448060495,96.69748515519395,As Expected
RATNAPURA,3809.0,5029.0,2337.0,11175.0,3804.0,5022.0,2333.0,11159.0,5728.0,4290.0,3850.0,4688.0,9486.0,44475.0,2018-2019 Maha.csv,Maha,2018-2019,48109.98604937762,-3634.9860493776214,-8.173099605121127,91.82690039487888,Below Expected
KEGALLE,0.0,1776.0,4114.0,5890.0,0.0,1776.0,4114.0,5890.0,0.0,4551.0,4794.0,4721.0,5517.0,26045.0,2018-2019 Maha.csv,Maha,2018-2019,27166.08840693645,-1121.088406936451,-4.304428515785951,95.69557148421404,As Expected
COLOMBO,103.0,129.0,660.0,892.0,91.0,120.0,577.0,788.0,3534.0,3628.0,2872.0,3064.0,670.0,2054.0,2019 Yala.csv,Yala,2019,9436.21020720948,-7382.21020720948,-359.4065339439864,-259.4065339439864,Below Expected
GAMPAHA,1341.0,1917.0,2242.0,5500.0,738.0,1496.0,1949.0,4183.0,4031.0,2957.0,3178.0,3250.0,3556.0,11555.0,2019 Yala.csv,Yala,2019,21329.85324944274,-9774.853249442742,-84.59414322321716,15.40585677678284,Below Expected
KALUTARA,98.0,817.0,4161.0,5076.0,98.0,762.0,3882.0,4742.0,3075.0,2926.0,2838.0,2857.0,4375.0,12502.0,2019 Yala.csv,Yala,2019,25625.614216027596,-13123.614216027596,-104.97211818931046,-4.972118189310464,Below Expected
KANDY,3647.0,1488.0,723.0,5858.0,3647.0,1465.0,705.0,5817.0,3428.0,3060.0,3953.0,3399.0,4599.0,15632.0,2019 Yala.csv,Yala,2019,27204.402666058806,-11572.402666058806,-74.03021152801182,25.96978847198818,Below Expected
MATALE,3390.0,990.0,241.0,4621.0,3366.0,922.0,204.0,4492.0,5524.0,4572.0,3996.0,5259.0,4040.0,21247.0,2019 Yala.csv,Yala,2019,28950.00937912736,-7703.009379127361,-36.254574194603286,63.745425805396714,Below Expected
NUWARAELIYA,263.0,1224.0,0.0,1487.0,263.0,1224.0,0.0,1487.0,2390.0,2784.0,0.0,2715.0,838.0,2274.0,2019 Yala.csv,Yala,2019,12520.072326028068,-10246.072326028068,-450.5748604233979,-350.5748604233979,Below Expected
GALLE,20.0,537.0,2776.0,3333.0,15.0,380.0,2275.0,2670.0,2672.0,3199.0,2983.0,3012.0,2090.0,6295.0,2019 Yala.csv,Yala,2019,18861.565190048128,-12566.565190048128,-199.6277234320592,-99.62772343205921,Below Expected
MATARA,3876.0,2804.0,4626.0,11306.0,2806.0,2098.0,3846.0,8750.0,3577.0,3048.0,3100.0,3240.0,6908.0,22383.0,2019 Yala.csv,Yala,2019,35811.94763703372,-13428.947637033722,-59.99619191812412,40.00380808187588,Below Expected
HAMBANTOTA,27955.0,3974.0,773.0,32702.0,27645.0,3858.0,692.0,32195.0,5877.0,5019.0,3632.0,5726.0,28129.0,161070.0,2019 Yala.csv,Yala,2019,135695.23673166797,25374.763268332026,15.753873016906953,84.24612698309305,Above Expected
JAFFNA,0.0,0.0,0.0,0.0,0.0,0.0,0.0,0.0,0.0,0.0,0.0,0.0,0.0,0.0,2019 Yala.csv,Yala,2019,7895.212185027095,-7895.212185027095,-inf,-inf,Below Expected
MANNAR,909.0,16.0,0.0,925.0,902.0,13.0,0.0,915.0,5527.0,4634.0,0.0,5514.0,873.0,4815.0,2019 Yala.csv,Yala,2019,14394.518591373744,-9579.518591373744,-198.95158029852013,-98.95158029852013,Below Expected
VAVUNIYA,1514.0,850.0,0.0,2364.0,1509.0,809.0,0.0,2318.0,5662.0,4807.0,0.0,5363.0,2187.0,11730.0,2019 Yala.csv,Yala,2019,21755.291002842292,-10025.291002842292,-85.46710147350632,14.532898526493682,Below Expected
MULATIVU,4581.0,713.0,0.0,5294.0,4581.0,681.0,0.0,5262.0,5116.0,4846.0,0.0,5081.0,4965.0,25228.0,2019 Yala.csv,Yala,2019,23222.03940271678,2005.9605972832214,7.951326293337646,92.04867370666236,Above Expected
KILLINOCHCHI,9469.0,112.0,0.0,9581.0,9469.0,112.0,0.0,9581.0,5183.0,5159.0,0.0,5183.0,8502.0,44063.0,2019 Yala.csv,Yala,2019,32662.121278917388,11400.878721082612,25.87404108000502,74.12595891999499,Above Expected
BATTICALOA,20773.0,4673.0,1998.0,27444.0,18847.0,3832.0,1826.0,24505.0,3568.0,4538.0,3067.0,3683.0,21627.0,79649.0,2019 Yala.csv,Yala,2019,85550.45853473266,-5901.458534732665,-7.409331610858473,92.59066838914153,Below Expected
AMPARA,53948.0,1855.0,252.0,56055.0,53349.0,1524.0,244.0,55117.0,5407.0,4559.0,3989.0,5377.0,52675.0,283226.0,2019 Yala.csv,Yala,2019,217748.20650971486,65477.79349028514,23.118567324428245,76.88143267557176,Above Expected
TRINCOMALEE,15252.0,3123.0,0.0,18375.0,15252.0,2847.0,0.0,18099.0,5194.0,3823.0,0.0,4978.0,16814.0,83700.0,2019 Yala.csv,Yala,2019,76569.90358119359,7130.09641880641,8.518633714225102,91.4813662857749,Above Expected
KURUNEGALA,9591.0,15801.0,13756.0,39148.0,9252.0,12749.0,8763.0,30764.0,4716.0,4073.0,3191.0,4015.0,30763.0,123518.0,2019 Yala.csv,Yala,2019,145039.66014025957,-21521.66014025957,-17.42390594104468,82.57609405895532,Below Expected
PUTTALAM,5002.0,2864.0,594.0,8460.0,4624.0,2091.0,446.0,7161.0,5632.0,2292.0,2771.0,4479.0,6087.0,27262.0,2019 Yala.csv,Yala,2019,31244.297860089442,-3982.297860089442,-14.607504438740527,85.39249556125947,Below Expected
ANURADHAPURA,18936.0,14458.0,18.0,33412.0,18236.0,13837.0,18.0,32091.0,5271.0,4920.0,3870.0,5119.0,25805.0,132103.0,2019 Yala.csv,Yala,2019,155979.73354752184,-23876.733547521842,-18.074331050409032,81.92566894959097,Below Expected
POLONNARUWA,56471.0,5153.0,0.0,61624.0,56419.0,5010.0,0.0,61429.0,5522.0,5392.0,0.0,5511.0,54340.0,299468.0,2019 Yala.csv,Yala,2019,248475.0976940687,50992.90230593129,17.027830120724516,82.97216987927548,Above Expected
BADULLA,8072.0,3171.0,27.0,11270.0,7845.0,3116.0,27.0,10988.0,5471.0,4262.0,2152.0,5120.0,9340.0,47817.0,2019 Yala.csv,Yala,2019,45717.19202206112,2099.807977938879,4.391341945205427,95.60865805479457,As Expected
MONARAGALA,7786.0,5940.0,420.0,14146.0,7478.0,5356.0,353.0,13187.0,5549.0,4670.0,2936.0,5122.0,12924.0,66200.0,2019 Yala.csv,Yala,2019,52215.26368444892,13984.736315551083,21.124979328627013,78.875020671373,Above Expected
RATNAPURA,3585.0,3159.0,605.0,7349.0,3567.0,3065.0,552.0,7184.0,5665.0,4177.0,3106.0,4834.0,6106.0,29516.0,2019 Yala.csv,Yala,2019,30404.290725136198,-888.2907251361976,-3.0095227169541863,96.99047728304582,As Expected
KEGALLE,0.0,728.0,1956.0,2684.0,0.0,638.0,1647.0,2285.0,0.0,3015.0,2831.0,2882.0,2140.0,6168.0,2019 Yala.csv,Yala,2019,18429.394818438624,-12261.394818438624,-198.7904477697572,-98.79044776975721,Below Expected
COLOMBO,256.0,558.0,2050.0,2864.0,256.0,558.0,2050.0,2864.0,3699.0,3496.0,3506.0,3521.0,2434.0,8571.0,2019-2020 Maha.csv,Maha,2019-2020,31762.98572029581,-23191.98572029581,-270.586696071588,-170.586696071588,Below Expected
GAMPAHA,1544.0,3277.0,4893.0,9714.0,1461.0,3231.0,4871.0,9563.0,4423.0,4156.0,4240.0,4240.0,8128.0,34460.0,2019-2020 Maha.csv,Maha,2019-2020,48689.17243782308,-14229.17243782308,-41.291852692463955,58.708147307536045,Below Expected
KALUTARA,107.0,1304.0,8145.0,9556.0,107.0,1303.0,8080.0,9490.0,3644.0,3523.0,3660.0,3641.0,8756.0,31876.0,2019-2020 Maha.csv,Maha,2019-2020,53144.04666666171,-21268.046666661707,-66.72119044629724,33.27880955370276,Below Expected
KANDY,4201.0,4797.0,2006.0,11004.0,4200.0,4793.0,2000.0,10993.0,5777.0,3229.0,4432.0,4422.0,8694.0,38440.0,2019-2020 Maha.csv,Maha,2019-2020,50859.636939975,-12419.636939974996,-32.309149167468775,67.69085083253123,Below Expected
MATALE,6877.0,7076.0,4505.0,18458.0,6846.0,7044.0,4496.0,18386.0,5415.0,5162.0,5406.0,5316.0,16534.0,87897.0,2019-2020 Maha.csv,Maha,2019-2020,80949.87751434957,6947.122485650427,7.903708301364583,92.09629169863541,Above Expected
NUWARAELIYA,420.0,1310.0,5.0,1735.0,420.0,1310.0,5.0,1735.0,3605.0,3607.0,4034.0,3608.0,977.0,3525.0,2019-2020 Maha.csv,Maha,2019-2020,27658.0027590239,-24133.0027590239,-684.6241917453589,-584.6241917453589,Below Expected
GALLE,205.0,1448.0,6296.0,7949.0,205.0,1448.0,6286.0,7939.0,4000.0,3845.0,4011.0,3980.0,6213.0,24728.0,2019-2020 Maha.csv,Maha,2019-2020,46051.65445614536,-21323.654456145363,-86.23283102614592,13.767168973854083,Below Expected
MATARA,3898.0,2767.0,5081.0,11746.0,3855.0,2697.0,5044.0,11596.0,4628.0,3553.0,3498.0,3886.0,9155.0,35581.0,2019-2020 Maha.csv,Maha,2019-2020,55772.15738719806,-20191.157387198058,-56.74702056490278,43.25297943509722,Below Expected
HAMBANTOTA,28003.0,5827.0,1148.0,34978.0,27970.0,5821.0,1142.0,34933.0,6568.0,5478.0,3992.0,6302.0,30521.0,192353.0,2019-2020 Maha.csv,Maha,2019-2020,140846.48729183906,51506.51270816094,26.77707792868369,73.2229220713163,Above Expected
JAFFNA,0.0,0.0,10445.0,10445.0,0.0,0.0,10291.0,10291.0,0.0,0.0,3628.0,3628.0,9132.0,33135.0,2019-2020 Maha.csv,Maha,2019-2020,32356.820880958174,778.1791190418262,2.3485109975609664,97.65148900243904,As Expected
MANNAR,15289.0,3999.0,79.0,19367.0,15289.0,3999.0,79.0,19367.0,4880.0,4651.0,3447.0,4827.0,18492.0,89263.0,2019-2020 Maha.csv,Maha,2019-2020,76865.76155549435,12397.238444505652,13.888440277052814,86.11155972294719,Above Expected
VAVUNIYA,4366.0,12406.0,2469.0,19241.0,4360.0,12292.0,2465.0,19117.0,4699.0,5034.0,4982.0,4951.0,18036.0,89294.0,2019-2020 Maha.csv,Maha,2019-2020,70268.32034704952,19025.67965295048,21.30678394175474,78.69321605824526,Above Expected
MULATIVU,7579.0,4355.0,6325.0,18259.0,7579.0,4355.0,6325.0,18259.0,4711.0,4806.0,4452.0,4644.0,17228.0,80008.0,2019-2020 Maha.csv,Maha,2019-2020,69464.79448716357,10543.20551283643,13.177689122133323,86.82231087786667,Above Expected
KILLINOCHCHI,12088.0,553.0,14524.0,27165.0,12088.0,553.0,14524.0,27165.0,3778.0,3329.0,4505.0,4158.0,24106.0,100224.0,2019-2020 Maha.csv,Maha,2019-2020,87334.83213621165,12889.167863788345,12.860360655919086,87.13963934408092,Above Expected
BATTICALOA,24476.0,3811.0,38709.0,66996.0,20161.0,3518.0,37565.0,61244.0,3824.0,4059.0,3735.0,3783.0,54055.0,204489.0,2019-2020 Maha.csv,Maha,2019-2020,207802.74217688135,-3313.742176881351,-1.6204989886406365,98.37950101135937,As Expected
AMPARA,59732.0,4448.0,15237.0,79417.0,58060.0,4123.0,14611.0,76794.0,4986.0,3965.0,4107.0,4764.0,73392.0,349626.0,2019-2020 Maha.csv,Maha,2019-2020,288991.6330922851,60634.366907714924,17.342636676824643,82.65736332317536,Above Expected
TRINCOMALEE,20399.0,6887.0,10999.0,38285.0,20399.0,6887.0,10999.0,38285.0,4752.0,4418.0,3647.0,4375.0,35567.0,155592.0,2019-2020 Maha.csv,Maha,2019-2020,119723.07029322484,35868.92970677516,23.053196634001207,76.94680336599879,Above Expected
KURUNEGALA,17945.0,37748.0,26785.0,82478.0,17871.0,37501.0,26639.0,82011.0,5733.0,4748.0,4036.0,4732.0,82011.0,388043.0,2019-2020 Maha.csv,Maha,2019-2020,289388.7017168192,98654.2982831808,25.423547978749983,74.57645202125002,Above Expected
PUTTALAM,7905.0,11022.0,1637.0,20564.0,7359.0,10718.0,1511.0,19588.0,4711.0,4629.0,4526.0,4652.0,16649.0,77449.0,2019-2020 Maha.csv,Maha,2019-2020,77866.68244214704,-417.68244214703736,-0.5392999808222667,99.46070001917774,As Expected
ANURADHAPURA,54056.0,52287.0,12559.0,118902.0,53756.0,52058.0,12514.0,118328.0,6215.0,5118.0,4716.0,5574.0,95148.0,530356.0,2019-2020 Maha.csv,Maha,2019-2020,307403.84793035226,222952.15206964774,42.03820680253409,57.96179319746591,Above Expected
POLONNARUWA,56959.0,7431.0,2626.0,67016.0,56734.0,7326.0,2534.0,66594.0,5341.0,6272.0,4305.0,5404.0,58909.0,318352.0,2019-2020 Maha.csv,Maha,2019-2020,258818.62989313525,59533.37010686475,18.700485659541872,81.29951434045813,Above Expected
BADULLA,10572.0,9730.0,5339.0,25641.0,10572.0,9730.0,5339.0,25641.0,4501.0,4532.0,3986.0,4405.0,21795.0,96017.0,2019-2020 Maha.csv,Maha,2019-2020,93135.33189398152,2881.6681060184783,3.0012061468474105,96.99879385315259,As Expected
MONARAGALA,8963.0,10888.0,14505.0,34356.0,8619.0,10721.0,14313.0,33653.0,6324.0,4688.0,3955.0,4796.0,32981.0,158159.0,2019-2020 Maha.csv,Maha,2019-2020,120092.99855109156,38066.00144890844,24.06818546456948,75.93181453543052,Above Expected
RATNAPURA,3904.0,4716.0,2136.0,10756.0,3902.0,4708.0,2127.0,10737.0,6096.0,4781.0,3964.0,5097.0,9127.0,46521.0,2019-2020 Maha.csv,Maha,2019-2020,51788.31522121895,-5267.3152212189525,-11.322446252700828,88.67755374729917,Below Expected
KEGALLE,0.0,1559.0,3797.0,5356.0,0.0,1553.0,3785.0,5338.0,0.0,4167.0,4718.0,4558.0,5001.0,22793.0,2019-2020 Maha.csv,Maha,2019-2020,34416.03904801907,-11623.039048019069,-50.99389745983007,49.00610254016993,Below Expected
COLOMBO,319.0,586.0,2314.0,3219.0,319.0,586.0,2314.0,3219.0,3060.0,4134.0,3095.0,3281.0,2736.0,8976.0,2020 Yala.csv,Yala,2020,9899.706326402757,-923.7063264027565,-10.290845882383651,89.70915411761635,Below Expected
GAMPAHA,1768.0,3545.0,5131.0,10444.0,1655.0,3429.0,4916.0,10000.0,3980.0,3491.0,3233.0,3445.0,8500.0,29283.0,2020 Yala.csv,Yala,2020,32145.9086092636,-2862.908609263599,-9.776691627441174,90.22330837255882,Below Expected
KALUTARA,167.0,1588.0,9898.0,11653.0,167.0,1571.0,9854.0,11592.0,3643.0,3175.0,3409.0,3380.0,10694.0,36149.0,2020 Yala.csv,Yala,2020,35884.89966132217,264.10033867783204,0.7305882283820633,99.26941177161794,As Expected
KANDY,3703.0,3059.0,2075.0,8837.0,3700.0,3047.0,2056.0,8803.0,5370.0,3046.0,3374.0,4099.0,6961.0,28536.0,2020 Yala.csv,Yala,2020,34990.68691868476,-6454.686918684762,-22.61945233629367,77.38054766370632,Below Expected
MATALE,5076.0,2759.0,386.0,8221.0,5076.0,2751.0,382.0,8209.0,5396.0,4487.0,4169.0,5034.0,7382.0,37161.0,2020 Yala.csv,Yala,2020,35764.046481021374,1396.9535189786257,3.759192483998347,96.24080751600165,As Expected
NUWARAELIYA,824.0,3579.0,3.0,4406.0,824.0,3579.0,3.0,4406.0,6174.0,4131.0,2439.0,4512.0,2483.0,11201.0,2020 Yala.csv,Yala,2020,15945.68970225842,-4744.68970225842,-42.35951881312758,57.64048118687242,Below Expected
GALLE,299.0,2080.0,9172.0,11551.0,293.0,1949.0,8673.0,10915.0,2221.0,3050.0,2810.0,2837.0,8542.0,24233.0,2020 Yala.csv,Yala,2020,27834.86040543608,-3601.8604054360803,-14.86345233952082,85.13654766047918,Below Expected
MATARA,4348.0,3282.0,6283.0,13913.0,4168.0,3213.0,6118.0,13499.0,3855.0,3491.0,3425.0,3573.0,10658.0,38084.0,2020 Yala.csv,Yala,2020,40311.87388130478,-2227.873881304782,-5.849894657348971,94.15010534265103,Below Expected
HAMBANTOTA,28626.0,4574.0,967.0,34167.0,28624.0,4570.0,967.0,34161.0,6207.0,5132.0,3474.0,5986.0,29846.0,178647.0,2020 Yala.csv,Yala,2020,139473.62950611397,39173.37049388603,21.927807628387843,78.07219237161216,Above Expected
JAFFNA,0.0,0.0,0.0,0.0,0.0,0.0,0.0,0.0,0.0,0.0,0.0,0.0,0.0,0.0,2020 Yala.csv,Yala,2020,9032.198143471143,-9032.198143471143,-inf,-inf,Below Expected
MANNAR,1594.0,16.0,0.0,1610.0,1594.0,16.0,0.0,1610.0,5390.0,3543.0,0.0,5372.0,1537.0,8259.0,2020 Yala.csv,Yala,2020,17098.450847562875,-8839.450847562875,-107.02810083015952,-7.0281008301595165,Below Expected
VAVUNIYA,392.0,1077.0,4.0,1473.0,392.0,1076.0,4.0,1472.0,6294.0,5246.0,3124.0,5520.0,1388.0,7663.0,2020 Yala.csv,Yala,2020,23037.84385795602,-15374.84385795602,-200.63739864225525,-100.63739864225525,Below Expected
MULATIVU,4392.0,1069.0,0.0,5461.0,4392.0,1069.0,0.0,5461.0,5312.0,4468.0,0.0,5147.0,5152.0,26514.0,2020 Yala.csv,Yala,2020,25571.90472457282,942.0952754271784,3.5531993491256637,96.44680065087434,As Expected
KILLINOCHCHI,9963.0,71.0,0.0,10034.0,9963.0,71.0,0.0,10034.0,5268.0,2695.0,0.0,5250.0,8904.0,46742.0,2020 Yala.csv,Yala,2020,35701.44137534678,11040.558624653218,23.62021014217025,76.37978985782975,Above Expected
BATTICALOA,22466.0,4491.0,1998.0,28955.0,22466.0,4479.0,1998.0,28943.0,4523.0,4794.0,4774.0,4582.0,25545.0,117059.0,2020 Yala.csv,Yala,2020,90434.33911481759,26624.660885182413,22.744650889878105,77.2553491101219,Above Expected
AMPARA,58634.0,2253.0,408.0,61295.0,58169.0,2131.0,408.0,60708.0,5017.0,4843.0,3796.0,5003.0,58018.0,290263.0,2020 Yala.csv,Yala,2020,223436.69042301507,66826.30957698493,23.022675841214667,76.97732415878534,Above Expected
TRINCOMALEE,18500.0,3344.0,268.0,22112.0,18500.0,3344.0,268.0,22112.0,5475.0,4304.0,3010.0,5268.0,20542.0,108222.0,2020 Yala.csv,Yala,2020,85017.28810739958,23204.71189260042,21.441769596385598,78.5582304036144,Above Expected
KURUNEGALA,13933.0,25135.0,19059.0,58127.0,13894.0,24293.0,18344.0,56531.0,4954.0,4348.0,4039.0,4397.0,56531.0,248546.0,2020 Yala.csv,Yala,2020,212604.57695902814,35941.42304097186,14.460672487576486,85.53932751242351,Above Expected
PUTTALAM,7067.0,7094.0,1021.0,15182.0,6970.0,6505.0,788.0,14263.0,4818.0,3934.0,3526.0,4343.0,12123.0,52656.0,2020 Yala.csv,Yala,2020,42574.43744822954,10081.562551770461,19.146085064893764,80.85391493510623,Above Expected
ANURADHAPURA,28235.0,10721.0,378.0,39334.0,28198.0,10685.0,375.0,39258.0,5181.0,4326.0,3828.0,4936.0,31567.0,155805.0,2020 Yala.csv,Yala,2020,156833.39151708587,-1028.3915170858672,-0.6600503944583724,99.33994960554163,As Expected
POLONNARUWA,56805.0,5568.0,0.0,62373.0,56805.0,5342.0,0.0,62147.0,5238.0,5313.0,0.0,5244.0,54975.0,288314.0,2020 Yala.csv,Yala,2020,249411.85471034466,38902.14528965534,13.492978242352205,86.50702175764779,Above Expected
BADULLA,7869.0,3782.0,12.0,11663.0,7868.0,3759.0,12.0,11639.0,5317.0,4255.0,4556.0,4973.0,9893.0,49200.0,2020 Yala.csv,Yala,2020,48569.39305138006,630.6069486199412,1.2817214402844335,98.71827855971557,As Expected
MONARAGALA,7733.0,5943.0,724.0,14400.0,7691.0,5806.0,688.0,14185.0,5294.0,4646.0,3089.0,4922.0,13902.0,68422.0,2020 Yala.csv,Yala,2020,54682.37416418642,13739.625835813582,20.080713565539714,79.91928643446029,Above Expected
RATNAPURA,3953.0,5188.0,2321.0,11462.0,3931.0,5113.0,2280.0,11324.0,6073.0,3696.0,3109.0,4403.0,9626.0,42382.0,2020 Yala.csv,Yala,2020,38129.61330658868,4252.3866934113175,10.033473392976541,89.96652660702345,Above Expected
KEGALLE,0.0,1749.0,4565.0,6314.0,0.0,1730.0,4522.0,6252.0,0.0,3816.0,3699.0,3731.0,5857.0,21855.0,2020 Yala.csv,Yala,2020,22413.84366308652,-558.8436630865217,-2.5570517642943114,97.44294823570569,As Expected
COLOMBO,307.0,727.0,2823.0,3857.0,307.0,727.0,2821.0,3855.0,3602.0,3694.0,3744.0,3723.0,3276.0,12198.0,2020-2021 Maha.csv,Maha,2020-2021,18894.408576055976,-6696.408576055976,-54.89759449135904,45.10240550864096,Below Expected
GAMPAHA,1858.0,4062.0,6530.0,12450.0,1841.0,4038.0,6477.0,12356.0,4137.0,3838.0,3587.0,3751.0,10502.0,39390.0,2020-2021 Maha.csv,Maha,2020-2021,40352.75859134344,-962.7585913434377,-2.4441700719559223,97.55582992804408,As Expected
KALUTARA,220.0,1681.0,11118.0,13019.0,220.0,1662.0,11028.0,12910.0,3273.0,3340.0,3362.0,3358.0,11910.0,39990.0,2020-2021 Maha.csv,Maha,2020-2021,45483.812082214215,-5493.8120822142155,-13.737964696709717,86.26203530329028,Below Expected
KANDY,4242.0,5293.0,2651.0,12186.0,4242.0,5292.0,2650.0,12184.0,6162.0,3824.0,4201.0,4720.0,9635.0,45478.0,2020-2021 Maha.csv,Maha,2020-2021,44136.726990157906,1341.2730098420943,2.9492787937950093,97.050721206205,As Expected
MATALE,7303.0,7225.0,4380.0,18908.0,7301.0,7218.0,4363.0,18882.0,5990.0,5605.0,5237.0,5669.0,16980.0,96263.0,2020-2021 Maha.csv,Maha,2020-2021,72380.17653434364,23882.823465656358,24.80997212392753,75.19002787607246,Above Expected
NUWARAELIYA,865.0,4004.0,8.0,4877.0,865.0,4004.0,8.0,4877.0,4420.0,5154.0,2872.0,5020.0,2748.0,13798.0,2020-2021 Maha.csv,Maha,2020-2021,20897.94816564065,-7099.94816564065,-51.456357194090806,48.543642805909194,Below Expected
GALLE,255.0,2196.0,11060.0,13511.0,248.0,2163.0,10935.0,13346.0,2340.0,3361.0,3435.0,3403.0,10444.0,35538.0,2020-2021 Maha.csv,Maha,2020-2021,41515.303103050144,-5977.303103050144,-16.81946959043881,83.18053040956119,Below Expected
MATARA,4312.0,3291.0,6511.0,14114.0,4264.0,3170.0,6495.0,13929.0,3770.0,3716.0,3401.0,3585.0,10997.0,39430.0,2020-2021 Maha.csv,Maha,2020-2021,48258.29662948511,-8828.296629485107,-22.389796169122768,77.61020383087723,Below Expected
HAMBANTOTA,28878.0,4886.0,1148.0,34912.0,28878.0,4866.0,1146.0,34890.0,6224.0,4494.0,3197.0,5883.0,30483.0,179336.0,2020-2021 Maha.csv,Maha,2020-2021,137056.68278913695,42279.31721086305,23.575476876289787,76.42452312371022,Above Expected
JAFFNA,0.0,0.0,11228.0,11228.0,0.0,0.0,8635.0,8635.0,0.0,0.0,2549.0,2549.0,7663.0,19530.0,2020-2021 Maha.csv,Maha,2020-2021,25206.069040308543,-5676.069040308543,-29.063333539726283,70.93666646027371,Below Expected
MANNAR,16069.0,4057.0,116.0,20242.0,16062.0,4008.0,74.0,20144.0,5500.0,4177.0,3075.0,5228.0,19234.0,100561.0,2020-2021 Maha.csv,Maha,2020-2021,71077.08383577346,29483.91616422654,29.319434138708385,70.68056586129161,Above Expected
VAVUNIYA,4412.0,12249.0,2715.0,19376.0,4400.0,12147.0,2715.0,19262.0,4787.0,4105.0,4050.0,4253.0,18174.0,77297.0,2020-2021 Maha.csv,Maha,2020-2021,61386.79225826138,15910.207741738617,20.583215055873602,79.41678494412639,Above Expected
MULATIVU,7965.0,5315.0,9501.0,22781.0,7928.0,5315.0,9501.0,22744.0,4293.0,5112.0,3770.0,4266.0,21459.0,91546.0,2020-2021 Maha.csv,Maha,2020-2021,67188.76390168692,24357.23609831308,26.606554189492797,73.3934458105072,Above Expected
KILLINOCHCHI,12171.0,578.0,14609.0,27358.0,12171.0,578.0,14609.0,27358.0,3439.0,3712.0,3542.0,3500.0,24277.0,84963.0,2020-2021 Maha.csv,Maha,2020-2021,78284.11980168786,6678.8801983121375,7.860927931349101,92.1390720686509,Above Expected
BATTICALOA,24514.0,3825.0,38735.0,67074.0,23698.0,3815.0,38117.0,65630.0,3810.0,4134.0,3776.0,3809.0,57925.0,220640.0,2020-2021 Maha.csv,Maha,2020-2021,194760.1325467134,25879.8674532866,11.729454066935551,88.27054593306445,Above Expected
AMPARA,60673.0,4471.0,16005.0,81149.0,60426.0,4396.0,15110.0,79932.0,4996.0,5083.0,3826.0,4780.0,76391.0,365123.0,2020-2021 Maha.csv,Maha,2020-2021,273566.71172163246,91556.28827836754,25.07546450877308,74.92453549122692,Above Expected
TRINCOMALEE,21161.0,7530.0,11147.0,39838.0,21161.0,7530.0,11147.0,39838.0,4450.0,4295.0,3839.0,4250.0,37009.0,157272.0,2020-2021 Maha.csv,Maha,2020-2021,111109.84593809169,46162.15406190831,29.351794382921504,70.6482056170785,Above Expected
KURUNEGALA,17094.0,33418.0,25545.0,76057.0,17078.0,33230.0,25326.0,75634.0,4442.0,3485.0,3704.0,3775.0,75634.0,285481.0,2020-2021 Maha.csv,Maha,2020-2021,263134.61367811484,22346.386321885162,7.827626469672294,92.1723735303277,Above Expected
PUTTALAM,8077.0,9672.0,1905.0,19654.0,7978.0,9409.0,1847.0,19234.0,4348.0,3218.0,3835.0,3746.0,16348.0,61240.0,2020-2021 Maha.csv,Maha,2020-2021,67199.42719286754,-5959.427192867544,-9.731265827673978,90.26873417232602,Below Expected
ANURADHAPURA,51479.0,48058.0,13012.0,112549.0,51406.0,47959.0,13001.0,112366.0,5723.0,4786.0,3773.0,5098.0,90353.0,460585.0,2020-2021 Maha.csv,Maha,2020-2021,288342.8166732094,172242.18332679057,37.39639443898316,62.60360556101684,Above Expected
POLONNARUWA,57596.0,6526.0,2401.0,66523.0,57596.0,6526.0,2401.0,66523.0,5259.0,5396.0,3811.0,5220.0,58846.0,307190.0,2020-2021 Maha.csv,Maha,2020-2021,257697.86960737975,49492.13039262025,16.111243983404492,83.88875601659551,Above Expected
BADULLA,10535.0,9081.0,3952.0,23568.0,10535.0,9081.0,3952.0,23568.0,5334.0,4813.0,3699.0,4859.0,20033.0,97344.0,2020-2021 Maha.csv,Maha,2020-2021,84671.23723187545,12672.76276812455,13.018535059299547,86.98146494070045,Above Expected
MONARAGALA,8815.0,10685.0,15400.0,34900.0,8813.0,10573.0,14828.0,34214.0,5652.0,4536.0,4019.0,4599.0,33530.0,154218.0,2020-2021 Maha.csv,Maha,2020-2021,116613.65672570566,37604.34327429434,24.38388727275308,75.61611272724693,Above Expected
RATNAPURA,4074.0,6007.0,3277.0,13358.0,4074.0,6000.0,3277.0,13351.0,6033.0,3824.0,3689.0,4465.0,11348.0,50666.0,2020-2021 Maha.csv,Maha,2020-2021,45772.99061095674,4893.009389043262,9.657382443933333,90.34261755606667,Above Expected
KEGALLE,0.0,1885.0,4866.0,6751.0,0.0,1885.0,4864.0,6749.0,0.0,4099.0,4188.0,4163.0,6322.0,26317.0,2020-2021 Maha.csv,Maha,2020-2021,28470.780253402507,-2153.780253402507,-8.183988499458552,91.81601150054145,Below Expected
COLOMBO,286.0,327.0,1908.0,2521.0,253.0,319.0,1776.0,2348.0,2606.0,2795.0,2372.0,2455.0,1996.0,4899.0,2021 Yala.csv,Yala,2021,14201.916900367094,-9302.916900367094,-189.89420086481107,-89.89420086481107,Below Expected
GAMPAHA,1811.0,2777.0,5366.0,9954.0,1114.0,2442.0,4936.0,8492.0,3389.0,3118.0,2838.0,2991.0,7218.0,21588.0,2021 Yala.csv,Yala,2021,32238.476235823557,-10650.476235823557,-49.33516877813395,50.66483122186605,Below Expected
KALUTARA,163.0,1408.0,8195.0,9766.0,162.0,1360.0,7907.0,9429.0,2012.0,2696.0,3130.0,3048.0,8698.0,26515.0,2021 Yala.csv,Yala,2021,36761.6283211645,-10246.628321164499,-38.6446476378069,61.3553523621931,Below Expected
KANDY,3936.0,3124.0,2218.0,9278.0,3934.0,3109.0,2213.0,9256.0,2579.0,3077.0,3411.0,2945.0,7320.0,21559.0,2021 Yala.csv,Yala,2021,37255.21754147236,-15696.21754147236,-72.80587013067563,27.19412986932437,Below Expected
MATALE,7001.0,4486.0,856.0,12343.0,6997.0,4473.0,855.0,12325.0,5102.0,4063.0,3860.0,4639.0,11084.0,51415.0,2021 Yala.csv,Yala,2021,42455.85995118089,8959.140048819107,17.425148397975505,82.5748516020245,Above Expected
NUWARAELIYA,490.0,2082.0,1.0,2573.0,490.0,2082.0,1.0,2573.0,4658.0,3745.0,0.0,3917.0,1450.0,5680.0,2021 Yala.csv,Yala,2021,15806.096402995805,-10126.096402995805,-178.27634512316558,-78.27634512316558,Below Expected
GALLE,100.0,989.0,7459.0,8548.0,97.0,953.0,7276.0,8326.0,2734.0,1894.0,3030.0,2897.0,6515.0,18873.0,2021 Yala.csv,Yala,2021,26679.858470910458,-7806.858470910458,-41.365222650932324,58.634777349067676,Below Expected
MATARA,4316.0,3316.0,6450.0,14082.0,4218.0,3250.0,6394.0,13862.0,3977.0,3869.0,3489.0,3727.0,10944.0,40787.0,2021 Yala.csv,Yala,2021,42936.39804314483,-2149.398043144829,-5.26981156531451,94.73018843468549,Below Expected
HAMBANTOTA,28735.0,4662.0,1093.0,34490.0,28735.0,4662.0,1093.0,34490.0,6051.0,4902.0,3464.0,5814.0,30134.0,175190.0,2021 Yala.csv,Yala,2021,138927.15519411396,36262.84480588604,20.699152238076397,79.3008477619236,Above Expected
JAFFNA,0.0,0.0,0.0,0.0,0.0,0.0,0.0,0.0,0.0,0.0,0.0,0.0,0.0,0.0,2021 Yala.csv,Yala,2021,15220.899589746852,-15220.899589746852,-inf,-inf,Below Expected
MANNAR,2210.0,530.0,0.0,2740.0,2210.0,522.0,0.0,2732.0,5182.0,3864.0,0.0,4931.0,2608.0,12860.0,2021 Yala.csv,Yala,2021,19455.45008242179,-6595.45008242179,-51.286548074819514,48.713451925180486,Below Expected
VAVUNIYA,2136.0,2876.0,0.0,5012.0,2136.0,2866.0,0.0,5002.0,5381.0,5829.0,0.0,5638.0,4719.0,26606.0,2021 Yala.csv,Yala,2021,30796.810871143058,-4190.810871143058,-15.75137514524189,84.2486248547581,Below Expected
MULATIVU,5875.0,1508.0,0.0,7383.0,5875.0,1508.0,0.0,7383.0,5322.0,5152.0,0.0,5287.0,6966.0,36832.0,2021 Yala.csv,Yala,2021,29169.91457702148,7662.085422978518,20.80279491468972,79.19720508531029,Above Expected
KILLINOCHCHI,9961.0,110.0,0.0,10071.0,9961.0,110.0,0.0,10071.0,4634.0,3308.0,0.0,4620.0,8937.0,41288.0,2021 Yala.csv,Yala,2021,38618.51832037412,2669.481679625882,6.465514628041761,93.53448537195824,Above Expected
BATTICALOA,22103.0,4401.0,1998.0,28502.0,22103.0,4401.0,1998.0,28502.0,4591.0,4709.0,5388.0,4665.0,25156.0,117353.0,2021 Yala.csv,Yala,2021,88978.37098063214,28374.629019367858,24.17886975140632,75.82113024859368,Above Expected
AMPARA,59755.0,2468.0,637.0,62860.0,59682.0,2468.0,626.0,62776.0,5247.0,4785.0,5277.0,5229.0,59995.0,313708.0,2021 Yala.csv,Yala,2021,225297.0180373961,88410.9819626039,28.182571678951092,71.81742832104891,Above Expected
TRINCOMALEE,20223.0,4501.0,515.0,25239.0,20223.0,4501.0,515.0,25239.0,5257.0,5306.0,5311.0,5267.0,23447.0,123491.0,2021 Yala.csv,Yala,2021,87133.93208813941,36357.06791186059,29.441066888972145,70.55893311102786,Above Expected
KURUNEGALA,15650.0,31749.0,21174.0,68573.0,15601.0,31442.0,20945.0,67988.0,4667.0,3897.0,3736.0,4024.0,67988.0,273572.0,2021 Yala.csv,Yala,2021,220641.41893695283,52930.58106304717,19.3479526643981,80.6520473356019,Above Expected
PUTTALAM,8194.0,9200.0,1208.0,18602.0,7808.0,8568.0,1115.0,17491.0,4474.0,3554.0,3326.0,3950.0,14868.0,58728.0,2021 Yala.csv,Yala,2021,65776.95768312224,-7048.957683122237,-12.002720479366292,87.99727952063371,Below Expected
ANURADHAPURA,40880.0,20703.0,521.0,62104.0,40870.0,20626.0,521.0,62017.0,4789.0,4546.0,2765.0,4691.0,49868.0,233948.0,2021 Yala.csv,Yala,2021,220428.68055808794,13519.319441912055,5.778771112346357,94.22122888765364,Above Expected
POLONNARUWA,56994.0,5632.0,0.0,62626.0,56994.0,5405.0,0.0,62399.0,5483.0,4995.0,0.0,5441.0,55199.0,300317.0,2021 Yala.csv,Yala,2021,245546.8760385459,54770.12396145411,18.23743709528735,81.76256290471265,Above Expected
BADULLA,7855.0,4186.0,57.0,12098.0,7855.0,4186.0,57.0,12098.0,4996.0,5260.0,5135.0,5088.0,10284.0,52327.0,2021 Yala.csv,Yala,2021,50519.94249766643,1807.0575023335696,3.453394045776692,96.54660595422331,As Expected
MONARAGALA,7972.0,7090.0,790.0,15852.0,7959.0,7018.0,782.0,15759.0,6096.0,4060.0,2965.0,5034.0,15444.0,77752.0,2021 Yala.csv,Yala,2021,61148.05619598201,16603.94380401799,21.355005406958007,78.64499459304199,Above Expected
RATNAPURA,4023.0,4916.0,1834.0,10773.0,4017.0,4907.0,1819.0,10743.0,4873.0,3808.0,3296.0,4119.0,9131.0,37617.0,2021 Yala.csv,Yala,2021,41214.34270662484,-3597.3427066248405,-9.563077083831354,90.43692291616864,Below Expected
KEGALLE,0.0,1466.0,4011.0,5477.0,0.0,1463.0,3997.0,5460.0,0.0,3197.0,2915.0,2991.0,5115.0,15297.0,2021 Yala.csv,Yala,2021,24630.108365282038,-9333.108365282038,-61.01267153874641,38.98732846125359,Below Expected
COLOMBO,324.0,710.0,2796.0,3830.0,324.0,710.0,2777.0,3811.0,3321.0,2236.0,2500.0,2521.0,3239.0,8166.0,2021_2022 Maha.csv,Maha,2021_2022,15495.723701655514,-7329.723701655514,-89.75904606484832,10.24095393515168,Below Expected
GAMPAHA,1659.0,3076.0,6776.0,11511.0,1556.0,3036.0,6610.0,11202.0,2056.0,2671.0,3105.0,2842.0,9522.0,27059.0,2021_2022 Maha.csv,Maha,2021_2022,35885.06211836436,-8826.06211836436,-32.617842929762226,67.38215707023778,Below Expected
KALUTARA,145.0,1573.0,10221.0,11939.0,129.0,1544.0,9893.0,11566.0,3716.0,2341.0,2583.0,2563.0,10669.0,27349.0,2021_2022 Maha.csv,Maha,2021_2022,39448.24739186115,-12099.24739186115,-44.24018206099364,55.75981793900636,Below Expected
KANDY,4268.0,5181.0,2762.0,12211.0,4268.0,5176.0,2757.0,12201.0,3092.0,3190.0,3540.0,3235.0,9649.0,31211.0,2021_2022 Maha.csv,Maha,2021_2022,38426.29566860625,-7215.2956686062535,-23.11779715038369,76.8822028496163,Below Expected
MATALE,7628.0,7839.0,4525.0,19992.0,7593.0,7815.0,4512.0,19920.0,3089.0,3601.0,3304.0,3339.0,17914.0,59812.0,2021_2022 Maha.csv,Maha,2021_2022,64382.62836956542,-4570.62836956542,-7.641657810415,92.358342189585,Below Expected
NUWARAELIYA,900.0,4133.0,11.0,5044.0,900.0,4126.0,8.0,5034.0,4652.0,3763.0,3870.0,3922.0,2836.0,11126.0,2021_2022 Maha.csv,Maha,2021_2022,16804.750440786946,-5678.750440786946,-51.040359884836825,48.959640115163175,Below Expected
GALLE,144.0,1756.0,9335.0,11235.0,144.0,1706.0,9071.0,10921.0,2653.0,2825.0,2453.0,2514.0,8546.0,21486.0,2021_2022 Maha.csv,Maha,2021_2022,32959.26217476979,-11473.262174769792,-53.39878141473421,46.60121858526579,Below Expected
MATARA,4259.0,3193.0,6233.0,13685.0,4105.0,2963.0,6110.0,13178.0,3149.0,2625.0,2573.0,2764.0,10404.0,28761.0,2021_2022 Maha.csv,Maha,2021_2022,41418.65446725859,-12657.654467258588,-44.00978570723753,55.99021429276247,Below Expected
HAMBANTOTA,29498.0,5463.0,1143.0,36104.0,29438.0,5438.0,1131.0,36007.0,4144.0,3180.0,3202.0,3969.0,31459.0,124870.0,2021_2022 Maha.csv,Maha,2021_2022,130578.26944425456,-5708.269444254562,-4.571369779974823,95.42863022002518,As Expected
JAFFNA,0.0,0.0,11127.0,11127.0,0.0,0.0,7775.0,7775.0,0.0,0.0,2176.0,2176.0,6899.0,15013.0,2021_2022 Maha.csv,Maha,2021_2022,20015.372777145738,-5002.372777145738,-33.32027427659853,66.67972572340148,Below Expected
MANNAR,16114.0,4257.0,95.0,20466.0,15995.0,4094.0,82.0,20171.0,2702.0,2534.0,1304.0,2662.0,19259.0,51276.0,2021_2022 Maha.csv,Maha,2021_2022,61053.37282108066,-9777.372821080658,-19.068127040098016,80.93187295990198,Below Expected
VAVUNIYA,4432.0,12374.0,2053.0,18859.0,4432.0,12374.0,2053.0,18859.0,2524.0,2377.0,2020.0,2373.0,17793.0,42222.0,2021_2022 Maha.csv,Maha,2021_2022,51537.44077419283,-9315.44077419283,-22.06300216520494,77.93699783479506,Below Expected
MULATIVU,8095.0,4462.0,7433.0,19990.0,8013.0,4411.0,7404.0,19828.0,2267.0,2619.0,2158.0,2305.0,18707.0,43110.0,2021_2022 Maha.csv,Maha,2021_2022,50488.779002405514,-7378.779002405514,-17.116165628405273,82.88383437159473,Below Expected
KILLINOCHCHI,12171.0,577.0,14655.0,27403.0,12171.0,577.0,14655.0,27403.0,2847.0,2791.0,2172.0,2485.0,24317.0,60417.0,2021_2022 Maha.csv,Maha,2021_2022,70618.36664600793,-10201.366646007926,-16.88492749724072,83.11507250275928,Below Expected
BATTICALOA,24312.0,3830.0,38378.0,66520.0,24312.0,3830.0,38378.0,66520.0,1918.0,1717.0,1456.0,1639.0,58711.0,96253.0,2021_2022 Maha.csv,Maha,2021_2022,188943.48559598954,-92690.48559598954,-96.2988016955207,3.7011983044793055,Below Expected
AMPARA,61692.0,4643.0,16107.0,82442.0,61535.0,4612.0,15083.0,81230.0,3046.0,2680.0,2141.0,2857.0,77631.0,221529.0,2021_2022 Maha.csv,Maha,2021_2022,268049.95597197703,-46520.95597197703,-20.99993949865572,79.00006050134428,Below Expected
TRINCOMALEE,21078.0,7495.0,11077.0,39650.0,21071.0,7490.0,11068.0,39629.0,3199.0,2482.0,1762.0,2662.0,36815.0,98005.0,2021_2022 Maha.csv,Maha,2021_2022,106933.08859032214,-8928.088590322135,-9.109829692691328,90.89017030730867,Below Expected
KURUNEGALA,17608.0,37541.0,26305.0,81454.0,17562.0,37171.0,25876.0,80609.0,3405.0,3060.0,3353.0,3229.0,80609.0,260302.0,2021_2022 Maha.csv,Maha,2021_2022,268300.32904416544,-7998.329044165439,-3.072711329212007,96.92728867078799,As Expected
PUTTALAM,8316.0,10591.0,2023.0,20930.0,7836.0,9793.0,1849.0,19478.0,2490.0,2281.0,2803.0,2415.0,16557.0,39985.0,2021_2022 Maha.csv,Maha,2021_2022,61714.09107765312,-21729.091077653116,-54.343106359017426,45.656893640982574,Below Expected
ANURADHAPURA,52690.0,50615.0,13664.0,116969.0,52616.0,50328.0,13621.0,116565.0,3132.0,2698.0,2525.0,2873.0,93730.0,260448.0,2021_2022 Maha.csv,Maha,2021_2022,286099.5932560636,-25651.593256063585,-9.849026775426797,90.1509732245732,Below Expected
POLONNARUWA,57364.0,6768.0,2404.0,66536.0,57364.0,6768.0,2404.0,66536.0,3175.0,2701.0,2506.0,3103.0,58858.0,182628.0,2021_2022 Maha.csv,Maha,2021_2022,249652.11679037576,-67024.11679037576,-36.699803310760544,63.300196689239456,Below Expected
BADULLA,10490.0,8761.0,4944.0,24195.0,10490.0,8751.0,4944.0,24185.0,2830.0,3456.0,2686.0,3027.0,20557.0,62221.0,2021_2022 Maha.csv,Maha,2021_2022,81319.60288462945,-19098.60288462945,-30.69478614073938,69.30521385926062,Below Expected
MONARAGALA,8708.0,10660.0,14993.0,34361.0,8693.0,10552.0,14943.0,34188.0,3957.0,3129.0,2321.0,2987.0,33504.0,100062.0,2021_2022 Maha.csv,Maha,2021_2022,106702.83349782576,-6640.833497825763,-6.636718732211791,93.36328126778821,Below Expected
RATNAPURA,4168.0,5886.0,3038.0,13092.0,4164.0,5857.0,3020.0,13041.0,4524.0,2897.0,2676.0,3365.0,11085.0,37299.0,2021_2022 Maha.csv,Maha,2021_2022,38756.48224340689,-1457.482243406892,-3.907563858030757,96.09243614196924,As Expected
KEGALLE,0.0,1784.0,4517.0,6301.0,0.0,1779.0,4512.0,6291.0,0.0,3395.0,3540.0,3499.0,5894.0,20620.0,2021_2022 Maha.csv,Maha,2021_2022,24532.571189491515,-3912.571189491515,-18.97464204409076,81.02535795590924,Below Expected
COLOMBO,287.0,382.0,2211.0,2880.0,287.0,382.0,2211.0,2880.0,3114.0,2187.0,2093.0,2207.0,2448.0,5412.0,2022 Yala.csv,Yala,2022,10023.847882677674,-4611.847882677674,-85.21522325716322,14.784776742836783,Below Expected
GAMPAHA,1744.0,2891.0,5215.0,9850.0,1744.0,2887.0,5205.0,9836.0,2604.0,2681.0,2352.0,2493.0,8360.0,20844.0,2022 Yala.csv,Yala,2022,25458.171604012354,-4614.171604012354,-22.136689714125666,77.86331028587433,Below Expected
KALUTARA,136.0,1505.0,9124.0,10765.0,136.0,1502.0,9023.0,10661.0,3618.0,2593.0,2267.0,2330.0,9834.0,22915.0,2022 Yala.csv,Yala,2022,31389.124678200475,-8474.124678200475,-36.980688100373,63.019311899627,Below Expected
KANDY,4135.0,3437.0,2518.0,10090.0,4135.0,3437.0,2517.0,10089.0,3469.0,3188.0,2881.0,3227.0,7978.0,25743.0,2022 Yala.csv,Yala,2022,32220.61301594372,-6477.61301594372,-25.16261902631286,74.83738097368715,Below Expected
MATALE,6525.0,5064.0,1127.0,12716.0,6520.0,5045.0,1118.0,12683.0,2723.0,2904.0,2419.0,2768.0,11406.0,31577.0,2022 Yala.csv,Yala,2022,35210.55435818219,-3633.554358182191,-11.506965063755871,88.49303493624413,Below Expected
NUWARAELIYA,638.0,2233.0,2.0,2873.0,638.0,2231.0,2.0,2871.0,4310.0,3530.0,4022.0,3704.0,1618.0,5993.0,2022 Yala.csv,Yala,2022,13039.262846101186,-7046.262846101186,-117.57488480062051,-17.57488480062051,Below Expected
GALLE,203.0,1685.0,8727.0,10615.0,202.0,1654.0,8566.0,10422.0,2077.0,2039.0,2227.0,2194.0,8155.0,17896.0,2022 Yala.csv,Yala,2022,24975.9814989081,-7079.981498908099,-39.56180989555263,60.43819010444737,Below Expected
MATARA,4021.0,3165.0,6135.0,13321.0,3811.0,3143.0,6118.0,13072.0,2984.0,2502.0,2690.0,2730.0,10320.0,28178.0,2022 Yala.csv,Yala,2022,35715.368865202836,-7537.368865202836,-26.74912650011653,73.25087349988347,Below Expected
HAMBANTOTA,28270.0,3927.0,834.0,33031.0,28250.0,3920.0,833.0,33003.0,4833.0,3523.0,2252.0,4612.0,28834.0,132995.0,2022 Yala.csv,Yala,2022,132217.40418805333,777.5958119466668,0.5846804856924447,99.41531951430755,As Expected
JAFFNA,0.0,0.0,0.0,0.0,0.0,0.0,0.0,0.0,0.0,0.0,0.0,0.0,0.0,0.0,2022 Yala.csv,Yala,2022,8614.02535885702,-8614.02535885702,-inf,-inf,Below Expected
MANNAR,1845.0,430.0,0.0,2275.0,1844.0,430.0,0.0,2274.0,3575.0,2781.0,0.0,3425.0,2171.0,7435.0,2022 Yala.csv,Yala,2022,15290.316120766363,-7855.316120766363,-105.65320942523691,-5.653209425236909,Below Expected
VAVUNIYA,2416.0,3069.0,0.0,5485.0,2409.0,3047.0,0.0,5456.0,4563.0,4215.0,0.0,4368.0,5147.0,22485.0,2022 Yala.csv,Yala,2022,23179.143148401065,-694.1431484010645,-3.0871387520616613,96.91286124793834,As Expected
MULATIVU,5008.0,1883.0,0.0,6891.0,5008.0,1883.0,0.0,6891.0,3358.0,4092.0,0.0,3558.0,6501.0,23132.0,2022 Yala.csv,Yala,2022,24456.391013212888,-1324.3910132128876,-5.7253631904413265,94.27463680955867,Below Expected
KILLINOCHCHI,10258.0,75.0,0.0,10333.0,10258.0,70.0,0.0,10328.0,2951.0,2038.0,0.0,2945.0,9164.0,26985.0,2022 Yala.csv,Yala,2022,31747.78515280376,-4762.785152803761,-17.64975042728835,82.35024957271165,Below Expected
BATTICALOA,22260.0,4438.0,1998.0,28696.0,22260.0,4438.0,1998.0,28696.0,2970.0,2974.0,2672.0,2950.0,25327.0,74720.0,2022 Yala.csv,Yala,2022,85897.51736984043,-11177.517369840425,-14.959204188758598,85.0407958112414,Below Expected
AMPARA,60016.0,2299.0,371.0,62686.0,60002.0,2273.0,369.0,62644.0,3746.0,2887.0,2602.0,3708.0,59869.0,221999.0,2022 Yala.csv,Yala,2022,219568.03250237438,2430.967497625621,1.0950353369274732,98.90496466307253,As Expected
TRINCOMALEE,19599.0,4443.0,449.0,24491.0,19599.0,4443.0,449.0,24491.0,4143.0,3441.0,4723.0,4026.0,22752.0,91605.0,2022 Yala.csv,Yala,2022,82079.0654982729,9525.934501727097,10.398924187246434,89.60107581275356,Above Expected
KURUNEGALA,14206.0,22765.0,19859.0,56830.0,14193.0,22660.0,19728.0,56581.0,2827.0,2835.0,2669.0,2775.0,56580.0,157003.0,2022 Yala.csv,Yala,2022,209917.61189131212,-52914.61189131212,-33.70293044802464,66.29706955197537,Below Expected
PUTTALAM,5939.0,6543.0,926.0,13408.0,5930.0,6462.0,916.0,13308.0,3232.0,2351.0,2515.0,2755.0,11312.0,31158.0,2022 Yala.csv,Yala,2022,35668.60018412997,-4510.600184129973,-14.476539521567409,85.5234604784326,Below Expected
ANURADHAPURA,37267.0,22127.0,524.0,59918.0,37249.0,22071.0,512.0,59832.0,3375.0,3073.0,1628.0,3248.0,48111.0,156283.0,2022 Yala.csv,Yala,2022,206327.7932589089,-50044.7932589089,-32.021904659437624,67.97809534056238,Below Expected
POLONNARUWA,53098.0,5538.0,0.0,58636.0,53095.0,5536.0,0.0,58631.0,4306.0,4123.0,0.0,4288.0,51865.0,222414.0,2022 Yala.csv,Yala,2022,239702.08627493706,-17288.086274937057,-7.772930784454692,92.22706921554531,Below Expected
BADULLA,7676.0,4888.0,30.0,12594.0,7676.0,4887.0,30.0,12593.0,3190.0,3598.0,3661.0,3349.0,10704.0,35851.0,2022 Yala.csv,Yala,2022,43836.174460871334,-7985.174460871334,-22.27322657909496,77.72677342090503,Below Expected
MONARAGALA,7809.0,6775.0,987.0,15571.0,7797.0,6691.0,949.0,15437.0,4060.0,3022.0,868.0,3414.0,15129.0,51654.0,2022 Yala.csv,Yala,2022,50990.06614204683,663.9338579531686,1.2853483911278285,98.71465160887217,As Expected
RATNAPURA,4163.0,5307.0,2140.0,11610.0,4142.0,5270.0,2110.0,11522.0,4341.0,2960.0,2411.0,3356.0,9793.0,32865.0,2022 Yala.csv,Yala,2022,33763.427529419205,-898.4275294192048,-2.7336909460496113,97.2663090539504,As Expected
KEGALLE,0.0,1719.0,4385.0,6104.0,0.0,1713.0,4375.0,6088.0,0.0,2562.0,2542.0,2548.0,5704.0,14533.0,2022 Yala.csv,Yala,2022,20124.400327970867,-5591.400327970867,-38.47382046357164,61.52617953642836,Below Expected
COLOMBO,388.0,638.0,3189.0,4215.0,388.0,637.0,3186.0,4211.0,2947.0,2699.0,2875.0,2855.0,3580.0,10222.0,2022-2023 Maha.csv,Maha,2022-2023,26457.786640319257,-16235.786640319257,-158.83180043356737,-58.831800433567366,Below Expected
GAMPAHA,1859.0,2144.0,8345.0,12348.0,1847.0,2127.0,8275.0,12249.0,3705.0,3516.0,3380.0,3453.0,10411.0,35911.0,2022-2023 Maha.csv,Maha,2022-2023,46767.963416790386,-10856.963416790386,-30.232974344324543,69.76702565567545,Below Expected
KALUTARA,140.0,1428.0,11580.0,13148.0,139.0,1417.0,11515.0,13071.0,2554.0,2600.0,2753.0,2735.0,12058.0,32973.0,2022-2023 Maha.csv,Maha,2022-2023,50411.05981168022,-17438.05981168022,-52.88587575191891,47.11412424808109,Below Expected
KANDY,4360.0,5673.0,3145.0,13178.0,4360.0,5669.0,3143.0,13172.0,3987.0,3629.0,3052.0,3610.0,10417.0,37603.0,2022-2023 Maha.csv,Maha,2022-2023,49119.10472022748,-11516.104720227479,-30.625494562209077,69.37450543779093,Below Expected
MATALE,7657.0,8197.0,4420.0,20274.0,7657.0,8190.0,4416.0,20263.0,4134.0,4391.0,4042.0,4218.0,18223.0,76864.0,2022-2023 Maha.csv,Maha,2022-2023,76840.15249378626,23.847506213744055,0.03102558572770615,99.9689744142723,As Expected
NUWARAELIYA,877.0,4066.0,17.0,4960.0,877.0,4059.0,17.0,4953.0,3767.0,3935.0,3858.0,3905.0,2791.0,10898.0,2022-2023 Maha.csv,Maha,2022-2023,25009.42205607693,-14111.422056076932,-129.48634663311555,-29.486346633115545,Below Expected
GALLE,0.0,223.0,12096.0,12319.0,0.0,215.0,11795.0,12010.0,0.0,2547.0,2532.0,2532.0,9400.0,23803.0,2022-2023 Maha.csv,Maha,2022-2023,42535.71178450321,-18732.71178450321,-78.69895300803769,21.30104699196231,Below Expected
MATARA,3825.0,4239.0,6503.0,14567.0,3779.0,4199.0,6485.0,14463.0,3765.0,3688.0,3014.0,3406.0,11418.0,38884.0,2022-2023 Maha.csv,Maha,2022-2023,54136.705259358474,-15252.705259358474,-39.22617338586173,60.77382661413827,Below Expected
HAMBANTOTA,30406.0,5649.0,1292.0,37347.0,30390.0,5607.0,1292.0,37289.0,5754.0,4364.0,3524.0,5468.0,32579.0,178137.0,2022-2023 Maha.csv,Maha,2022-2023,137443.5149054384,40693.48509456159,22.843926356995787,77.15607364300422,Above Expected
JAFFNA,0.0,0.0,11408.0,11408.0,0.0,0.0,11261.0,11261.0,0.0,0.0,2889.0,2889.0,9993.0,28869.0,2022-2023 Maha.csv,Maha,2022-2023,30784.012079994744,-1915.0120799947435,-6.6334548477423665,93.36654515225763,Below Expected
MANNAR,15196.0,6477.0,444.0,22117.0,15193.0,6476.0,444.0,22113.0,3802.0,2972.0,746.0,3497.0,21113.0,73839.0,2022-2023 Maha.csv,Maha,2022-2023,76926.64220579914,-3087.642205799144,-4.181587244950696,95.81841275504931,As Expected
VAVUNIYA,4792.0,14342.0,4369.0,23503.0,4779.0,14059.0,4171.0,23009.0,3405.0,2745.0,2626.0,2861.0,21710.0,62101.0,2022-2023 Maha.csv,Maha,2022-2023,70165.9177192733,-8064.917719273304,-12.986775928363961,87.01322407163605,Below Expected
MULATIVU,8772.0,5335.0,11545.0,25652.0,8772.0,5335.0,11545.0,25652.0,3537.0,3226.0,2824.0,3152.0,24203.0,76274.0,2022-2023 Maha.csv,Maha,2022-2023,75267.73461022736,1006.2653897726414,1.31927706659234,98.68072293340767,As Expected
KILLINOCHCHI,11880.0,425.0,15578.0,27883.0,11880.0,425.0,15207.0,27512.0,3387.0,3261.0,3157.0,3258.0,24414.0,79545.0,2022-2023 Maha.csv,Maha,2022-2023,79494.74476903479,50.25523096520919,0.06317836566120962,99.93682163433878,As Expected
BATTICALOA,30212.0,4014.0,37207.0,71433.0,30212.0,4014.0,37207.0,71433.0,3800.0,3220.0,2494.0,3088.0,63047.0,194671.0,2022-2023 Maha.csv,Maha,2022-2023,194169.33901080425,501.6609891957487,0.2576968265410609,99.74230317345894,As Expected
AMPARA,60740.0,3796.0,16017.0,80553.0,60720.0,3457.0,15709.0,79886.0,4487.0,3878.0,3018.0,4172.0,76347.0,318517.0,2022-2023 Maha.csv,Maha,2022-2023,266952.19012305746,51564.80987694254,16.189029118364967,83.81097088163503,Above Expected
TRINCOMALEE,24819.0,10084.0,13700.0,48603.0,24809.0,10065.0,13700.0,48574.0,3684.0,2686.0,2483.0,3138.0,45126.0,141623.0,2022-2023 Maha.csv,Maha,2022-2023,160328.5768224159,-18705.576822415896,-13.208007754683843,86.79199224531615,Below Expected
KURUNEGALA,17552.0,34443.0,26258.0,78253.0,17523.0,34276.0,26058.0,77857.0,4391.0,3568.0,3588.0,3760.0,77857.0,292723.0,2022-2023 Maha.csv,Maha,2022-2023,262780.3089007953,29942.691099204705,10.229018935718992,89.770981064281,Above Expected
PUTTALAM,6683.0,10406.0,2280.0,19369.0,6595.0,10245.0,2193.0,19033.0,4145.0,3305.0,3077.0,3570.0,16178.0,57756.0,2022-2023 Maha.csv,Maha,2022-2023,72443.32692386022,-14687.326923860222,-25.429958660330048,74.57004133966996,Below Expected
ANURADHAPURA,55236.0,47959.0,15623.0,118818.0,55089.0,47181.0,15087.0,117357.0,4730.0,3240.0,2539.0,3849.0,94367.0,363239.0,2022-2023 Maha.csv,Maha,2022-2023,287905.3719434298,75333.62805657019,20.739410706606446,79.26058929339355,Above Expected
POLONNARUWA,58842.0,7768.0,2877.0,69487.0,58842.0,7737.0,2870.0,69449.0,4383.0,4935.0,3696.0,4416.0,61434.0,271313.0,2022-2023 Maha.csv,Maha,2022-2023,246548.43495584466,24764.565044155344,9.12767358886428,90.87232641113572,Above Expected
BADULLA,10718.0,10022.0,5026.0,25766.0,10718.0,10007.0,5026.0,25751.0,3677.0,4051.0,2855.0,3662.0,21889.0,80152.0,2022-2023 Maha.csv,Maha,2022-2023,88766.06011789785,-8614.060117897854,-10.747155551823852,89.25284444817615,Below Expected
MONARAGALA,9454.0,11767.0,14407.0,35628.0,9446.0,11741.0,14386.0,35573.0,4913.0,4429.0,3058.0,4003.0,34861.0,139548.0,2022-2023 Maha.csv,Maha,2022-2023,120428.10279266028,19119.897207339716,13.701305075916329,86.29869492408368,Above Expected
RATNAPURA,4683.0,6687.0,3271.0,14641.0,4683.0,6662.0,3253.0,14598.0,5292.0,3262.0,2578.0,3761.0,12409.0,46666.0,2022-2023 Maha.csv,Maha,2022-2023,50380.78427497344,-3714.784274973441,-7.960365737310764,92.03963426268923,Below Expected
KEGALLE,0.0,742.0,6389.0,7131.0,0.0,741.0,6386.0,7127.0,0.0,3674.0,3571.0,3581.0,6676.0,23909.0,2022-2023 Maha.csv,Maha,2022-2023,33447.416986500626,-9538.416986500626,-39.89467140616766,60.10532859383234,Below Expected
COLOMBO,210.0,278.0,1730.0,2218.0,208.0,278.0,1729.0,2215.0,2133.0,2542.0,2372.0,2371.0,1883.0,4464.0,2023 Yala.csv,Yala,2023,10160.841110475816,-5696.841110475816,-127.61740838879516,-27.617408388795155,Below Expected
GAMPAHA,1570.0,1481.0,5609.0,8660.0,1454.0,1474.0,5539.0,8467.0,2370.0,3242.0,2424.0,2557.0,7197.0,18401.0,2023 Yala.csv,Yala,2023,24658.91085989273,-6257.9108598927305,-34.00853681806821,65.99146318193179,Below Expected
KALUTARA,112.0,1090.0,7930.0,9132.0,112.0,1090.0,7913.0,9115.0,3122.0,2946.0,2415.0,2487.0,8408.0,20913.0,2023 Yala.csv,Yala,2023,32601.95665356021,-11688.95665356021,-55.89325612566447,44.10674387433553,Below Expected
KANDY,4196.0,3296.0,2408.0,9900.0,4196.0,3266.0,2399.0,9861.0,4811.0,2846.0,3172.0,3762.0,7798.0,29335.0,2023 Yala.csv,Yala,2023,35092.381867049364,-5757.381867049364,-19.62632305113129,80.3736769488687,Below Expected
MATALE,6820.0,4124.0,813.0,11757.0,6771.0,4039.0,756.0,11566.0,4293.0,3716.0,2527.0,3976.0,10402.0,41359.0,2023 Yala.csv,Yala,2023,38805.12762017057,2553.8723798294304,6.1748890926507665,93.82511090734923,Above Expected
NUWARAELIYA,520.0,1916.0,3.0,2439.0,520.0,1913.0,3.0,2436.0,4177.0,4104.0,3694.0,4119.0,1372.0,5653.0,2023 Yala.csv,Yala,2023,14313.91214812765,-8660.91214812765,-153.20913051702902,-53.209130517029024,Below Expected
GALLE,0.0,127.0,5556.0,5683.0,0.0,80.0,4944.0,5024.0,0.0,2328.0,2167.0,2169.0,3931.0,8527.0,2023 Yala.csv,Yala,2023,21200.69739325687,-12673.697393256869,-148.63020280587392,-48.63020280587392,Below Expected
MATARA,3469.0,3941.0,5562.0,12972.0,2201.0,2697.0,4811.0,9709.0,3573.0,2930.0,2775.0,2999.0,7666.0,22989.0,2023 Yala.csv,Yala,2023,37784.27491607678,-14795.274916076778,-64.35806218659698,35.64193781340302,Below Expected
HAMBANTOTA,29254.0,4558.0,1135.0,34947.0,27781.0,4128.0,1011.0,32920.0,5289.0,4253.0,2938.0,5087.0,28762.0,146310.0,2023 Yala.csv,Yala,2023,137260.41262225926,9049.58737774074,6.185214529246627,93.81478547075338,Above Expected
JAFFNA,0.0,0.0,0.0,0.0,0.0,0.0,0.0,0.0,0.0,0.0,0.0,0.0,0.0,0.0,2023 Yala.csv,Yala,2023,8652.850680819096,-8652.850680819096,-inf,-inf,Below Expected
MANNAR,1983.0,391.0,0.0,2374.0,1982.0,387.0,0.0,2369.0,5045.0,3704.0,0.0,4826.0,2262.0,10918.0,2023 Yala.csv,Yala,2023,15630.326617708553,-4712.326617708553,-43.16107911438499,56.83892088561501,Below Expected
VAVUNIYA,2063.0,3640.0,0.0,5703.0,2036.0,3494.0,0.0,5530.0,4068.0,4074.0,0.0,4071.0,5218.0,21243.0,2023 Yala.csv,Yala,2023,24433.53085160586,-3190.5308516058612,-15.019210335667568,84.98078966433243,Below Expected
MULATIVU,4203.0,1549.0,0.0,5752.0,4203.0,1549.0,0.0,5752.0,4428.0,4389.0,0.0,4418.0,5427.0,23973.0,2023 Yala.csv,Yala,2023,24031.67016046564,-58.67016046564095,-0.24473432805923725,99.75526567194076,As Expected
KILLINOCHCHI,6807.0,75.0,0.0,6882.0,6807.0,75.0,0.0,6882.0,3999.0,3010.0,0.0,3988.0,6107.0,24355.0,2023 Yala.csv,Yala,2023,29628.410467615802,-5273.410467615802,-21.652270448022183,78.34772955197782,Below Expected
BATTICALOA,29078.0,4418.0,70.0,33566.0,29078.0,4418.0,70.0,33566.0,3580.0,3401.0,3549.0,3557.0,29625.0,105366.0,2023 Yala.csv,Yala,2023,116557.8030649449,-11191.803064944907,-10.621835378532834,89.37816462146716,Below Expected
AMPARA,60510.0,2308.0,366.0,63184.0,60506.0,2304.0,366.0,63176.0,4358.0,3986.0,3251.0,4338.0,60377.0,261938.0,2023 Yala.csv,Yala,2023,220856.10844966158,41081.89155033842,15.683822717718856,84.31617728228115,Above Expected
TRINCOMALEE,23787.0,4726.0,136.0,28649.0,23787.0,4726.0,136.0,28649.0,4979.0,3757.0,3577.0,4771.0,26615.0,126977.0,2023 Yala.csv,Yala,2023,88006.38395335391,38970.616046646086,30.69108267374886,69.30891732625113,Above Expected
KURUNEGALA,15199.0,28892.0,21197.0,65288.0,14993.0,26925.0,17933.0,59851.0,4237.0,3301.0,3004.0,3447.0,59851.0,206292.0,2023 Yala.csv,Yala,2023,216843.48861038254,-10551.488610382541,-5.114831699912037,94.88516830008797,Below Expected
PUTTALAM,8189.0,8341.0,1142.0,17672.0,8180.0,8049.0,1041.0,17270.0,4180.0,3443.0,3730.0,3810.0,14680.0,55932.0,2023 Yala.csv,Yala,2023,58816.45737800924,-2884.4573780092396,-5.1570789136974176,94.84292108630258,Below Expected
ANURADHAPURA,43099.0,22007.0,418.0,65524.0,42888.0,21549.0,415.0,64852.0,4563.0,3790.0,3969.0,4302.0,52148.0,224321.0,2023 Yala.csv,Yala,2023,215583.0277167704,8737.97228322961,3.895298381885606,96.10470161811439,As Expected
POLONNARUWA,58149.0,7852.0,32.0,66033.0,58147.0,7811.0,32.0,65990.0,4986.0,4421.0,3686.0,4918.0,58375.0,287105.0,2023 Yala.csv,Yala,2023,247303.5727816022,39801.42721839779,13.863021270405525,86.13697872959447,Above Expected
BADULLA,8251.0,4785.0,163.0,13199.0,8251.0,4762.0,163.0,13176.0,4592.0,4491.0,4451.0,4554.0,11200.0,51003.0,2023 Yala.csv,Yala,2023,47916.715309681065,3086.2846903189347,6.051182656547526,93.94881734345248,Above Expected
MONARAGALA,8277.0,6787.0,1497.0,16561.0,8274.0,6737.0,1479.0,16490.0,4455.0,3823.0,2555.0,4026.0,16160.0,65066.0,2023 Yala.csv,Yala,2023,60046.90191151289,5019.09808848711,7.713856835347355,92.28614316465264,Above Expected
RATNAPURA,4430.0,4584.0,1473.0,10487.0,4397.0,4564.0,1463.0,10424.0,5661.0,3164.0,3002.0,4195.0,8861.0,37169.0,2023 Yala.csv,Yala,2023,37155.123211951715,13.876788048284652,0.03733430559951748,99.96266569440048,As Expected
KEGALLE,0.0,690.0,5804.0,6494.0,0.0,690.0,5692.0,6382.0,0.0,3142.0,2954.0,2974.0,5979.0,17782.0,2023 Yala.csv,Yala,2023,23147.952612695062,-5365.952612695062,-30.17631657122406,69.82368342877594,Below Expected
