District,Major_Schemes_Sown,Minor_Schemes_Sown,Rainfed_Sown,All_Schemes_Sown,Major_Schemes_Harvested,Minor_Schemes_Harvested,Rainfed_Harvested,All_Schemes_Harvested,Major_Schemes_Yield,Minor_Schemes_Yield,Rainfed_Yield,Average_Yield,Nett_Extent_Harvested,Total_Production,Source_File,Season,Year
COLOMBO,1141.0,85.0,3367.0,4594.0,85.0,1141.0,3365.0,4592.0,2564.0,3426.0,3218.0,3251.0,3903.0,12687.0,2004 - 2005 Maha.csv,Maha,2004 - 2005
GAMPAHA,1170.0,1192.0,7811.0,10173.0,1191.0,1170.0,7809.0,10170.0,3226.0,3500.0,3430.0,3408.0,8644.0,29460.0,2004 - 2005 Maha.csv,Maha,2004 - 2005
KALUTARA,1938.0,96.0,11608.0,13642.0,93.0,1936.0,11581.0,13610.0,3344.0,2594.0,2913.0,2865.0,12556.0,35971.0,2004 - 2005 Maha.csv,Maha,2004 - 2005
GALLE,175.0,0.0,14323.0,14498.0,0.0,174.0,13769.0,13943.0,0.0,3614.0,3719.0,3711.0,10912.0,40494.0,2004 - 2005 Maha.csv,Maha,2004 - 2005
MATARA,2809.0,3615.0,8439.0,14862.0,3610.0,2752.0,8333.0,14695.0,4415.0,3859.0,3498.0,3785.0,11602.0,43912.0,2004 - 2005 Maha.csv,Maha,2004 - 2005
RATNAPURA,6733.0,1899.0,3786.0,12419.0,1899.0,6627.0,3702.0,12228.0,4138.0,2895.0,2717.0,3028.0,10394.0,31472.0,2004 - 2005 Maha.csv,Maha,2004 - 2005
KEGALLE,2284.0,0.0,6638.0,8923.0,0.0,2282.0,6636.0,8919.0,0.0,3549.0,3361.0,3403.0,8355.0,28430.0,2004 - 2005 Maha.csv,Maha,2004 - 2005
KURUNEGALA,24805.0,11742.0,24874.0,61421.0,11733.0,24598.0,24163.0,60493.0,4354.0,3231.0,3354.0,3492.0,60493.0,211245.0,2004 - 2005 Maha.csv,Maha,2004 - 2005
PUTTALAM,5133.0,4745.0,683.0,10561.0,4725.0,5108.0,677.0,10510.0,4190.0,3279.0,3626.0,3704.0,8933.0,33090.0,2004 - 2005 Maha.csv,Maha,2004 - 2005
KANDY,5411.0,4034.0,4117.0,13563.0,4034.0,5394.0,4098.0,13526.0,4718.0,2777.0,3232.0,3488.0,10697.0,37309.0,2004 - 2005 Maha.csv,Maha,2004 - 2005
MATALE,7147.0,5328.0,3438.0,15913.0,5328.0,7095.0,3361.0,15783.0,4568.0,3633.0,3520.0,3918.0,14194.0,55614.0,2004 - 2005 Maha.csv,Maha,2004 - 2005
NUWARAELIYA,4406.0,1233.0,121.0,5760.0,1233.0,4405.0,121.0,5759.0,3795.0,4577.0,3178.0,4374.0,3245.0,14194.0,2004 - 2005 Maha.csv,Maha,2004 - 2005
BADULLA,8666.0,10359.0,3087.0,22112.0,10359.0,8666.0,3087.0,22112.0,5006.0,3923.0,2771.0,4264.0,18795.0,80143.0,2004 - 2005 Maha.csv,Maha,2004 - 2005
MONARAGALA,5762.0,4841.0,5311.0,15913.0,4795.0,5761.0,5306.0,15862.0,4539.0,3908.0,3362.0,3910.0,15545.0,60780.0,2004 - 2005 Maha.csv,Maha,2004 - 2005
JAFFNA,0.0,0.0,7636.0,7636.0,0.0,0.0,7231.0,7231.0,0.0,0.0,2214.0,2214.0,6417.0,14207.0,2004 - 2005 Maha.csv,Maha,2004 - 2005
KILLINOCHCHI,526.0,9759.0,9185.0,19470.0,8492.0,491.0,8129.0,17113.0,3859.0,3866.0,3047.0,3461.0,15186.0,52558.0,2004 - 2005 Maha.csv,Maha,2004 - 2005
VAVUNIYA,5237.0,3039.0,163.0,8439.0,3017.0,5162.0,143.0,8322.0,3463.0,3873.0,1944.0,3685.0,7851.0,28934.0,2004 - 2005 Maha.csv,Maha,2004 - 2005
MULATIVU,2697.0,4417.0,4704.0,11819.0,4172.0,2475.0,3714.0,10362.0,3704.0,4528.0,2503.0,3464.0,9776.0,33863.0,2004 - 2005 Maha.csv,Maha,2004 - 2005
MANNAR,1388.0,8117.0,24.0,9529.0,8117.0,1388.0,24.0,9529.0,4236.0,4127.0,0.0,4203.0,9098.0,38240.0,2004 - 2005 Maha.csv,Maha,2004 - 2005
ANURADHAPURA,32157.0,25693.0,3303.0,61153.0,25692.0,32050.0,3269.0,61011.0,4965.0,4272.0,4098.0,4549.0,49059.0,223169.0,2004 - 2005 Maha.csv,Maha,2004 - 2005
POLONNARUWA,1682.0,50341.0,1157.0,53180.0,49785.0,1491.0,946.0,52222.0,5048.0,4222.0,3627.0,4992.0,46196.0,230608.0,2004 - 2005 Maha.csv,Maha,2004 - 2005
TRINCOMALEE,3386.0,15285.0,6351.0,25022.0,15023.0,3357.0,6257.0,24637.0,4332.0,3990.0,2945.0,3927.0,22888.0,89880.0,2004 - 2005 Maha.csv,Maha,2004 - 2005
BATTICALOA,1913.0,17598.0,26671.0,46182.0,17108.0,1897.0,26313.0,45318.0,2653.0,2895.0,2141.0,2360.0,39997.0,94394.0,2004 - 2005 Maha.csv,Maha,2004 - 2005
AMPARA,2108.0,52458.0,6171.0,60737.0,51325.0,2053.0,5910.0,59288.0,4461.0,3893.0,3029.0,4292.0,56662.0,243191.0,2004 - 2005 Maha.csv,Maha,2004 - 2005
HAMBANTOTA,3614.0,14251.0,1201.0,19066.0,13888.0,3590.0,1199.0,18678.0,4811.0,3614.0,3134.0,4467.0,16319.0,72893.0,2004 - 2005 Maha.csv,Maha,2004 - 2005
UDA_WALAWE,0.0,8884.0,0.0,8884.0,8884.0,0.0,0.0,8884.0,5335.0,0.0,0.0,5335.0,8706.0,46447.0,2004 - 2005 Maha.csv,Maha,2004 - 2005
MAHAWELI_H,0.0,25093.0,0.0,25093.0,25093.0,0.0,0.0,25093.0,5756.0,0.0,0.0,5756.0,22504.0,129523.0,2004 - 2005 Maha.csv,Maha,2004 - 2005
COLOMBO,1087.0,100.0,3236.0,4422.0,100.0,1085.0,3231.0,4416.0,3944.0,2858.0,3394.0,3275.0,3754.0,12292.0,2005 - 2006 Maha.csv,Maha,2005 - 2006
GAMPAHA,1086.0,1227.0,7522.0,9835.0,1213.0,1071.0,7469.0,9753.0,3863.0,3541.0,3570.0,3603.0,8290.0,29869.0,2005 - 2006 Maha.csv,Maha,2005 - 2006
KALUTARA,1896.0,94.0,11207.0,13197.0,93.0,1885.0,11182.0,13160.0,3207.0,3006.0,2833.0,2861.0,12140.0,34729.0,2005 - 2006 Maha.csv,Maha,2005 - 2006
GALLE,175.0,0.0,13929.0,14104.0,0.0,175.0,13905.0,14079.0,0.0,3861.0,3493.0,3498.0,11019.0,38540.0,2005 - 2006 Maha.csv,Maha,2005 - 2006
MATARA,2901.0,3541.0,8341.0,14782.0,3541.0,2899.0,8228.0,14667.0,4437.0,3676.0,3971.0,4025.0,11580.0,46608.0,2005 - 2006 Maha.csv,Maha,2005 - 2006
RATNAPURA,6645.0,1868.0,3705.0,12219.0,1868.0,6631.0,3696.0,12196.0,4440.0,2836.0,2605.0,3012.0,10366.0,31221.0,2005 - 2006 Maha.csv,Maha,2005 - 2006
KEGALLE,2223.0,0.0,6554.0,8777.0,0.0,2223.0,6553.0,8776.0,0.0,3940.0,4063.0,4032.0,8221.0,33151.0,2005 - 2006 Maha.csv,Maha,2005 - 2006
KURUNEGALA,32699.0,12691.0,27942.0,73331.0,12691.0,32636.0,27879.0,73205.0,4262.0,3542.0,3512.0,3655.0,73205.0,267590.0,2005 - 2006 Maha.csv,Maha,2005 - 2006
PUTTALAM,5361.0,5309.0,689.0,11360.0,5287.0,5296.0,680.0,11263.0,3762.0,3095.0,3807.0,3451.0,9573.0,33039.0,2005 - 2006 Maha.csv,Maha,2005 - 2006
KANDY,5174.0,3859.0,3752.0,12784.0,3859.0,4993.0,3744.0,12595.0,4726.0,3261.0,2960.0,3620.0,9960.0,36060.0,2005 - 2006 Maha.csv,Maha,2005 - 2006
MATALE,7221.0,5144.0,3541.0,15906.0,5144.0,7206.0,3523.0,15874.0,4176.0,3177.0,3047.0,3472.0,14275.0,49562.0,2005 - 2006 Maha.csv,Maha,2005 - 2006
NUWARAELIYA,4569.0,1244.0,121.0,5935.0,1244.0,4569.0,121.0,5934.0,3795.0,3934.0,3581.0,3898.0,3344.0,13032.0,2005 - 2006 Maha.csv,Maha,2005 - 2006
BADULLA,8555.0,10395.0,3212.0,22162.0,10394.0,8550.0,3212.0,22156.0,4767.0,4030.0,3354.0,4278.0,18832.0,80562.0,2005 - 2006 Maha.csv,Maha,2005 - 2006
MONARAGALA,6154.0,5444.0,5148.0,16746.0,5444.0,6154.0,5148.0,16746.0,4700.0,3616.0,3578.0,3957.0,16411.0,64932.0,2005 - 2006 Maha.csv,Maha,2005 - 2006
JAFFNA,0.0,0.0,7568.0,7568.0,0.0,0.0,7249.0,7249.0,0.0,0.0,1977.0,1977.0,6433.0,12719.0,2005 - 2006 Maha.csv,Maha,2005 - 2006
KILLINOCHCHI,446.0,6589.0,9429.0,16464.0,5731.0,388.0,8205.0,14324.0,3542.0,2538.0,3246.0,3345.0,12711.0,42522.0,2005 - 2006 Maha.csv,Maha,2005 - 2006
VAVUNIYA,6169.0,2910.0,251.0,9330.0,2896.0,6156.0,251.0,9303.0,4023.0,3862.0,3341.0,3898.0,8777.0,34214.0,2005 - 2006 Maha.csv,Maha,2005 - 2006
MULATIVU,2026.0,3795.0,3760.0,9581.0,3562.0,1974.0,3699.0,9235.0,3883.0,3125.0,3641.0,3624.0,8713.0,31576.0,2005 - 2006 Maha.csv,Maha,2005 - 2006
MANNAR,1334.0,8375.0,6.0,9715.0,8040.0,1280.0,6.0,9326.0,4251.0,3234.0,0.0,4108.0,8904.0,36584.0,2005 - 2006 Maha.csv,Maha,2005 - 2006
ANURADHAPURA,31093.0,27316.0,3373.0,61782.0,27306.0,31030.0,3369.0,61705.0,4778.0,4383.0,3694.0,4520.0,49617.0,224258.0,2005 - 2006 Maha.csv,Maha,2005 - 2006
POLONNARUWA,1610.0,50434.0,1132.0,53176.0,49922.0,1607.0,1131.0,52659.0,4955.0,4460.0,3627.0,4911.0,46582.0,228781.0,2005 - 2006 Maha.csv,Maha,2005 - 2006
TRINCOMALEE,2918.0,14918.0,5907.0,23743.0,14565.0,2897.0,5733.0,23195.0,4300.0,3419.0,3390.0,3965.0,21548.0,85439.0,2005 - 2006 Maha.csv,Maha,2005 - 2006
BATTICALOA,2058.0,17289.0,27426.0,46772.0,17156.0,2040.0,27378.0,46573.0,3346.0,3145.0,3125.0,3207.0,41106.0,131830.0,2005 - 2006 Maha.csv,Maha,2005 - 2006
AMPARA,2031.0,54943.0,5741.0,62715.0,54942.0,2031.0,5660.0,62632.0,4729.0,3823.0,3364.0,4576.0,59858.0,273932.0,2005 - 2006 Maha.csv,Maha,2005 - 2006
HAMBANTOTA,3527.0,15241.0,1112.0,19881.0,15241.0,3521.0,1111.0,19873.0,5249.0,4595.0,4099.0,5069.0,17363.0,88006.0,2005 - 2006 Maha.csv,Maha,2005 - 2006
UDA_WALAWE,0.0,9904.0,0.0,9904.0,9904.0,0.0,0.0,9904.0,5681.0,0.0,0.0,5681.0,9706.0,55136.0,2005 - 2006 Maha.csv,Maha,2005 - 2006
MAHAWELI_H,0.0,25106.0,0.0,25106.0,25106.0,0.0,0.0,25106.0,5303.0,0.0,0.0,5303.0,22515.0,119406.0,2005 - 2006 Maha.csv,Maha,2005 - 2006
COLOMBO,580.0,63.0,1621.0,2263.0,63.0,578.0,1616.0,2257.0,2138.0,2252.0,2506.0,2431.0,1918.0,4663.0,2005 Yala.csv,Yala,2005
GAMPAHA,347.0,819.0,2321.0,3487.0,793.0,347.0,2268.0,3408.0,3369.0,3261.0,2441.0,2741.0,2897.0,7938.0,2005 Yala.csv,Yala,2005
KALUTARA,1678.0,75.0,9726.0,11479.0,73.0,1668.0,9705.0,11446.0,2437.0,2444.0,2316.0,2335.0,10559.0,24656.0,2005 Yala.csv,Yala,2005
GALLE,72.0,0.0,9342.0,9414.0,0.0,61.0,9275.0,9336.0,0.0,3499.0,2783.0,2788.0,7306.0,20369.0,2005 Yala.csv,Yala,2005
MATARA,2803.0,3637.0,7676.0,14115.0,3628.0,2801.0,7673.0,14103.0,4060.0,3295.0,2794.0,3219.0,11134.0,35843.0,2005 Yala.csv,Yala,2005
RATNAPURA,5733.0,1815.0,2828.0,10375.0,1815.0,5687.0,2814.0,10316.0,3961.0,2928.0,2621.0,3026.0,8769.0,26532.0,2005 Yala.csv,Yala,2005
KEGALLE,1880.0,0.0,5894.0,7774.0,0.0,1877.0,5873.0,7750.0,0.0,3127.0,3062.0,3078.0,7260.0,22346.0,2005 Yala.csv,Yala,2005
KURUNEGALA,17850.0,9271.0,17841.0,44961.0,9068.0,15010.0,12695.0,36773.0,3867.0,2763.0,2532.0,2955.0,36773.0,108670.0,2005 Yala.csv,Yala,2005
PUTTALAM,3009.0,2522.0,396.0,5927.0,2414.0,2827.0,392.0,5634.0,3869.0,3065.0,2998.0,3405.0,4789.0,16304.0,2005 Yala.csv,Yala,2005
KANDY,2685.0,3828.0,2338.0,8852.0,3827.0,2647.0,2300.0,8774.0,4657.0,2494.0,2691.0,3489.0,6938.0,24208.0,2005 Yala.csv,Yala,2005
MATALE,2774.0,2144.0,450.0,5368.0,2140.0,2703.0,434.0,5276.0,3257.0,3275.0,2519.0,3205.0,4745.0,15210.0,2005 Yala.csv,Yala,2005
NUWARAELIYA,1452.0,444.0,37.0,1932.0,435.0,1422.0,36.0,1893.0,2962.0,2881.0,3812.0,2917.0,1067.0,3112.0,2005 Yala.csv,Yala,2005
BADULLA,3099.0,8273.0,22.0,11394.0,8273.0,3099.0,22.0,11394.0,4551.0,3457.0,3457.0,4251.0,9685.0,41170.0,2005 Yala.csv,Yala,2005
MONARAGALA,2371.0,3622.0,121.0,6114.0,3620.0,2342.0,121.0,6082.0,3951.0,3377.0,2988.0,3711.0,5961.0,22121.0,2005 Yala.csv,Yala,2005
JAFFNA,0.0,0.0,0.0,0.0,0.0,0.0,0.0,0.0,0.0,0.0,0.0,0.0,0.0,0.0,2005 Yala.csv,Yala,2005
KILLINOCHCHI,42.0,5347.0,0.0,5389.0,4685.0,39.0,0.0,4724.0,3599.0,3350.0,0.0,3597.0,4192.0,15078.0,2005 Yala.csv,Yala,2005
VAVUNIYA,701.0,616.0,16.0,1332.0,616.0,699.0,16.0,1330.0,3873.0,3981.0,3981.0,3931.0,1255.0,4934.0,2005 Yala.csv,Yala,2005
MULATIVU,478.0,1836.0,205.0,2519.0,1787.0,461.0,194.0,2442.0,3780.0,4037.0,3316.0,3792.0,2304.0,8737.0,2005 Yala.csv,Yala,2005
MANNAR,135.0,958.0,0.0,1093.0,939.0,132.0,0.0,1071.0,4141.0,3815.0,0.0,4101.0,1023.0,4194.0,2005 Yala.csv,Yala,2005
ANURADHAPURA,7150.0,17126.0,18.0,24294.0,17126.0,7117.0,18.0,24261.0,4316.0,4018.0,3331.0,4228.0,19508.0,82477.0,2005 Yala.csv,Yala,2005
POLONNARUWA,1840.0,48025.0,0.0,49865.0,48017.0,1812.0,0.0,49829.0,4778.0,4315.0,0.0,4761.0,44079.0,209846.0,2005 Yala.csv,Yala,2005
TRINCOMALEE,1552.0,14769.0,0.0,16321.0,13542.0,1552.0,0.0,15095.0,4447.0,4615.0,0.0,4464.0,14023.0,62603.0,2005 Yala.csv,Yala,2005
BATTICALOA,1261.0,15458.0,0.0,16719.0,15455.0,1253.0,0.0,16707.0,3418.0,3854.0,0.0,3451.0,14746.0,50882.0,2005 Yala.csv,Yala,2005
AMPARA,1436.0,54705.0,183.0,56324.0,54703.0,1436.0,183.0,56322.0,4775.0,4452.0,4452.0,4766.0,53827.0,256551.0,2005 Yala.csv,Yala,2005
HAMBANTOTA,2269.0,13559.0,805.0,16633.0,13485.0,2210.0,798.0,16492.0,4357.0,3449.0,2916.0,4166.0,14409.0,60028.0,2005 Yala.csv,Yala,2005
UDA_WALAWE,0.0,9190.0,0.0,9190.0,9190.0,0.0,0.0,9190.0,5166.0,0.0,0.0,5166.0,9006.0,46529.0,2005 Yala.csv,Yala,2005
MAHAWELI_H,0.0,13479.0,0.0,13479.0,13466.0,0.0,0.0,13466.0,4843.0,0.0,0.0,4843.0,12077.0,58481.0,2005 Yala.csv,Yala,2005
COLOMBO,68.0,17.0,394.0,480.0,16.0,65.0,374.0,456.0,2702.0,2702.0,2502.0,2537.0,387.0,983.0,2006 Yala.csv,Yala,2006
GAMPAHA,68.0,420.0,670.0,1158.0,409.0,64.0,628.0,1102.0,2839.0,2818.0,2526.0,2659.0,936.0,2490.0,2006 Yala.csv,Yala,2006
KALUTARA,1437.0,22.0,8300.0,9759.0,22.0,1351.0,8012.0,9385.0,2910.0,2857.0,2665.0,2693.0,8657.0,23316.0,2006 Yala.csv,Yala,2006
GALLE,27.0,0.0,4886.0,4912.0,0.0,27.0,4869.0,4895.0,0.0,4205.0,2720.0,2728.0,3831.0,10453.0,2006 Yala.csv,Yala,2006
MATARA,2105.0,2929.0,6409.0,11443.0,2920.0,2105.0,6390.0,11415.0,3702.0,3324.0,3556.0,3550.0,9012.0,31996.0,2006 Yala.csv,Yala,2006
RATNAPURA,5263.0,1847.0,2410.0,9520.0,1843.0,5241.0,2397.0,9482.0,4267.0,3361.0,2690.0,3368.0,8060.0,27142.0,2006 Yala.csv,Yala,2006
KEGALLE,1432.0,0.0,4039.0,5471.0,0.0,1431.0,4037.0,5468.0,0.0,3340.0,3055.0,3130.0,5122.0,16030.0,2006 Yala.csv,Yala,2006
KURUNEGALA,17221.0,10387.0,7484.0,35093.0,9868.0,16360.0,7110.0,33338.0,4291.0,3527.0,3058.0,3653.0,33338.0,121783.0,2006 Yala.csv,Yala,2006
PUTTALAM,3223.0,3276.0,283.0,6781.0,3119.0,3194.0,261.0,6574.0,4257.0,3121.0,2790.0,3647.0,5588.0,20378.0,2006 Yala.csv,Yala,2006
KANDY,2599.0,3797.0,1671.0,8067.0,3796.0,2595.0,1501.0,7893.0,4627.0,3215.0,3222.0,3895.0,6241.0,24313.0,2006 Yala.csv,Yala,2006
MATALE,2965.0,3749.0,554.0,7268.0,3749.0,2965.0,554.0,7268.0,3925.0,3228.0,3224.0,3587.0,6536.0,23447.0,2006 Yala.csv,Yala,2006
NUWARAELIYA,1430.0,459.0,34.0,1923.0,449.0,1401.0,34.0,1883.0,3229.0,3069.0,3774.0,3120.0,1061.0,3311.0,2006 Yala.csv,Yala,2006
BADULLA,3121.0,8198.0,18.0,11337.0,8182.0,3098.0,18.0,11298.0,4591.0,3855.0,3949.0,4388.0,9603.0,42141.0,2006 Yala.csv,Yala,2006
MONARAGALA,2398.0,4023.0,158.0,6579.0,4023.0,2398.0,158.0,6579.0,4383.0,3542.0,3516.0,4055.0,6448.0,26148.0,2006 Yala.csv,Yala,2006
JAFFNA,0.0,0.0,0.0,0.0,0.0,0.0,0.0,0.0,0.0,0.0,0.0,0.0,0.0,0.0,2006 Yala.csv,Yala,2006
KILLINOCHCHI,48.0,5187.0,0.0,5235.0,4451.0,37.0,0.0,4488.0,3563.0,3317.0,0.0,3561.0,3982.0,14180.0,2006 Yala.csv,Yala,2006
VAVUNIYA,428.0,293.0,0.0,721.0,291.0,420.0,0.0,710.0,4526.0,4367.0,0.0,4432.0,670.0,2970.0,2006 Yala.csv,Yala,2006
MULATIVU,353.0,1653.0,749.0,2755.0,1570.0,335.0,712.0,2617.0,3742.0,3997.0,3283.0,3650.0,2469.0,9012.0,2006 Yala.csv,Yala,2006
MANNAR,5.0,43.0,0.0,48.0,43.0,5.0,0.0,48.0,4100.0,3777.0,0.0,4067.0,46.0,185.0,2006 Yala.csv,Yala,2006
ANURADHAPURA,5706.0,15472.0,23.0,21201.0,15428.0,5621.0,23.0,21072.0,4704.0,4165.0,4071.0,4560.0,16944.0,77257.0,2006 Yala.csv,Yala,2006
POLONNARUWA,1657.0,46844.0,0.0,48501.0,46844.0,1657.0,0.0,48501.0,4909.0,4628.0,0.0,4899.0,42904.0,210183.0,2006 Yala.csv,Yala,2006
TRINCOMALEE,950.0,10077.0,0.0,11027.0,9549.0,781.0,0.0,10330.0,4484.0,3573.0,0.0,4415.0,9596.0,42370.0,2006 Yala.csv,Yala,2006
BATTICALOA,1079.0,14397.0,22.0,15498.0,14215.0,988.0,22.0,15226.0,3650.0,3623.0,3623.0,3649.0,13438.0,49031.0,2006 Yala.csv,Yala,2006
AMPARA,1309.0,53667.0,59.0,55036.0,53653.0,1308.0,59.0,55021.0,4901.0,4212.0,4624.0,4884.0,52584.0,256824.0,2006 Yala.csv,Yala,2006
HAMBANTOTA,2202.0,13490.0,756.0,16448.0,13466.0,2187.0,753.0,16406.0,4693.0,3615.0,2962.0,4470.0,14334.0,64069.0,2006 Yala.csv,Yala,2006
UDA_WALAWE,0.0,9484.0,0.0,9484.0,9294.0,0.0,0.0,9294.0,5424.0,0.0,0.0,5424.0,9108.0,49404.0,2006 Yala.csv,Yala,2006
MAHAWELI_H,0.0,13451.0,0.0,13451.0,13451.0,0.0,0.0,13451.0,4717.0,0.0,0.0,4717.0,12062.0,56901.0,2006 Yala.csv,Yala,2006
COLOMBO,747.0,52.0,2555.0,3354.0,52.0,747.0,2550.0,3349.0,3004.0,3010.0,3040.0,3033.0,2846.0,8632.0,2006-2007  Maha.csv,Maha,2006-2007
GAMPAHA,903.0,1027.0,6472.0,8402.0,926.0,853.0,6311.0,8091.0,3079.0,2912.0,3171.0,3134.0,6878.0,21551.0,2006-2007  Maha.csv,Maha,2006-2007
KALUTARA,1801.0,79.0,10631.0,12511.0,74.0,1628.0,9728.0,11431.0,3217.0,3025.0,3194.0,3170.0,10545.0,33424.0,2006-2007  Maha.csv,Maha,2006-2007
GALLE,144.0,0.0,12251.0,12395.0,0.0,144.0,12226.0,12370.0,0.0,3418.0,3418.0,3418.0,9681.0,33088.0,2006-2007  Maha.csv,Maha,2006-2007
MATARA,2845.0,3034.0,7297.0,13176.0,3034.0,2533.0,7291.0,12858.0,4337.0,3811.0,3382.0,3692.0,10151.0,37477.0,2006-2007  Maha.csv,Maha,2006-2007
RATNAPURA,5987.0,1904.0,3245.0,11136.0,1904.0,5952.0,3237.0,11092.0,4348.0,3382.0,2678.0,3342.0,9429.0,31512.0,2006-2007  Maha.csv,Maha,2006-2007
KEGALLE,2144.0,0.0,6089.0,8233.0,0.0,2144.0,6084.0,8228.0,0.0,3255.0,3103.0,3143.0,7708.0,24223.0,2006-2007  Maha.csv,Maha,2006-2007
KURUNEGALA,32799.0,12699.0,26233.0,71731.0,12683.0,32519.0,24533.0,69736.0,4739.0,4163.0,3500.0,4035.0,69736.0,281367.0,2006-2007  Maha.csv,Maha,2006-2007
PUTTALAM,6337.0,5568.0,673.0,12579.0,5309.0,5940.0,525.0,11774.0,4274.0,3735.0,3383.0,3962.0,10008.0,39652.0,2006-2007  Maha.csv,Maha,2006-2007
KANDY,4958.0,3894.0,3189.0,12042.0,3894.0,4955.0,3189.0,12039.0,5083.0,2678.0,3639.0,3710.0,9520.0,35322.0,2006-2007  Maha.csv,Maha,2006-2007
MATALE,7020.0,4745.0,3516.0,15281.0,4745.0,6975.0,3469.0,15189.0,4147.0,3820.0,3576.0,3866.0,13660.0,52813.0,2006-2007  Maha.csv,Maha,2006-2007
NUWARAELIYA,4194.0,1020.0,121.0,5335.0,1020.0,4190.0,121.0,5331.0,4369.0,3244.0,3210.0,3459.0,3004.0,10390.0,2006-2007  Maha.csv,Maha,2006-2007
BADULLA,8637.0,10398.0,3231.0,22266.0,10397.0,8632.0,3231.0,22260.0,5060.0,3993.0,3599.0,4434.0,18921.0,83899.0,2006-2007  Maha.csv,Maha,2006-2007
MONARAGALA,7614.0,6657.0,9273.0,23544.0,6646.0,7611.0,8814.0,23071.0,4904.0,3944.0,3598.0,4089.0,22609.0,92439.0,2006-2007  Maha.csv,Maha,2006-2007
JAFFNA,0.0,0.0,6918.0,6918.0,0.0,0.0,6257.0,6257.0,0.0,0.0,2141.0,2141.0,5552.0,11886.0,2006-2007  Maha.csv,Maha,2006-2007
KILLINOCHCHI,469.0,6589.0,9430.0,16488.0,5731.0,408.0,8206.0,14345.0,3542.0,2538.0,3246.0,3344.0,12729.0,42569.0,2006-2007  Maha.csv,Maha,2006-2007
VAVUNIYA,3248.0,692.0,125.0,4064.0,690.0,3242.0,120.0,4052.0,4499.0,4306.0,3924.0,4327.0,3823.0,16542.0,2006-2007  Maha.csv,Maha,2006-2007
MULATIVU,2014.0,3795.0,3760.0,9568.0,3561.0,1974.0,3699.0,9235.0,3883.0,3125.0,3641.0,3624.0,8713.0,31575.0,2006-2007  Maha.csv,Maha,2006-2007
MANNAR,837.0,4830.0,0.0,5668.0,4637.0,805.0,0.0,5442.0,3924.0,3584.0,0.0,3874.0,5196.0,20130.0,2006-2007  Maha.csv,Maha,2006-2007
ANURADHAPURA,29947.0,24853.0,2761.0,57562.0,24853.0,29876.0,2760.0,57490.0,5067.0,4567.0,3377.0,4726.0,46228.0,218485.0,2006-2007  Maha.csv,Maha,2006-2007
POLONNARUWA,1591.0,47846.0,1128.0,50565.0,47837.0,1590.0,1106.0,50533.0,5143.0,4821.0,4514.0,5119.0,44701.0,228835.0,2006-2007  Maha.csv,Maha,2006-2007
TRINCOMALEE,1575.0,11537.0,3175.0,16287.0,11527.0,1575.0,2824.0,15926.0,4386.0,4156.0,3809.0,4261.0,14796.0,63039.0,2006-2007  Maha.csv,Maha,2006-2007
BATTICALOA,194.0,6651.0,11623.0,18469.0,5108.0,55.0,9522.0,14685.0,3480.0,2697.0,2577.0,2891.0,12961.0,37476.0,2006-2007  Maha.csv,Maha,2006-2007
AMPARA,1155.0,46825.0,3823.0,51803.0,46823.0,1154.0,3770.0,51747.0,5029.0,4263.0,3970.0,4934.0,49454.0,244031.0,2006-2007  Maha.csv,Maha,2006-2007
HAMBANTOTA,4003.0,17305.0,1012.0,22320.0,16834.0,3983.0,1059.0,21875.0,5429.0,4743.0,3591.0,5215.0,19112.0,99677.0,2006-2007  Maha.csv,Maha,2006-2007
UDA_WALAWE,0.0,9460.0,0.0,9460.0,9460.0,0.0,0.0,9460.0,5636.0,0.0,0.0,5636.0,9270.0,52243.0,2006-2007  Maha.csv,Maha,2006-2007
MAHAWELI_H,0.0,24183.0,0.0,24183.0,24183.0,0.0,0.0,24183.0,5563.0,0.0,0.0,5563.0,21687.0,120653.0,2006-2007  Maha.csv,Maha,2006-2007
COLOMBO,171.0,39.0,669.0,879.0,39.0,171.0,668.0,878.0,3250.0,3250.0,3377.0,3346.0,746.0,2498.0,2007 Yala.csv,Yala,2007
GAMPAHA,112.0,446.0,1849.0,2407.0,446.0,112.0,1837.0,2395.0,3297.0,2714.0,3800.0,3656.0,2035.0,7441.0,2007 Yala.csv,Yala,2007
KALUTARA,1111.0,44.0,5981.0,7135.0,44.0,1102.0,5968.0,7114.0,2838.0,3446.0,2990.0,3060.0,6562.0,20079.0,2007 Yala.csv,Yala,2007
GALLE,36.0,0.0,5834.0,5871.0,0.0,36.0,5803.0,5840.0,0.0,3169.0,3263.0,3262.0,4570.0,14908.0,2007 Yala.csv,Yala,2007
MATARA,3055.0,3259.0,7031.0,13345.0,3184.0,2970.0,6964.0,13118.0,4104.0,3804.0,3493.0,3712.0,10357.0,38441.0,2007 Yala.csv,Yala,2007
RATNAPURA,4116.0,1819.0,1502.0,7437.0,1816.0,4030.0,1474.0,7320.0,5059.0,3760.0,3203.0,3970.0,6222.0,24701.0,2007 Yala.csv,Yala,2007
KEGALLE,1261.0,0.0,3898.0,5159.0,0.0,1233.0,3815.0,5049.0,0.0,3210.0,3317.0,3291.0,4730.0,15566.0,2007 Yala.csv,Yala,2007
KURUNEGALA,9132.0,8415.0,11182.0,28729.0,8406.0,6371.0,8003.0,22780.0,4704.0,3024.0,3340.0,3755.0,22780.0,85542.0,2007 Yala.csv,Yala,2007
PUTTALAM,1945.0,3152.0,223.0,5320.0,3152.0,1844.0,219.0,5215.0,4403.0,3811.0,3247.0,4145.0,4433.0,18373.0,2007 Yala.csv,Yala,2007
KANDY,2252.0,3766.0,2139.0,8157.0,3728.0,2230.0,2096.0,8054.0,4725.0,2993.0,3407.0,3903.0,6369.0,24856.0,2007 Yala.csv,Yala,2007
MATALE,2171.0,2855.0,559.0,5585.0,2836.0,2135.0,555.0,5526.0,4661.0,3699.0,2635.0,4086.0,4969.0,20304.0,2007 Yala.csv,Yala,2007
BADULLA,2997.0,7693.0,15.0,10705.0,7693.0,2997.0,15.0,10705.0,4939.0,3874.0,3874.0,4639.0,9099.0,42214.0,2007 Yala.csv,Yala,2007
MONARAGALA,3498.0,5103.0,325.0,8926.0,5103.0,3496.0,324.0,8923.0,4534.0,4166.0,4166.0,4377.0,8744.0,38269.0,2007 Yala.csv,Yala,2007
KILLINOCHCHI,121.0,3440.0,0.0,3561.0,3405.0,120.0,0.0,3526.0,3542.0,2538.0,0.0,3507.0,3129.0,10974.0,2007 Yala.csv,Yala,2007
VAVUNIYA,179.0,407.0,0.0,586.0,407.0,178.0,0.0,585.0,4505.0,4312.0,0.0,4446.0,552.0,2453.0,2007 Yala.csv,Yala,2007
MULATIVU,162.0,1295.0,405.0,1862.0,1282.0,160.0,397.0,1839.0,3883.0,3125.0,3641.0,3765.0,1735.0,6532.0,2007 Yala.csv,Yala,2007
MANNAR,22.0,821.0,0.0,843.0,812.0,22.0,0.0,835.0,4251.0,3234.0,0.0,4224.0,797.0,3366.0,2007 Yala.csv,Yala,2007
ANURADHAPURA,3331.0,11286.0,19.0,14635.0,11281.0,3324.0,19.0,14623.0,4953.0,4301.0,4301.0,4804.0,11759.0,56492.0,2007 Yala.csv,Yala,2007
POLONNARUWA,1633.0,47925.0,0.0,49558.0,47914.0,1626.0,0.0,49540.0,5065.0,4817.0,0.0,5057.0,43823.0,221598.0,2007 Yala.csv,Yala,2007
TRINCOMALEE,442.0,9925.0,0.0,10368.0,9925.0,442.0,0.0,10368.0,4386.0,4156.0,0.0,4376.0,9632.0,42147.0,2007 Yala.csv,Yala,2007
BATTICALOA,219.0,2450.0,36.0,2705.0,1906.0,198.0,36.0,2141.0,3680.0,3680.0,3680.0,3680.0,1890.0,6955.0,2007 Yala.csv,Yala,2007
AMPARA,1456.0,52332.0,0.0,53787.0,52210.0,1423.0,0.0,53633.0,5025.0,3841.0,0.0,4993.0,51257.0,255935.0,2007 Yala.csv,Yala,2007
HAMBANTOTA,2872.0,17302.0,749.0,20923.0,17214.0,2841.0,716.0,20771.0,5038.0,4770.0,3261.0,4940.0,18148.0,89652.0,2007 Yala.csv,Yala,2007
UDA_WALAWE,0.0,9381.0,0.0,9381.0,9381.0,0.0,0.0,9381.0,5641.0,0.0,0.0,5641.0,9193.0,51855.0,2007 Yala.csv,Yala,2007
MAHAWELI_H,0.0,11440.0,0.0,11440.0,11440.0,0.0,0.0,11440.0,5136.0,0.0,0.0,5136.0,10259.0,52690.0,2007 Yala.csv,Yala,2007
COLOMBO,84.0,805.0,2879.0,3767.0,84.0,805.0,2879.0,3767.0,3889.0,3214.0,3571.0,3502.0,3202.0,11212.0,2007-2008  Maha.csv,Maha,2007-2008
GAMPAHA,1211.0,1239.0,6910.0,9360.0,1211.0,1238.0,6879.0,9328.0,4298.0,3502.0,3353.0,3495.0,7929.0,27714.0,2007-2008  Maha.csv,Maha,2007-2008
KALUTARA,109.0,1991.0,11376.0,13476.0,109.0,1991.0,11376.0,13476.0,2585.0,2979.0,2870.0,2884.0,12431.0,35847.0,2007-2008  Maha.csv,Maha,2007-2008
GALLE,0.0,111.0,14568.0,14679.0,0.0,108.0,14543.0,14652.0,0.0,3608.0,3186.0,3190.0,11466.0,36572.0,2007-2008  Maha.csv,Maha,2007-2008
MATARA,3587.0,3029.0,8248.0,14865.0,3587.0,3025.0,8230.0,14842.0,4184.0,3961.0,3730.0,3887.0,11718.0,45546.0,2007-2008  Maha.csv,Maha,2007-2008
RATNAPURA,1840.0,6386.0,3799.0,12025.0,1821.0,6313.0,3772.0,11906.0,4222.0,3228.0,2992.0,3305.0,10120.0,33449.0,2007-2008  Maha.csv,Maha,2007-2008
KEGALLE,0.0,2470.0,5016.0,7486.0,0.0,2331.0,4844.0,7174.0,0.0,3507.0,3866.0,3749.0,6721.0,25198.0,2007-2008  Maha.csv,Maha,2007-2008
KURUNEGALA,15223.0,32043.0,28085.0,75351.0,15223.0,32005.0,28014.0,75243.0,4439.0,3773.0,3585.0,3838.0,75243.0,288764.0,2007-2008  Maha.csv,Maha,2007-2008
PUTTALAM,4538.0,6441.0,1305.0,12284.0,4536.0,6265.0,1248.0,12050.0,4114.0,3649.0,3742.0,3834.0,10242.0,39269.0,2007-2008  Maha.csv,Maha,2007-2008
KANDY,4136.0,5530.0,3811.0,13476.0,4136.0,5528.0,3788.0,13453.0,4714.0,3294.0,3412.0,3764.0,10639.0,40040.0,2007-2008  Maha.csv,Maha,2007-2008
MATALE,6181.0,8416.0,4522.0,19119.0,6021.0,8360.0,4497.0,18878.0,4544.0,3122.0,3054.0,3559.0,16977.0,60427.0,2007-2008  Maha.csv,Maha,2007-2008
NUWARAELIYA,1191.0,4224.0,212.0,5627.0,1191.0,4224.0,212.0,5627.0,4343.0,3818.0,3818.0,3929.0,3171.0,12458.0,2007-2008  Maha.csv,Maha,2007-2008
BADULLA,10771.0,10097.0,4464.0,25331.0,10770.0,10055.0,4463.0,25288.0,4610.0,3870.0,3355.0,4094.0,21495.0,88002.0,2007-2008  Maha.csv,Maha,2007-2008
MONARAGALA,6859.0,7690.0,11279.0,25827.0,6829.0,7615.0,10970.0,25415.0,4484.0,4109.0,3607.0,3993.0,24906.0,99446.0,2007-2008  Maha.csv,Maha,2007-2008
JAFFNA,0.0,0.0,7566.0,7566.0,0.0,0.0,7248.0,7248.0,0.0,0.0,2887.0,2887.0,6432.0,18568.0,2007-2008  Maha.csv,Maha,2007-2008
VAVUNIYA,1752.0,4285.0,384.0,6422.0,1752.0,4265.0,384.0,6402.0,4275.0,3327.0,3327.0,3587.0,6040.0,21663.0,2007-2008  Maha.csv,Maha,2007-2008
MULATIVU,2873.0,1335.0,2388.0,6596.0,2586.0,1202.0,2149.0,5937.0,3867.0,3094.0,3094.0,3430.0,5601.0,19215.0,2007-2008  Maha.csv,Maha,2007-2008
MANNAR,4410.0,484.0,0.0,4894.0,2301.0,380.0,0.0,2681.0,3707.0,3234.0,0.0,3640.0,2559.0,9317.0,2007-2008  Maha.csv,Maha,2007-2008
ANURADHAPURA,28061.0,39691.0,4965.0,72717.0,27590.0,39013.0,4917.0,71520.0,4769.0,4110.0,3339.0,4311.0,57509.0,247941.0,2007-2008  Maha.csv,Maha,2007-2008
POLONNARUWA,51502.0,2429.0,1598.0,55529.0,51275.0,2388.0,1576.0,55240.0,4947.0,4529.0,3927.0,4900.0,48865.0,239437.0,2007-2008  Maha.csv,Maha,2007-2008
TRINCOMALEE,12910.0,2407.0,3670.0,18987.0,10615.0,2371.0,3606.0,16592.0,4599.0,4397.0,3730.0,4381.0,15414.0,67534.0,2007-2008  Maha.csv,Maha,2007-2008
BATTICALOA,9380.0,389.0,9366.0,19134.0,7661.0,341.0,9028.0,17030.0,4035.0,3390.0,3353.0,3661.0,15030.0,55020.0,2007-2008  Maha.csv,Maha,2007-2008
AMPARA,57966.0,1692.0,4832.0,64490.0,57949.0,1692.0,4794.0,64435.0,4966.0,4090.0,3909.0,4864.0,61580.0,299533.0,2007-2008  Maha.csv,Maha,2007-2008
HAMBANTOTA,18799.0,4048.0,1387.0,24234.0,18751.0,3928.0,1328.0,24007.0,4866.0,4645.0,3643.0,4762.0,20975.0,99879.0,2007-2008  Maha.csv,Maha,2007-2008
UDA_WALAWE,9527.0,0.0,0.0,9527.0,9527.0,0.0,0.0,9527.0,5661.0,0.0,0.0,5661.0,9336.0,52855.0,2007-2008  Maha.csv,Maha,2007-2008
MAHAWELI_H,24178.0,0.0,0.0,24178.0,24178.0,0.0,0.0,24178.0,5501.0,0.0,0.0,5501.0,21682.0,119285.0,2007-2008  Maha.csv,Maha,2007-2008
COLOMBO,772.0,103.0,2957.0,3832.0,103.0,763.0,2942.0,3809.0,2959.0,2777.0,3282.0,3172.0,3238.0,10269.0,2008  Yala.csv,Yala,2008
GAMPAHA,1317.0,1359.0,4825.0,7501.0,1359.0,1314.0,4796.0,7470.0,3182.0,3262.0,3255.0,3243.0,6349.0,20592.0,2008  Yala.csv,Yala,2008
KALUTARA,1812.0,118.0,10438.0,12368.0,96.0,1661.0,9092.0,10849.0,3332.0,2976.0,2695.0,2743.0,10008.0,27454.0,2008  Yala.csv,Yala,2008
GALLE,104.0,0.0,14025.0,14130.0,0.0,83.0,13427.0,13510.0,0.0,3942.0,3021.0,3027.0,10573.0,32005.0,2008  Yala.csv,Yala,2008
MATARA,3351.0,3941.0,8683.0,15975.0,3922.0,3332.0,8658.0,15912.0,4263.0,3679.0,3553.0,3755.0,12562.0,47167.0,2008  Yala.csv,Yala,2008
RATNAPURA,6092.0,1951.0,3287.0,11331.0,1919.0,6041.0,3249.0,11210.0,4596.0,3730.0,2618.0,3556.0,9529.0,33882.0,2008  Yala.csv,Yala,2008
KEGALLE,2393.0,0.0,5039.0,7431.0,0.0,2390.0,5034.0,7424.0,0.0,3077.0,3440.0,3323.0,6955.0,23111.0,2008  Yala.csv,Yala,2008
KURUNEGALA,30152.0,13865.0,24895.0,68912.0,13865.0,29687.0,24636.0,68188.0,3642.0,3074.0,2958.0,3148.0,68188.0,214632.0,2008  Yala.csv,Yala,2008
PUTTALAM,7016.0,6664.0,804.0,14484.0,6638.0,6759.0,794.0,14192.0,4136.0,3460.0,2914.0,3746.0,12063.0,45184.0,2008  Yala.csv,Yala,2008
KANDY,3921.0,4073.0,3636.0,11629.0,4073.0,3917.0,3626.0,11617.0,4722.0,3125.0,3799.0,3895.0,9186.0,35782.0,2008  Yala.csv,Yala,2008
MATALE,5122.0,5402.0,1436.0,11960.0,5374.0,5077.0,1424.0,11874.0,4346.0,3513.0,2629.0,3784.0,10679.0,40409.0,2008  Yala.csv,Yala,2008
NUWARAELIYA,1595.0,454.0,38.0,2087.0,445.0,1563.0,37.0,2045.0,3875.0,3636.0,3636.0,3688.0,1152.0,4250.0,2008  Yala.csv,Yala,2008
BADULLA,4431.0,8195.0,121.0,12746.0,8195.0,4428.0,121.0,12744.0,4901.0,4070.0,4070.0,4605.0,10832.0,49877.0,2008  Yala.csv,Yala,2008
MONARAGALA,5772.0,6298.0,1647.0,13716.0,6298.0,5766.0,1548.0,13612.0,4401.0,4161.0,4161.0,4272.0,13339.0,56987.0,2008  Yala.csv,Yala,2008
JAFFNA,0.0,0.0,0.0,0.0,0.0,0.0,0.0,0.0,0.0,0.0,0.0,0.0,0.0,0.0,2008  Yala.csv,Yala,2008
KILLINOCHCHI,40.0,4373.0,0.0,4413.0,3642.0,38.0,0.0,3681.0,3094.0,2320.0,0.0,3086.0,3266.0,10078.0,2008  Yala.csv,Yala,2008
VAVUNIYA,3136.0,1829.0,4.0,4969.0,1646.0,2822.0,4.0,4472.0,4389.0,4391.0,4391.0,4390.0,4219.0,18523.0,2008  Yala.csv,Yala,2008
MULATIVU,543.0,2600.0,0.0,3143.0,2189.0,445.0,0.0,2634.0,3094.0,2320.0,0.0,2963.0,2485.0,7362.0,2008  Yala.csv,Yala,2008
MANNAR,64.0,920.0,0.0,984.0,828.0,58.0,0.0,886.0,4288.0,4288.0,0.0,4288.0,846.0,3626.0,2008  Yala.csv,Yala,2008
ANURADHAPURA,23203.0,25823.0,107.0,49133.0,25581.0,22547.0,106.0,48235.0,4610.0,4154.0,4154.0,4396.0,38786.0,170500.0,2008  Yala.csv,Yala,2008
POLONNARUWA,2528.0,51953.0,0.0,54481.0,51942.0,2518.0,0.0,54460.0,5000.0,4380.0,0.0,4971.0,48176.0,239485.0,2008  Yala.csv,Yala,2008
TRINCOMALEE,2022.0,13274.0,0.0,15296.0,13232.0,1912.0,0.0,15145.0,4606.0,3797.0,0.0,4504.0,14069.0,63370.0,2008  Yala.csv,Yala,2008
BATTICALOA,1112.0,16434.0,182.0,17728.0,16409.0,1111.0,182.0,17702.0,3954.0,3805.0,3805.0,3943.0,15624.0,61609.0,2008  Yala.csv,Yala,2008
AMPARA,1686.0,58341.0,140.0,60168.0,58321.0,1662.0,140.0,60124.0,4948.0,4242.0,4225.0,4927.0,57461.0,283081.0,2008  Yala.csv,Yala,2008
HAMBANTOTA,3996.0,19110.0,1395.0,24500.0,19105.0,3960.0,1386.0,24451.0,5015.0,3925.0,3025.0,4725.0,21363.0,100947.0,2008  Yala.csv,Yala,2008
UDA_WALAWE,0.0,10718.0,0.0,10718.0,10503.0,0.0,0.0,10503.0,6198.0,0.0,0.0,6198.0,10293.0,63793.0,2008  Yala.csv,Yala,2008
MAHAWELI_H,0.0,17758.0,0.0,17758.0,17758.0,0.0,0.0,17758.0,5403.0,0.0,0.0,5403.0,15926.0,86055.0,2008  Yala.csv,Yala,2008
COLOMBO,117.0,971.0,3418.0,4506.0,117.0,970.0,3418.0,4504.0,3568.0,3501.0,3568.0,3554.0,3829.0,13605.0,2008-2009  Maha.csv,Maha,2008-2009
GAMPAHA,1565.0,2238.0,7023.0,10826.0,1556.0,2208.0,6914.0,10678.0,3415.0,3389.0,3327.0,3353.0,9076.0,30430.0,2008-2009  Maha.csv,Maha,2008-2009
KALUTARA,128.0,2130.0,12426.0,14684.0,128.0,2112.0,12396.0,14637.0,2524.0,3071.0,3128.0,3115.0,13502.0,42055.0,2008-2009  Maha.csv,Maha,2008-2009
GALLE,0.0,124.0,15806.0,15930.0,0.0,122.0,15527.0,15649.0,0.0,3255.0,3031.0,3032.0,12247.0,37139.0,2008-2009  Maha.csv,Maha,2008-2009
MATARA,3964.0,3289.0,8918.0,16171.0,3907.0,3200.0,8680.0,15787.0,4097.0,3439.0,3491.0,3631.0,12464.0,45251.0,2008-2009  Maha.csv,Maha,2008-2009
RATNAPURA,1983.0,7029.0,3983.0,12995.0,1979.0,7019.0,3968.0,12965.0,4772.0,3364.0,2980.0,3462.0,11021.0,38149.0,2008-2009  Maha.csv,Maha,2008-2009
KEGALLE,0.0,2627.0,5552.0,8179.0,0.0,2605.0,5484.0,8089.0,0.0,3374.0,3886.0,3721.0,7578.0,28195.0,2008-2009  Maha.csv,Maha,2008-2009
KURUNEGALA,13343.0,34561.0,29387.0,77291.0,13342.0,34479.0,28991.0,76812.0,4555.0,4104.0,3463.0,3940.0,76812.0,302664.0,2008-2009  Maha.csv,Maha,2008-2009
PUTTALAM,7695.0,9988.0,1998.0,19680.0,7684.0,9971.0,1886.0,19541.0,4354.0,3751.0,3624.0,3976.0,16610.0,66038.0,2008-2009  Maha.csv,Maha,2008-2009
KANDY,4136.0,5733.0,4202.0,14071.0,4121.0,5627.0,3746.0,13495.0,5103.0,3262.0,3059.0,3768.0,10672.0,40208.0,2008-2009  Maha.csv,Maha,2008-2009
MATALE,6043.0,8661.0,4669.0,19374.0,5987.0,8504.0,4468.0,18958.0,4324.0,3548.0,3403.0,3759.0,17049.0,64090.0,2008-2009  Maha.csv,Maha,2008-2009
NUWARAELIYA,1129.0,4238.0,208.0,5576.0,1126.0,4233.0,208.0,5567.0,4329.0,4098.0,4098.0,4145.0,3137.0,13002.0,2008-2009  Maha.csv,Maha,2008-2009
BADULLA,10944.0,10371.0,5910.0,27225.0,10808.0,8803.0,506.0,20117.0,5223.0,3697.0,2370.0,4484.0,17099.0,76667.0,2008-2009  Maha.csv,Maha,2008-2009
MONARAGALA,6854.0,7979.0,11696.0,26529.0,6623.0,5525.0,1470.0,13618.0,4942.0,4055.0,3377.0,4413.0,13346.0,58892.0,2008-2009  Maha.csv,Maha,2008-2009
JAFFNA,0.0,0.0,8171.0,8171.0,0.0,0.0,7297.0,7297.0,0.0,0.0,2506.0,2506.0,6476.0,16230.0,2008-2009  Maha.csv,Maha,2008-2009
KILLINOCHCHI,0.0,0.0,0.0,0.0,0.0,0.0,0.0,0.0,0.0,0.0,0.0,0.0,0.0,0.0,2008-2009  Maha.csv,Maha,2008-2009
VAVUNIYA,2257.0,4109.0,343.0,6709.0,2252.0,4101.0,343.0,6697.0,4763.0,4637.0,4822.0,4689.0,6319.0,29627.0,2008-2009  Maha.csv,Maha,2008-2009
MULATIVU,0.0,0.0,0.0,0.0,0.0,0.0,0.0,0.0,0.0,0.0,0.0,0.0,0.0,0.0,2008-2009  Maha.csv,Maha,2008-2009
ANURADHAPURA,29488.0,44355.0,6880.0,80724.0,29447.0,43163.0,6549.0,79159.0,5083.0,4522.0,3341.0,4633.0,63652.0,294898.0,2008-2009  Maha.csv,Maha,2008-2009
POLONNARUWA,53569.0,2270.0,1459.0,57298.0,53472.0,2151.0,1306.0,56929.0,5280.0,4680.0,3783.0,5223.0,50359.0,263014.0,2008-2009  Maha.csv,Maha,2008-2009
TRINCOMALEE,14493.0,3211.0,5310.0,23014.0,14493.0,3211.0,5265.0,22969.0,4729.0,4419.0,3758.0,4463.0,21338.0,95236.0,2008-2009  Maha.csv,Maha,2008-2009
BATTICALOA,19198.0,1718.0,24989.0,45905.0,19185.0,1711.0,24958.0,45854.0,3656.0,3577.0,3630.0,3639.0,40471.0,147278.0,2008-2009  Maha.csv,Maha,2008-2009
AMPARA,60453.0,2302.0,7224.0,69979.0,60216.0,2068.0,6164.0,68448.0,5295.0,4151.0,4152.0,5158.0,65416.0,337390.0,2008-2009  Maha.csv,Maha,2008-2009
HAMBANTOTA,19516.0,4578.0,1480.0,25575.0,19321.0,4514.0,1480.0,25315.0,5445.0,4987.0,4281.0,5295.0,22117.0,117115.0,2008-2009  Maha.csv,Maha,2008-2009
UDA_WALAWE,11517.0,0.0,0.0,11517.0,11517.0,0.0,0.0,11517.0,6517.0,0.0,0.0,6517.0,11287.0,73557.0,2008-2009  Maha.csv,Maha,2008-2009
MAHAWELI_H,24849.0,0.0,0.0,24849.0,24849.0,0.0,0.0,24849.0,6036.0,0.0,0.0,6036.0,22285.0,134501.0,2008-2009  Maha.csv,Maha,2008-2009
COLOMBO,787.0,87.0,2741.0,3615.0,87.0,782.0,2734.0,3603.0,2957.0,2957.0,3018.0,3004.0,3063.0,9200.0,2009 Yala.csv,Yala,2009
GAMPAHA,2061.0,1665.0,4380.0,8106.0,1665.0,2061.0,4369.0,8095.0,3680.0,3439.0,3257.0,3390.0,6881.0,23329.0,2009 Yala.csv,Yala,2009
KALUTARA,2034.0,126.0,10712.0,12872.0,126.0,2027.0,10709.0,12863.0,3033.0,2513.0,2969.0,2898.0,11866.0,34387.0,2009 Yala.csv,Yala,2009
GALLE,65.0,0.0,13054.0,13120.0,0.0,63.0,13020.0,13084.0,0.0,3013.0,2997.0,2997.0,10239.0,30684.0,2009 Yala.csv,Yala,2009
MATARA,3233.0,3785.0,8705.0,15722.0,3616.0,3231.0,8691.0,15538.0,4167.0,3624.0,3405.0,3628.0,12268.0,44501.0,2009 Yala.csv,Yala,2009
RATNAPURA,6466.0,1977.0,3535.0,11978.0,1975.0,6401.0,3464.0,11840.0,5118.0,3099.0,2555.0,3277.0,10064.0,32980.0,2009 Yala.csv,Yala,2009
KEGALLE,2447.0,0.0,5171.0,7617.0,0.0,2446.0,5164.0,7610.0,0.0,3449.0,3338.0,3374.0,7129.0,24051.0,2009 Yala.csv,Yala,2009
KURUNEGALA,20370.0,7411.0,21134.0,48916.0,7005.0,19259.0,20253.0,46516.0,4477.0,3467.0,3270.0,3534.0,46516.0,164376.0,2009 Yala.csv,Yala,2009
PUTTALAM,6838.0,7221.0,1199.0,15258.0,6661.0,7018.0,1152.0,14831.0,4037.0,3382.0,3086.0,3653.0,12606.0,46053.0,2009 Yala.csv,Yala,2009
KANDY,3326.0,3713.0,2223.0,9262.0,3714.0,3279.0,2192.0,9185.0,4160.0,3158.0,3082.0,3545.0,7263.0,25747.0,2009 Yala.csv,Yala,2009
MATALE,3316.0,2562.0,528.0,6406.0,2533.0,3132.0,499.0,6163.0,4117.0,3386.0,2842.0,3642.0,5543.0,20188.0,2009 Yala.csv,Yala,2009
NUWARAELIYA,2176.0,656.0,52.0,2884.0,653.0,2154.0,51.0,2858.0,3070.0,2867.0,2867.0,2913.0,1611.0,4692.0,2009 Yala.csv,Yala,2009
BADULLA,3693.0,4419.0,56.0,8168.0,4419.0,3498.0,56.0,7973.0,5352.0,3829.0,3829.0,4673.0,6777.0,31671.0,2009 Yala.csv,Yala,2009
MONARAGALA,3718.0,4369.0,253.0,8341.0,4101.0,3138.0,86.0,7325.0,3937.0,3274.0,3274.0,3645.0,7179.0,26167.0,2009 Yala.csv,Yala,2009
JAFFNA,0.0,0.0,0.0,0.0,0.0,0.0,0.0,0.0,0.0,0.0,0.0,0.0,0.0,0.0,2009 Yala.csv,Yala,2009
KILLINOCHCHI**,0.0,0.0,0.0,0.0,0.0,0.0,0.0,0.0,0.0,0.0,0.0,0.0,0.0,0.0,2009 Yala.csv,Yala,2009
VAVUNIYA,211.0,42.0,0.0,253.0,30.0,179.0,0.0,209.0,4430.0,3924.0,0.0,3998.0,197.0,789.0,2009 Yala.csv,Yala,2009
MULATIVU**,0.0,0.0,0.0,0.0,0.0,0.0,0.0,0.0,0.0,0.0,0.0,0.0,0.0,0.0,2009 Yala.csv,Yala,2009
MANNAR**,0.0,0.0,0.0,0.0,0.0,0.0,0.0,0.0,0.0,0.0,0.0,0.0,0.0,0.0,2009 Yala.csv,Yala,2009
ANURADHAPURA,6122.0,12040.0,65.0,18226.0,11881.0,5837.0,63.0,17781.0,4431.0,4415.0,4415.0,4426.0,14297.0,63275.0,2009 Yala.csv,Yala,2009
POLONNARUWA,1774.0,35089.0,0.0,36862.0,34859.0,1724.0,0.0,36583.0,4750.0,4473.0,0.0,4737.0,32362.0,153302.0,2009 Yala.csv,Yala,2009
TRINCOMALEE,1376.0,12574.0,0.0,13950.0,12572.0,1376.0,0.0,13947.0,4864.0,4726.0,4726.0,4851.0,12957.0,62850.0,2009 Yala.csv,Yala,2009
BATTICALOA,2255.0,13309.0,1510.0,17073.0,12376.0,2134.0,1510.0,16020.0,4262.0,4555.0,3071.0,4189.0,14140.0,59227.0,2009 Yala.csv,Yala,2009
AMPARA,1075.0,44981.0,171.0,46227.0,44082.0,1053.0,168.0,45303.0,4994.0,3895.0,3895.0,4964.0,43296.0,214941.0,2009 Yala.csv,Yala,2009
HAMBANTOTA,3010.0,17768.0,1127.0,21905.0,17734.0,3002.0,1117.0,21853.0,5264.0,4226.0,3227.0,5017.0,19093.0,95799.0,2009 Yala.csv,Yala,2009
UDA_WALAWE,0.0,12188.0,0.0,12188.0,11944.0,0.0,0.0,11944.0,6105.0,0.0,0.0,6105.0,11705.0,71457.0,2009 Yala.csv,Yala,2009
MAHAWELI_H,0.0,6481.0,0.0,6481.0,6481.0,0.0,0.0,6481.0,4821.0,0.0,0.0,4821.0,5812.0,28020.0,2009 Yala.csv,Yala,2009
COLOMBO,119.0,1010.0,3635.0,4764.0,119.0,1010.0,3634.0,4763.0,3466.0,3352.0,3549.0,3505.0,4048.0,14190.0,2009-2010 Maha.csv,Maha,2009-2010
GAMPAHA,1826.0,3116.0,7592.0,12534.0,1822.0,3097.0,7545.0,12464.0,3506.0,3455.0,3436.0,3451.0,10595.0,36560.0,2009-2010 Maha.csv,Maha,2009-2010
KALUTARA,133.0,2206.0,13030.0,15369.0,133.0,2194.0,12963.0,15289.0,3425.0,3373.0,3178.0,3208.0,14105.0,45245.0,2009-2010 Maha.csv,Maha,2009-2010
GALLE,0.0,151.0,17005.0,17156.0,0.0,151.0,16991.0,17142.0,0.0,4356.0,3276.0,3286.0,13415.0,44078.0,2009-2010 Maha.csv,Maha,2009-2010
MATARA,3703.0,3303.0,8902.0,15908.0,3653.0,3298.0,8861.0,15811.0,3993.0,3604.0,3510.0,3641.0,12483.0,45455.0,2009-2010 Maha.csv,Maha,2009-2010
RATNAPURA,2102.0,7171.0,4213.0,13485.0,2102.0,7171.0,4213.0,13485.0,4559.0,3124.0,3030.0,3318.0,11463.0,38034.0,2009-2010 Maha.csv,Maha,2009-2010
KEGALLE,0.0,2706.0,5631.0,8337.0,0.0,2704.0,5628.0,8331.0,0.0,3804.0,3785.0,3791.0,7805.0,29589.0,2009-2010 Maha.csv,Maha,2009-2010
KURUNEGALA,11735.0,28540.0,28483.0,68758.0,11735.0,28190.0,28098.0,68023.0,4838.0,4026.0,3704.0,4033.0,68023.0,274343.0,2009-2010 Maha.csv,Maha,2009-2010
PUTTALAM,3984.0,8380.0,2051.0,14415.0,3945.0,8299.0,1991.0,14236.0,4456.0,3866.0,3462.0,3973.0,12100.0,48075.0,2009-2010 Maha.csv,Maha,2009-2010
KANDY,4138.0,5754.0,3945.0,13837.0,4138.0,5751.0,3936.0,13826.0,4314.0,3109.0,3112.0,3470.0,10934.0,37943.0,2009-2010 Maha.csv,Maha,2009-2010
MATALE,6375.0,9025.0,4848.0,20248.0,6294.0,8962.0,4832.0,20088.0,5034.0,4046.0,4619.0,4494.0,18065.0,81175.0,2009-2010 Maha.csv,Maha,2009-2010
NUWARAELIYA,1119.0,4265.0,202.0,5586.0,1119.0,4263.0,202.0,5583.0,4217.0,4113.0,4113.0,4134.0,3146.0,13007.0,2009-2010 Maha.csv,Maha,2009-2010
BADULLA,10903.0,10302.0,5819.0,27023.0,10897.0,10289.0,5802.0,26988.0,5081.0,4069.0,3356.0,4324.0,22940.0,99203.0,2009-2010 Maha.csv,Maha,2009-2010
MONARAGALA,9659.0,8406.0,9294.0,27360.0,9659.0,8406.0,9294.0,27360.0,5218.0,4159.0,3807.0,4413.0,26812.0,118331.0,2009-2010 Maha.csv,Maha,2009-2010
JAFFNA,0.0,0.0,8948.0,8948.0,0.0,0.0,8703.0,8703.0,0.0,0.0,2605.0,2605.0,7723.0,20117.0,2009-2010 Maha.csv,Maha,2009-2010
KILLINOCHCHI,0.0,0.0,0.0,0.0,0.0,0.0,0.0,0.0,0.0,0.0,0.0,0.0,0.0,0.0,2009-2010 Maha.csv,Maha,2009-2010
VAVUNIYA,1634.0,2868.0,328.0,4830.0,1633.0,2868.0,328.0,4830.0,5275.0,5362.0,5873.0,5367.0,4557.0,24457.0,2009-2010 Maha.csv,Maha,2009-2010
MULATIVU,883.0,1298.0,0.0,2180.0,846.0,1298.0,0.0,2144.0,5316.0,5316.0,0.0,5316.0,2023.0,10753.0,2009-2010 Maha.csv,Maha,2009-2010
MANNAR,7412.0,681.0,0.0,8093.0,7412.0,681.0,0.0,8093.0,5403.0,5403.0,0.0,5403.0,7727.0,41755.0,2009-2010 Maha.csv,Maha,2009-2010
ANURADHAPURA,29894.0,43667.0,7901.0,81463.0,29874.0,43358.0,7831.0,81063.0,5357.0,4786.0,4030.0,4924.0,65183.0,320937.0,2009-2010 Maha.csv,Maha,2009-2010
POLONNARUWA,55804.0,2883.0,1626.0,60312.0,55800.0,2876.0,1625.0,60301.0,5414.0,4681.0,3820.0,5336.0,53342.0,284628.0,2009-2010 Maha.csv,Maha,2009-2010
TRINCOMALEE,15253.0,4759.0,6524.0,26535.0,15238.0,4759.0,6524.0,26521.0,4595.0,4340.0,3712.0,4332.0,24638.0,106727.0,2009-2010 Maha.csv,Maha,2009-2010
BATTICALOA,21619.0,2465.0,30771.0,54855.0,21095.0,2463.0,30771.0,54329.0,4233.0,4104.0,3886.0,4031.0,47951.0,193274.0,2009-2010 Maha.csv,Maha,2009-2010
AMPARA,59285.0,2301.0,8275.0,69861.0,59265.0,2301.0,8275.0,69840.0,5563.0,4490.0,4210.0,5368.0,66746.0,358274.0,2009-2010 Maha.csv,Maha,2009-2010
HAMBANTOTA,19724.0,4774.0,1600.0,26098.0,19641.0,4772.0,1599.0,26012.0,5465.0,4401.0,4052.0,5183.0,22726.0,117793.0,2009-2010 Maha.csv,Maha,2009-2010
UDA_WALAWE,13068.0,0.0,0.0,13068.0,13068.0,0.0,0.0,13068.0,6275.0,0.0,0.0,6275.0,12807.0,80361.0,2009-2010 Maha.csv,Maha,2009-2010
MAHAWELI_H,25012.0,0.0,0.0,25012.0,25012.0,0.0,0.0,25012.0,6476.0,0.0,0.0,6476.0,22431.0,145263.0,2009-2010 Maha.csv,Maha,2009-2010
COLOMBO,510.0,79.0,2067.0,2656.0,79.0,510.0,2067.0,2656.0,3523.0,3769.0,3059.0,3209.0,2258.0,7244.0,2010 Yala.csv,Yala,2010
GAMPAHA,2196.0,1636.0,3996.0,7828.0,1634.0,2187.0,3989.0,7810.0,3994.0,3529.0,3648.0,3687.0,6638.0,24475.0,2010 Yala.csv,Yala,2010
KALUTARA,1879.0,133.0,10014.0,12025.0,131.0,1874.0,9930.0,11935.0,2248.0,2842.0,2657.0,2682.0,11010.0,29527.0,2010 Yala.csv,Yala,2010
GALLE,55.0,85.0,11593.0,11732.0,85.0,54.0,11546.0,11685.0,3509.0,3398.0,2937.0,2943.0,9144.0,26912.0,2010 Yala.csv,Yala,2010
MATARA,3278.0,3700.0,8596.0,15574.0,3683.0,3237.0,8547.0,15467.0,3823.0,3263.0,3297.0,3415.0,12211.0,41703.0,2010 Yala.csv,Yala,2010
RATNAPURA,6299.0,2148.0,3017.0,11463.0,2147.0,6290.0,3011.0,11449.0,4795.0,3149.0,2475.0,3280.0,9731.0,31922.0,2010 Yala.csv,Yala,2010
KEGALLE,2322.0,0.0,4894.0,7216.0,0.0,2321.0,4889.0,7209.0,0.0,2923.0,2810.0,2846.0,6754.0,19222.0,2010 Yala.csv,Yala,2010
KURUNEGALA,23836.0,9160.0,23685.0,56682.0,9160.0,23664.0,23562.0,56386.0,4305.0,4083.0,3782.0,3993.0,56386.0,225159.0,2010 Yala.csv,Yala,2010
PUTTALAM,4962.0,4270.0,1344.0,10576.0,3962.0,4395.0,1079.0,9436.0,3700.0,3396.0,3773.0,3567.0,8021.0,28608.0,2010 Yala.csv,Yala,2010
KANDY,3419.0,3725.0,2978.0,10121.0,3725.0,3409.0,2969.0,10103.0,4187.0,3166.0,3250.0,3567.0,7989.0,28502.0,2010 Yala.csv,Yala,2010
MATALE,4815.0,5227.0,677.0,10719.0,5227.0,4815.0,676.0,10718.0,4993.0,3690.0,3163.0,4292.0,9639.0,41370.0,2010 Yala.csv,Yala,2010
NUWARAELIYA,2292.0,673.0,65.0,3030.0,673.0,2223.0,64.0,2960.0,4474.0,4456.0,2604.0,4420.0,1668.0,7373.0,2010 Yala.csv,Yala,2010
BADULLA,4571.0,8019.0,75.0,12665.0,8019.0,4571.0,75.0,12665.0,5016.0,3558.0,3279.0,4480.0,10765.0,48224.0,2010 Yala.csv,Yala,2010
MONARAGALA,6067.0,6797.0,1152.0,14016.0,6795.0,6009.0,1079.0,13884.0,5093.0,3537.0,2392.0,4210.0,13606.0,57277.0,2010 Yala.csv,Yala,2010
JAFFNA,0.0,0.0,0.0,0.0,0.0,0.0,0.0,0.0,0.0,0.0,0.0,0.0,0.0,0.0,2010 Yala.csv,Yala,2010
KILLINOCHCHI,23.0,1445.0,0.0,1468.0,1445.0,23.0,0.0,1468.0,2581.0,2465.0,0.0,2579.0,1303.0,3360.0,2010 Yala.csv,Yala,2010
VAVUNIYA,332.0,502.0,0.0,834.0,502.0,325.0,0.0,827.0,5014.0,4277.0,0.0,4724.0,780.0,3685.0,2010 Yala.csv,Yala,2010
MULATIVU,111.0,1072.0,0.0,1183.0,1050.0,100.0,0.0,1150.0,3888.0,3764.0,0.0,3877.0,1085.0,4207.0,2010 Yala.csv,Yala,2010
MANNAR,0.0,600.0,0.0,600.0,600.0,0.0,0.0,600.0,3909.0,0.0,0.0,3909.0,573.0,2240.0,2010 Yala.csv,Yala,2010
ANURADHAPURA,8590.0,14204.0,92.0,22887.0,14199.0,8516.0,92.0,22808.0,5140.0,4477.0,3766.0,4887.0,18340.0,89625.0,2010 Yala.csv,Yala,2010
POLONNARUWA,2395.0,55906.0,0.0,58301.0,55906.0,2395.0,0.0,58300.0,5121.0,4474.0,0.0,5095.0,51572.0,262738.0,2010 Yala.csv,Yala,2010
TRINCOMALEE,1086.0,12030.0,0.0,13116.0,12013.0,1046.0,0.0,13059.0,4869.0,4670.0,0.0,4853.0,12132.0,58879.0,2010 Yala.csv,Yala,2010
BATTICALOA,2580.0,17999.0,322.0,20901.0,17992.0,2580.0,322.0,20894.0,4051.0,3725.0,3869.0,4008.0,18441.0,73906.0,2010 Yala.csv,Yala,2010
AMPARA,1656.0,57516.0,83.0,59255.0,57457.0,1656.0,83.0,59196.0,4903.0,3996.0,4408.0,4877.0,56574.0,275913.0,2010 Yala.csv,Yala,2010
HAMBANTOTA,3539.0,19460.0,1256.0,24255.0,19460.0,3529.0,1255.0,24244.0,5338.0,4373.0,3730.0,5114.0,21182.0,108332.0,2010 Yala.csv,Yala,2010
UDA_WALAWE,0.0,14317.0,0.0,14317.0,14317.0,0.0,0.0,14317.0,6526.0,0.0,0.0,6526.0,14030.0,91555.0,2010 Yala.csv,Yala,2010
MAHAWELI_H,0.0,15824.0,0.0,15824.0,15824.0,0.0,0.0,15824.0,5574.0,0.0,0.0,5574.0,14191.0,79097.0,2010 Yala.csv,Yala,2010
COLOMBO,102.0,972.0,3577.0,4651.0,100.0,967.0,3558.0,4625.0,3070.0,2684.0,2702.0,2706.0,3931.0,10639.0,2010-2011 Maha.csv,Maha,2010-2011
GAMPAHA,1928.0,3298.0,7814.0,13041.0,1924.0,3295.0,7812.0,13032.0,3401.0,3221.0,2910.0,3061.0,11077.0,33905.0,2010-2011 Maha.csv,Maha,2010-2011
KALUTARA,130.0,2167.0,12727.0,15024.0,130.0,2151.0,12723.0,15005.0,3098.0,3020.0,2898.0,2917.0,13842.0,40382.0,2010-2011 Maha.csv,Maha,2010-2011
KANDY,4164.0,5738.0,3926.0,13828.0,4155.0,5508.0,3193.0,12856.0,3699.0,3106.0,2394.0,3121.0,10167.0,31730.0,2010-2011 Maha.csv,Maha,2010-2011
MATALE,6360.0,8664.0,4790.0,19814.0,6321.0,8488.0,4756.0,19565.0,4204.0,3216.0,3477.0,3599.0,17595.0,63319.0,2010-2011 Maha.csv,Maha,2010-2011
NUWARAELIYA,1100.0,4287.0,197.0,5584.0,1100.0,4276.0,196.0,5572.0,4094.0,3786.0,3786.0,3847.0,3140.0,12077.0,2010-2011 Maha.csv,Maha,2010-2011
GALLE,88.0,142.0,16466.0,16697.0,88.0,142.0,16442.0,16673.0,3888.0,3888.0,2955.0,2968.0,13048.0,38731.0,2010-2011 Maha.csv,Maha,2010-2011
MATARA,3725.0,3301.0,8899.0,15925.0,3203.0,3160.0,8152.0,14515.0,3737.0,3417.0,3393.0,3474.0,11460.0,39811.0,2010-2011 Maha.csv,Maha,2010-2011
HAMBANTOTA,29686.0,4789.0,1609.0,36084.0,29487.0,4449.0,1524.0,35460.0,6120.0,4175.0,3818.0,5779.0,30982.0,179043.0,2010-2011 Maha.csv,Maha,2010-2011
JAFFNA,0.0,0.0,9221.0,9221.0,0.0,0.0,8636.0,8636.0,0.0,0.0,2659.0,2659.0,7664.0,20381.0,2010-2011 Maha.csv,Maha,2010-2011
KILLINOCHCHI,11670.0,597.0,7957.0,20224.0,6232.0,510.0,5462.0,12204.0,3106.0,2992.0,2553.0,2854.0,10830.0,30907.0,2010-2011 Maha.csv,Maha,2010-2011
MANNAR,9882.0,1766.0,45.0,11693.0,9289.0,1660.0,43.0,10992.0,4157.0,3158.0,2788.0,4001.0,10495.0,41990.0,2010-2011 Maha.csv,Maha,2010-2011
VAVUNIYA,3632.0,9445.0,612.0,13689.0,3144.0,8876.0,571.0,12591.0,4359.0,4095.0,3616.0,4139.0,11880.0,49171.0,2010-2011 Maha.csv,Maha,2010-2011
MULATIVU,3681.0,4112.0,2960.0,10753.0,2157.0,2855.0,1765.0,6778.0,2472.0,2450.0,2444.0,2456.0,6395.0,15703.0,2010-2011 Maha.csv,Maha,2010-2011
BATTICALOA,22439.0,2415.0,34665.0,59520.0,7049.0,45.0,7330.0,14424.0,2345.0,2485.0,2450.0,2399.0,12731.0,30539.0,2010-2011 Maha.csv,Maha,2010-2011
AMPARA,59170.0,2514.0,9136.0,70819.0,33549.0,1243.0,4890.0,39682.0,3516.0,2386.0,2321.0,3333.0,37924.0,126409.0,2010-2011 Maha.csv,Maha,2010-2011
TRINCOMALEE,17484.0,5615.0,7231.0,30331.0,14109.0,4615.0,4467.0,23191.0,2444.0,2364.0,2235.0,2388.0,21544.0,51451.0,2010-2011 Maha.csv,Maha,2010-2011
KURUNEGALA,15652.0,35592.0,30020.0,81263.0,15474.0,35137.0,29596.0,80206.0,3581.0,3324.0,3177.0,3319.0,80206.0,266234.0,2010-2011 Maha.csv,Maha,2010-2011
PUTTALAM,7489.0,10493.0,2271.0,20253.0,7004.0,10198.0,2171.0,19373.0,3951.0,3495.0,3331.0,3641.0,16467.0,59959.0,2010-2011 Maha.csv,Maha,2010-2011
ANURADHAPURA,54339.0,48752.0,10022.0,113113.0,51813.0,45176.0,8599.0,105587.0,4998.0,4071.0,3281.0,4463.0,84903.0,378939.0,2010-2011 Maha.csv,Maha,2010-2011
POLONNARUWA,60379.0,2819.0,2198.0,65396.0,55404.0,2600.0,2142.0,60145.0,3892.0,3704.0,2399.0,3831.0,53204.0,203822.0,2010-2011 Maha.csv,Maha,2010-2011
BADULLA,11075.0,10742.0,5915.0,27733.0,10651.0,10758.0,5766.0,27175.0,3636.0,3407.0,2594.0,3324.0,23099.0,76787.0,2010-2011 Maha.csv,Maha,2010-2011
MONARAGALA,9589.0,9269.0,11729.0,30587.0,9580.0,9236.0,11729.0,30544.0,5379.0,3946.0,3111.0,4077.0,29934.0,122027.0,2010-2011 Maha.csv,Maha,2010-2011
RATNAPURA,5014.0,7379.0,4202.0,16595.0,5014.0,7256.0,4191.0,16461.0,5231.0,2753.0,2795.0,3519.0,13992.0,49242.0,2010-2011 Maha.csv,Maha,2010-2011
KEGALLE,0.0,2689.0,5523.0,8212.0,0.0,2688.0,5511.0,8199.0,0.0,3622.0,2686.0,2993.0,7681.0,22985.0,2010-2011 Maha.csv,Maha,2010-2011
COLOMBO,81.0,440.0,1857.0,2378.0,80.0,434.0,1829.0,2343.0,3441.0,3364.0,2893.0,2999.0,1991.0,5970.0,2011 Yala.csv,Yala,2011
GAMPAHA,1477.0,1455.0,2529.0,5461.0,1471.0,1453.0,2525.0,5449.0,3802.0,3488.0,3148.0,3415.0,4632.0,15820.0,2011 Yala.csv,Yala,2011
KALUTARA,113.0,1808.0,9578.0,11499.0,113.0,1781.0,9500.0,11394.0,2596.0,2451.0,2424.0,2430.0,10510.0,25538.0,2011 Yala.csv,Yala,2011
KANDY,3714.0,3122.0,2291.0,9127.0,3639.0,3059.0,2245.0,8943.0,4411.0,3492.0,2977.0,3737.0,6999.0,26154.0,2011 Yala.csv,Yala,2011
MATALE,5055.0,4943.0,720.0,10718.0,4984.0,4908.0,715.0,10607.0,4839.0,3689.0,3286.0,4202.0,8374.0,35191.0,2011 Yala.csv,Yala,2011
NUWARAELIYA,666.0,2215.0,65.0,2946.0,662.0,2195.0,64.0,2921.0,4302.0,4209.0,3190.0,4208.0,1645.0,6923.0,2011 Yala.csv,Yala,2011
GALLE,70.0,24.0,10466.0,10560.0,70.0,24.0,10451.0,10545.0,3533.0,3122.0,2919.0,2924.0,8253.0,24130.0,2011 Yala.csv,Yala,2011
MATARA,3574.0,3210.0,8617.0,15401.0,3574.0,3206.0,8592.0,15372.0,3831.0,3275.0,3086.0,3299.0,12137.0,40036.0,2011 Yala.csv,Yala,2011
HAMBANTOTA,19796.0,4176.0,1367.0,25339.0,19753.0,4144.0,1363.0,25260.0,5345.0,4090.0,3633.0,5047.0,22070.0,111387.0,2011 Yala.csv,Yala,2011
JAFFNA,0.0,0.0,0.0,0.0,0.0,0.0,0.0,0.0,0.0,0.0,0.0,0.0,0.0,0.0,2011 Yala.csv,Yala,2011
KILLINOCHCHI,6295.0,223.0,0.0,6518.0,6278.0,223.0,0.0,6501.0,2622.0,2434.0,0.0,2616.0,5769.0,15090.0,2011 Yala.csv,Yala,2011
MANNAR,1767.0,51.0,0.0,1818.0,1749.0,50.0,0.0,1799.0,3873.0,2740.0,0.0,3842.0,1718.0,6601.0,2011 Yala.csv,Yala,2011
VAVUNIYA,1418.0,2845.0,9.0,4272.0,1418.0,2845.0,9.0,4272.0,4752.0,3854.0,3305.0,4151.0,4043.0,16781.0,2011 Yala.csv,Yala,2011
MULATIVU,2656.0,777.0,0.0,3433.0,2603.0,768.0,0.0,3371.0,3720.0,3498.0,0.0,3669.0,3180.0,11668.0,2011 Yala.csv,Yala,2011
BATTICALOA,19516.0,1560.0,623.0,21699.0,19516.0,1560.0,623.0,21699.0,4132.0,3197.0,2940.0,4031.0,19152.0,77196.0,2011 Yala.csv,Yala,2011
AMPARA,59303.0,1709.0,892.0,61904.0,59303.0,1709.0,892.0,61904.0,4919.0,3677.0,3360.0,4863.0,59161.0,287675.0,2011 Yala.csv,Yala,2011
TRINCOMALEE,16504.0,2010.0,0.0,18514.0,16246.0,2010.0,0.0,18256.0,4807.0,3931.0,0.0,4710.0,16960.0,79890.0,2011 Yala.csv,Yala,2011
KURUNEGALA,12108.0,31732.0,24779.0,68619.0,12084.0,31500.0,23874.0,67458.0,4280.0,3860.0,3358.0,3758.0,67458.0,253478.0,2011 Yala.csv,Yala,2011
PUTTALAM,7718.0,8624.0,1179.0,17521.0,7621.0,8432.0,1141.0,17194.0,4133.0,3337.0,3242.0,3684.0,14614.0,53833.0,2011 Yala.csv,Yala,2011
ANURADHAPURA,27980.0,26433.0,58.0,54471.0,27956.0,25929.0,58.0,53943.0,5064.0,4475.0,0.0,4775.0,43375.0,207127.0,2011 Yala.csv,Yala,2011
POLONNARUWA,58810.0,2856.0,0.0,61666.0,58810.0,2795.0,0.0,61605.0,5075.0,4028.0,0.0,5028.0,54496.0,273981.0,2011 Yala.csv,Yala,2011
BADULLA,8414.0,4738.0,27.0,13179.0,8414.0,4708.0,27.0,13149.0,4972.0,3373.0,2785.0,4395.0,11177.0,49123.0,2011 Yala.csv,Yala,2011
MONARAGALA,6714.0,7187.0,1863.0,15764.0,6710.0,7041.0,1805.0,15556.0,4944.0,3719.0,2647.0,4123.0,15245.0,62853.0,2011 Yala.csv,Yala,2011
RATNAPURA,2086.0,6646.0,3002.0,11734.0,2086.0,6218.0,2997.0,11301.0,4807.0,3198.0,2518.0,3315.0,9606.0,31841.0,2011 Yala.csv,Yala,2011
KEGALLE,0.0,2230.0,4794.0,7024.0,0.0,2216.0,4787.0,7003.0,0.0,2956.0,2663.0,2756.0,6560.0,18077.0,2011 Yala.csv,Yala,2011
UDA_WALAWE,13882.0,0.0,0.0,13882.0,13882.0,0.0,0.0,13882.0,6532.0,0.0,0.0,6532.0,11799.0,77075.0,2011 Yala.csv,Yala,2011
MAHAWELI_H,17558.0,0.0,0.0,17558.0,17558.0,0.0,0.0,17558.0,5373.0,0.0,0.0,5373.0,15746.0,84603.0,2011 Yala.csv,Yala,2011
COLOMBO,105.0,2114.0,2398.0,4617.0,105.0,2114.0,2397.0,4616.0,3564.0,3504.0,3450.0,3477.0,3924.0,13644.0,2011-2012 Maha.csv,Maha,2011-2012
GAMPAHA,1530.0,2513.0,6290.0,10333.0,1530.0,2513.0,6290.0,10333.0,3565.0,3479.0,3416.0,3453.0,8783.0,30332.0,2011-2012 Maha.csv,Maha,2011-2012
KALUTARA,115.0,2094.0,11942.0,14151.0,114.0,2094.0,11866.0,14074.0,3518.0,3452.0,3350.0,3367.0,12983.0,43713.0,2011-2012 Maha.csv,Maha,2011-2012
KANDY,4158.0,5522.0,3619.0,13299.0,4158.0,5494.0,3044.0,12697.0,5042.0,3864.0,3530.0,4169.0,10040.0,41863.0,2011-2012 Maha.csv,Maha,2011-2012
MATALE,6234.0,8308.0,4635.0,19177.0,6234.0,8290.0,4561.0,19086.0,4947.0,4117.0,4101.0,4384.0,17164.0,75244.0,2011-2012 Maha.csv,Maha,2011-2012
NUWARAELIYA,1073.0,4212.0,197.0,5482.0,1073.0,4206.0,196.0,5475.0,4227.0,3967.0,3539.0,4002.0,3085.0,12348.0,2011-2012 Maha.csv,Maha,2011-2012
GALLE,88.0,109.0,15771.0,15968.0,88.0,109.0,15720.0,15917.0,3891.0,3766.0,3426.0,3431.0,12457.0,42740.0,2011-2012 Maha.csv,Maha,2011-2012
MATARA,3621.0,3156.0,8419.0,15196.0,3620.0,3153.0,8404.0,15177.0,4028.0,3615.0,3505.0,3653.0,11982.0,43767.0,2011-2012 Maha.csv,Maha,2011-2012
HAMBANTOTA,20546.0,4652.0,1561.0,26759.0,19917.0,4627.0,1557.0,26102.0,5450.0,4546.0,3921.0,5198.0,22805.0,118551.0,2011-2012 Maha.csv,Maha,2011-2012
JAFFNA,0.0,0.0,8755.0,8755.0,0.0,0.0,8668.0,8668.0,0.0,0.0,2680.0,2680.0,7692.0,20611.0,2011-2012 Maha.csv,Maha,2011-2012
KILLINOCHCHI,10207.0,179.0,10490.0,20876.0,10176.0,178.0,10124.0,20478.0,3313.0,3136.0,2803.0,3059.0,18172.0,55591.0,2011-2012 Maha.csv,Maha,2011-2012
MANNAR,11730.0,1667.0,19.0,13416.0,11730.0,1667.0,19.0,13416.0,5012.0,3312.0,2830.0,4798.0,12810.0,61459.0,2011-2012 Maha.csv,Maha,2011-2012
VAVUNIYA,3719.0,10824.0,1451.0,15994.0,3716.0,10664.0,1332.0,15713.0,4461.0,3912.0,3091.0,3972.0,14825.0,58888.0,2011-2012 Maha.csv,Maha,2011-2012
MULATIVU,5546.0,2580.0,1601.0,9727.0,5546.0,2580.0,1593.0,9720.0,3082.0,2904.0,2835.0,2994.0,9171.0,27460.0,2011-2012 Maha.csv,Maha,2011-2012
BATTICALOA,22300.0,2403.0,34767.0,59470.0,22300.0,2288.0,27527.0,52115.0,4130.0,3853.0,3402.0,3733.0,45996.0,171715.0,2011-2012 Maha.csv,Maha,2011-2012
AMPARA,59562.0,2938.0,9377.0,71877.0,59562.0,2938.0,9377.0,71877.0,5284.0,4366.0,3596.0,5026.0,68693.0,345264.0,2011-2012 Maha.csv,Maha,2011-2012
TRINCOMALEE,17198.0,5622.0,7341.0,30161.0,17198.0,5622.0,7341.0,30160.0,4822.0,4630.0,3582.0,4484.0,28019.0,125644.0,2011-2012 Maha.csv,Maha,2011-2012
KURUNEGALA,11019.0,25654.0,25948.0,62621.0,10992.0,24090.0,21636.0,56718.0,4957.0,3805.0,3557.0,3934.0,56718.0,223110.0,2011-2012 Maha.csv,Maha,2011-2012
PUTTALAM,4688.0,6996.0,1497.0,13181.0,4565.0,6366.0,1158.0,12089.0,4548.0,3843.0,3605.0,4087.0,10275.0,41991.0,2011-2012 Maha.csv,Maha,2011-2012
ANURADHAPURA,31168.0,48277.0,9808.0,89253.0,31168.0,48260.0,9437.0,88865.0,5194.0,5044.0,3970.0,4982.0,71456.0,356020.0,2011-2012 Maha.csv,Maha,2011-2012
POLONNARUWA,59426.0,2862.0,2224.0,64512.0,59401.0,2862.0,2224.0,64487.0,5150.0,4624.0,3960.0,5086.0,57045.0,290130.0,2011-2012 Maha.csv,Maha,2011-2012
BADULLA,11043.0,10658.0,5851.0,27552.0,11043.0,10383.0,5794.0,27221.0,5042.0,4337.0,3823.0,4514.0,23138.0,104433.0,2011-2012 Maha.csv,Maha,2011-2012
MONARAGALA,7728.0,9299.0,14958.0,31985.0,7728.0,9299.0,14958.0,31986.0,5210.0,4117.0,3855.0,4258.0,31346.0,133486.0,2011-2012 Maha.csv,Maha,2011-2012
RATNAPURA,2027.0,7025.0,3896.0,12948.0,2027.0,7014.0,3891.0,12933.0,4544.0,3165.0,3117.0,3367.0,10993.0,37011.0,2011-2012 Maha.csv,Maha,2011-2012
KEGALLE,0.0,2415.0,4688.0,7103.0,0.0,2395.0,4657.0,7052.0,0.0,3772.0,3555.0,3629.0,6606.0,23970.0,2011-2012 Maha.csv,Maha,2011-2012
UDAWALAWE,13447.0,0.0,0.0,13447.0,13447.0,0.0,0.0,13447.0,6399.0,0.0,0.0,6399.0,13178.0,84318.0,2011-2012 Maha.csv,Maha,2011-2012
MAHAWELI_H,24215.0,0.0,0.0,24215.0,24215.0,0.0,0.0,24215.0,6155.0,0.0,0.0,6155.0,21716.0,133657.0,2011-2012 Maha.csv,Maha,2011-2012
COLOMBO,187.0,56.0,667.0,910.0,56.0,187.0,663.0,906.0,3196.0,3195.0,2931.0,3002.0,771.0,2314.0,2012 Yala.csv,Yala,2012
GAMPAHA,1056.0,1184.0,1331.0,3571.0,1182.0,1051.0,1325.0,3558.0,3744.0,3148.0,2912.0,3258.0,3024.0,9854.0,2012 Yala.csv,Yala,2012
KALUTARA,1053.0,72.0,6107.0,7232.0,72.0,1053.0,6091.0,7216.0,2693.0,2585.0,2362.0,2398.0,6656.0,15960.0,2012 Yala.csv,Yala,2012
KANDY,2008.0,3053.0,497.0,5558.0,3053.0,1876.0,460.0,5389.0,3942.0,3460.0,2389.0,3642.0,4217.0,15358.0,2012 Yala.csv,Yala,2012
MATALE,2936.0,2100.0,602.0,5638.0,2001.0,2681.0,478.0,5160.0,4442.0,3200.0,3246.0,3686.0,4075.0,15018.0,2012 Yala.csv,Yala,2012
NUWARAELIYA,968.0,159.0,17.0,1144.0,159.0,964.0,16.0,1139.0,3569.0,3014.0,2699.0,3087.0,641.0,1980.0,2012 Yala.csv,Yala,2012
GALLE,6.0,4.0,4202.0,4212.0,4.0,6.0,4167.0,4177.0,3075.0,3075.0,3075.0,3075.0,3269.0,10051.0,2012 Yala.csv,Yala,2012
MATARA,2730.0,3015.0,6731.0,12476.0,3010.0,2728.0,6296.0,12034.0,3602.0,2845.0,2875.0,3050.0,9501.0,28977.0,2012 Yala.csv,Yala,2012
HAMBANTOTA,3726.0,16691.0,986.0,21403.0,16608.0,3255.0,662.0,20525.0,5208.0,3905.0,2642.0,4919.0,17933.0,88203.0,2012 Yala.csv,Yala,2012
JAFFNA,0.0,0.0,0.0,0.0,0.0,0.0,0.0,0.0,0.0,0.0,0.0,0.0,0.0,0.0,2012 Yala.csv,Yala,2012
MANNAR,6.0,2195.0,0.0,2201.0,1850.0,0.0,0.0,1850.0,3759.0,3638.0,0.0,3759.0,1642.0,6171.0,2012 Yala.csv,Yala,2012
VAVUNIYA,417.0,739.0,0.0,1156.0,444.0,300.0,0.0,744.0,3964.0,3527.0,0.0,3788.0,711.0,2692.0,2012 Yala.csv,Yala,2012
MULATIVU,500.0,2088.0,0.0,2588.0,2082.0,500.0,0.0,2582.0,3638.0,3391.0,0.0,3590.0,2443.0,8772.0,2012 Yala.csv,Yala,2012
KILLINOCHCHI,15.0,5756.0,0.0,5771.0,4797.0,11.0,0.0,4808.0,4033.0,3609.0,0.0,4032.0,4537.0,18293.0,2012 Yala.csv,Yala,2012
BATTICALOA,2444.0,19123.0,2320.0,23887.0,19123.0,2444.0,2320.0,23887.0,4031.0,3735.0,3665.0,3965.0,21083.0,83599.0,2012 Yala.csv,Yala,2012
AMPARA,1807.0,58474.0,583.0,60864.0,57503.0,1671.0,575.0,59749.0,4772.0,3625.0,3617.0,4729.0,57103.0,270027.0,2012 Yala.csv,Yala,2012
TRINCOMALEE,1412.0,14695.0,0.0,16107.0,14573.0,1373.0,0.0,15946.0,4473.0,4260.0,0.0,4455.0,14813.0,65988.0,2012 Yala.csv,Yala,2012
KURUNEGALA,17416.0,8914.0,15187.0,41517.0,4776.0,6360.0,4017.0,15153.0,4252.0,3119.0,2880.0,3413.0,15153.0,51712.0,2012 Yala.csv,Yala,2012
PUTTALAM,2400.0,3496.0,445.0,6341.0,3145.0,1138.0,183.0,4466.0,3881.0,2897.0,2707.0,3582.0,3797.0,13600.0,2012 Yala.csv,Yala,2012
ANURADHAPURA,10062.0,16506.0,0.0,26568.0,14304.0,7796.0,0.0,22100.0,4241.0,3696.0,0.0,4049.0,17771.0,71951.0,2012 Yala.csv,Yala,2012
POLONNARUWA,2559.0,50893.0,0.0,53452.0,43396.0,2118.0,0.0,45514.0,4252.0,3119.0,0.0,4199.0,40262.0,169071.0,2012 Yala.csv,Yala,2012
BADULLA,3898.0,7744.0,34.0,11676.0,7672.0,3784.0,34.0,11490.0,4534.0,3563.0,2585.0,4208.0,9766.0,41101.0,2012 Yala.csv,Yala,2012
MONARAGALA,5653.0,6790.0,1025.0,13468.0,6598.0,4520.0,590.0,11708.0,4781.0,2919.0,2677.0,3956.0,11474.0,45392.0,2012 Yala.csv,Yala,2012
RATNAPURA,5378.0,2046.0,2319.0,9743.0,1982.0,5102.0,2038.0,9122.0,4499.0,3307.0,2776.0,3447.0,7753.0,26729.0,2012 Yala.csv,Yala,2012
KEGALLE,1002.0,0.0,1880.0,2882.0,0.0,819.0,1456.0,2275.0,0.0,2864.0,2652.0,2728.0,2131.0,5814.0,2012 Yala.csv,Yala,2012
UDA_WALAWE,0.0,11644.0,0.0,11644.0,11644.0,0.0,0.0,11644.0,5052.0,0.0,0.0,5052.0,9898.0,50004.0,2012 Yala.csv,Yala,2012
MAHAWELI_H,0.0,12533.0,0.0,12533.0,2172.0,0.0,0.0,2172.0,5316.0,0.0,0.0,5316.0,1948.0,10355.0,2012 Yala.csv,Yala,2012
COLOMBO,87.0,973.0,3002.0,4062.0,87.0,973.0,3002.0,4062.0,3508.0,3692.0,3568.0,3597.0,3453.0,12418.0,2012-2013 Maha.csv,Maha,2012-2013
GAMPAHA,1758.0,3388.0,6030.0,11176.0,1758.0,3380.0,6015.0,11153.0,3959.0,3955.0,3573.0,3750.0,9480.0,35547.0,2012-2013 Maha.csv,Maha,2012-2013
KALUTARA,93.0,2321.0,11224.0,13638.0,93.0,2310.0,11179.0,13582.0,3250.0,3249.0,3073.0,3105.0,12529.0,38898.0,2012-2013 Maha.csv,Maha,2012-2013
KANDY,4089.0,5462.0,2441.0,11992.0,4089.0,5426.0,2430.0,11944.0,4845.0,3709.0,3295.0,4013.0,9446.0,37909.0,2012-2013 Maha.csv,Maha,2012-2013
MATALE,6948.0,9036.0,5184.0,21168.0,6908.0,8940.0,5160.0,21008.0,5179.0,4296.0,3556.0,4404.0,18892.0,83208.0,2012-2013 Maha.csv,Maha,2012-2013
NUWARAELIYA,1015.0,4373.0,29.0,5418.0,1015.0,4373.0,29.0,5418.0,2952.0,5840.0,2727.0,5282.0,3053.0,16125.0,2012-2013 Maha.csv,Maha,2012-2013
GALLE,102.0,723.0,13317.0,14141.0,102.0,723.0,13200.0,14024.0,3867.0,3940.0,3528.0,3552.0,10975.0,38984.0,2012-2013 Maha.csv,Maha,2012-2013
MATARA,3953.0,3521.0,7871.0,15344.0,3705.0,3277.0,7630.0,14613.0,4416.0,3795.0,3810.0,3960.0,11537.0,45691.0,2012-2013 Maha.csv,Maha,2012-2013
HAMBANTOTA,21216.0,6082.0,1648.0,28946.0,21093.0,6071.0,1638.0,28802.0,6958.0,5950.0,3956.0,6575.0,25164.0,165450.0,2012-2013 Maha.csv,Maha,2012-2013
JAFFNA,0.0,0.0,10219.0,10219.0,0.0,0.0,10031.0,10031.0,0.0,0.0,2388.0,2388.0,8902.0,21260.0,2012-2013 Maha.csv,Maha,2012-2013
MANNAR,12984.0,2610.0,70.0,15663.0,12263.0,2494.0,67.0,14824.0,5663.0,4818.0,3094.0,5509.0,14154.0,77975.0,2012-2013 Maha.csv,Maha,2012-2013
VAVUNIYA,4150.0,11801.0,2079.0,18030.0,4102.0,11644.0,2058.0,17803.0,3942.0,3690.0,3462.0,3722.0,16797.0,62512.0,2012-2013 Maha.csv,Maha,2012-2013
MULATIVU,5919.0,3338.0,4830.0,14087.0,4038.0,2673.0,3014.0,9726.0,2836.0,3395.0,1853.0,2685.0,9176.0,24639.0,2012-2013 Maha.csv,Maha,2012-2013
KILLINOCHCHI,10862.0,443.0,11423.0,22728.0,5370.0,229.0,5808.0,11407.0,3715.0,3829.0,4704.0,4221.0,10123.0,42725.0,2012-2013 Maha.csv,Maha,2012-2013
BATTICALOA,22218.0,3236.0,40822.0,66276.0,21401.0,3110.0,38236.0,62747.0,2224.0,2065.0,2013.0,2088.0,55380.0,115630.0,2012-2013 Maha.csv,Maha,2012-2013
AMPARA,63130.0,4027.0,15765.0,82921.0,62321.0,3802.0,14334.0,80456.0,4413.0,3307.0,2861.0,4084.0,76892.0,314015.0,2012-2013 Maha.csv,Maha,2012-2013
TRINCOMALEE,18165.0,8015.0,8831.0,35011.0,16434.0,7464.0,7208.0,31107.0,3887.0,2172.0,3665.0,3424.0,28898.0,98955.0,2012-2013 Maha.csv,Maha,2012-2013
KURUNEGALA,15040.0,38575.0,27965.0,81580.0,14825.0,38251.0,27774.0,80851.0,5388.0,4821.0,4476.0,4806.0,80851.0,388598.0,2012-2013 Maha.csv,Maha,2012-2013
PUTTALAM,7889.0,10541.0,1925.0,20354.0,7085.0,9915.0,1830.0,18830.0,5382.0,4123.0,4142.0,4599.0,16005.0,73606.0,2012-2013 Maha.csv,Maha,2012-2013
ANURADHAPURA,32134.0,53518.0,14946.0,100598.0,30327.0,50763.0,14202.0,95292.0,4878.0,4339.0,4051.0,4467.0,76624.0,342315.0,2012-2013 Maha.csv,Maha,2012-2013
POLONNARUWA,55999.0,8122.0,2252.0,66372.0,54644.0,7160.0,2252.0,64055.0,5012.0,4066.0,4527.0,4889.0,56663.0,277045.0,2012-2013 Maha.csv,Maha,2012-2013
BADULLA,11249.0,12114.0,5899.0,29262.0,11249.0,12109.0,5897.0,29255.0,5104.0,4669.0,4833.0,4869.0,24867.0,121086.0,2012-2013 Maha.csv,Maha,2012-2013
MONARAGALA,9277.0,10385.0,17100.0,36762.0,9275.0,10368.0,17087.0,36730.0,5035.0,4383.0,3786.0,4270.0,35996.0,153684.0,2012-2013 Maha.csv,Maha,2012-2013
RATNAPURA,2210.0,7062.0,3314.0,12586.0,2210.0,7058.0,3306.0,12574.0,4977.0,3676.0,3148.0,3766.0,10688.0,40249.0,2012-2013 Maha.csv,Maha,2012-2013
KEGALLE,0.0,1763.0,3330.0,5093.0,0.0,1760.0,3328.0,5089.0,0.0,4333.0,3696.0,3916.0,4767.0,18669.0,2012-2013 Maha.csv,Maha,2012-2013
UDA_WALAWE,12278.0,0.0,0.0,12278.0,12278.0,0.0,0.0,12278.0,6405.0,0.0,0.0,6405.0,12032.0,77070.0,2012-2013 Maha.csv,Maha,2012-2013
MAHAWELI_H,23930.0,0.0,0.0,23930.0,23930.0,0.0,0.0,23930.0,5686.0,0.0,0.0,5686.0,21460.0,122013.0,2012-2013 Maha.csv,Maha,2012-2013
COLOMBO,37.0,295.0,924.0,1257.0,37.0,295.0,915.0,1247.0,3145.0,2755.0,2422.0,2522.0,1060.0,2673.0,2013 Yala.csv,Yala,2013
GAMPAHA,1436.0,1466.0,1911.0,4813.0,1389.0,1420.0,1904.0,4713.0,3615.0,2736.0,2585.0,2934.0,4006.0,11753.0,2013 Yala.csv,Yala,2013
KALUTARA,64.0,1243.0,5599.0,6906.0,64.0,1243.0,5598.0,6906.0,2475.0,2639.0,2518.0,2539.0,6370.0,16175.0,2013 Yala.csv,Yala,2013
GALLE,24.0,203.0,3830.0,4057.0,24.0,203.0,3823.0,4050.0,3919.0,2657.0,2663.0,2670.0,3169.0,8461.0,2013 Yala.csv,Yala,2013
MATARA,3074.0,2614.0,5643.0,11331.0,3074.0,2610.0,5610.0,11294.0,4170.0,3242.0,3203.0,3475.0,8916.0,30986.0,2013 Yala.csv,Yala,2013
RATNAPURA,2186.0,4856.0,1422.0,8465.0,2185.0,4853.0,1419.0,8457.0,5568.0,3522.0,2867.0,3941.0,7188.0,28329.0,2013 Yala.csv,Yala,2013
KEGALLE,0.0,1562.0,3162.0,4725.0,0.0,1543.0,3118.0,4661.0,0.0,2926.0,2712.0,2783.0,4367.0,12150.0,2013 Yala.csv,Yala,2013
KURUNEGALA,11660.0,23105.0,17696.0,52461.0,11657.0,22989.0,17653.0,52300.0,4280.0,3679.0,3104.0,3619.0,52300.0,189281.0,2013 Yala.csv,Yala,2013
PUTTALAM,5986.0,5021.0,526.0,11533.0,5796.0,4851.0,506.0,11154.0,4266.0,3468.0,2881.0,3856.0,9481.0,36558.0,2013 Yala.csv,Yala,2013
KANDY,3749.0,2854.0,1856.0,8459.0,3749.0,2843.0,1846.0,8439.0,4922.0,2814.0,2543.0,3691.0,6673.0,24633.0,2013 Yala.csv,Yala,2013
MATALE,5000.0,3794.0,524.0,9318.0,4999.0,3780.0,514.0,9292.0,5197.0,4092.0,2828.0,4617.0,8356.0,38580.0,2013 Yala.csv,Yala,2013
NUWARAELIYA,385.0,1439.0,8.0,1832.0,385.0,1439.0,8.0,1832.0,3973.0,2990.0,2681.0,3196.0,1033.0,3300.0,2013 Yala.csv,Yala,2013
BADULLA,8723.0,4724.0,37.0,13485.0,8723.0,4724.0,37.0,13485.0,5064.0,3302.0,3510.0,4443.0,11462.0,50922.0,2013 Yala.csv,Yala,2013
MONARAGALA,8223.0,6037.0,1085.0,15346.0,8223.0,6013.0,1083.0,15319.0,4146.0,3255.0,2719.0,3696.0,15013.0,55482.0,2013 Yala.csv,Yala,2013
JAFFNA,0.0,0.0,0.0,0.0,0.0,0.0,0.0,0.0,0.0,0.0,0.0,0.0,0.0,0.0,2013 Yala.csv,Yala,2013
KILLINOCHCHI,5795.0,30.0,0.0,5825.0,5795.0,30.0,0.0,5825.0,5641.0,3609.0,0.0,5630.0,5169.0,29102.0,2013 Yala.csv,Yala,2013
VAVUNIYA,2195.0,3067.0,7.0,5270.0,2195.0,3067.0,7.0,5270.0,4962.0,4712.0,2578.0,4813.0,4972.0,23930.0,2013 Yala.csv,Yala,2013
MULATIVU,2946.0,950.0,0.0,3896.0,2946.0,950.0,0.0,3896.0,5290.0,5033.0,0.0,5227.0,3676.0,19215.0,2013 Yala.csv,Yala,2013
MANNAR,861.0,1388.0,0.0,2248.0,861.0,1388.0,0.0,2248.0,5357.0,5904.0,0.0,5694.0,2147.0,12225.0,2013 Yala.csv,Yala,2013
ANURADHAPURA,23682.0,23103.0,104.0,46888.0,23674.0,23073.0,104.0,46850.0,4607.0,3961.0,2578.0,4284.0,37672.0,161406.0,2013 Yala.csv,Yala,2013
POLONNARUWA,55296.0,7207.0,0.0,62503.0,55296.0,7207.0,0.0,62503.0,4788.0,4245.0,0.0,4725.0,55290.0,261263.0,2013 Yala.csv,Yala,2013
TRINCOMALEE,18041.0,4861.0,110.0,23012.0,18041.0,4861.0,110.0,23012.0,4774.0,4748.0,2578.0,4758.0,21379.0,101718.0,2013 Yala.csv,Yala,2013
BATTICALOA,21878.0,3719.0,1960.0,27556.0,21878.0,3719.0,1960.0,27556.0,4570.0,4564.0,5045.0,4603.0,24321.0,111943.0,2013 Yala.csv,Yala,2013
AMPARA,61696.0,2529.0,178.0,64403.0,61657.0,2517.0,178.0,64352.0,4842.0,4696.0,3609.0,4833.0,61502.0,297229.0,2013 Yala.csv,Yala,2013
HAMBANTOTA,20108.0,4833.0,955.0,25896.0,20062.0,4833.0,955.0,25850.0,5166.0,4550.0,3425.0,4987.0,22585.0,112623.0,2013 Yala.csv,Yala,2013
UDA_WALAWE,11994.0,0.0,0.0,11994.0,11994.0,0.0,0.0,11994.0,6198.0,0.0,0.0,6198.0,11754.0,72844.0,2013 Yala.csv,Yala,2013
MAHAWELI_H,14134.0,0.0,0.0,14134.0,14134.0,0.0,0.0,14134.0,4865.0,0.0,0.0,4865.0,12676.0,61670.0,2013 Yala.csv,Yala,2013
COLOMBO,66.0,899.0,2800.0,3765.0,65.0,896.0,2765.0,3726.0,2641.0,3874.0,3468.0,3551.0,3167.0,11248.0,2013-2014 Maha.csv,Maha,2013-2014
GAMPAHA,1665.0,3501.0,5480.0,10646.0,1665.0,3500.0,5471.0,10636.0,2753.0,3075.0,3392.0,3188.0,9041.0,28817.0,2013-2014 Maha.csv,Maha,2013-2014
KALUTARA,96.0,2162.0,10486.0,12744.0,96.0,2158.0,10437.0,12691.0,2808.0,2636.0,2973.0,2915.0,11707.0,34125.0,2013-2014 Maha.csv,Maha,2013-2014
GALLE,98.0,656.0,11949.0,12703.0,98.0,656.0,11856.0,12610.0,3838.0,3576.0,3656.0,3653.0,9869.0,36054.0,2013-2014 Maha.csv,Maha,2013-2014
MATARA,3581.0,3235.0,7074.0,13890.0,3570.0,3222.0,7055.0,13847.0,3966.0,4044.0,3765.0,3882.0,10932.0,42438.0,2013-2014 Maha.csv,Maha,2013-2014
RATNAPURA,2082.0,6757.0,3064.0,11903.0,2082.0,6742.0,3051.0,11875.0,4397.0,4318.0,3231.0,4053.0,10094.0,40905.0,2013-2014 Maha.csv,Maha,2013-2014
KEGALLE,0.0,2099.0,3989.0,6088.0,0.0,2066.0,3880.0,5946.0,3568.0,3225.0,3344.0,5570.0,18629.0,0.0,2013-2014 Maha.csv,Maha,2013-2014
KURUNEGALA,11973.0,24623.0,24542.0,61138.0,11851.0,22725.0,20904.0,55480.0,4518.0,4188.0,3665.0,4062.0,55480.0,225332.0,2013-2014 Maha.csv,Maha,2013-2014
PUTTALAM,4673.0,7942.0,1329.0,13944.0,4592.0,7073.0,923.0,12588.0,4298.0,3957.0,3832.0,4072.0,10700.0,43571.0,2013-2014 Maha.csv,Maha,2013-2014
KANDY,4111.0,5393.0,2522.0,12026.0,4107.0,5244.0,2472.0,11823.0,5056.0,3732.0,3709.0,4187.0,9350.0,39150.0,2013-2014 Maha.csv,Maha,2013-2014
MATALE,6771.0,7765.0,4042.0,18578.0,6538.0,7174.0,3377.0,17089.0,4003.0,4268.0,3201.0,3956.0,15368.0,60792.0,2013-2014 Maha.csv,Maha,2013-2014
NUWARAELIYA,914.0,4091.0,26.0,5031.0,914.0,4085.0,26.0,5025.0,4228.0,4444.0,4084.0,4403.0,2832.0,12468.0,2013-2014 Maha.csv,Maha,2013-2014
BADULLA,11119.0,10935.0,5583.0,27637.0,11117.0,10689.0,2936.0,24742.0,5816.0,4106.0,4084.0,4872.0,21031.0,102456.0,2013-2014 Maha.csv,Maha,2013-2014
MONARAGALA,7592.0,10051.0,17171.0,34814.0,7534.0,8942.0,7161.0,23637.0,5078.0,4082.0,2660.0,3969.0,23164.0,91936.0,2013-2014 Maha.csv,Maha,2013-2014
JAFFNA,0.0,0.0,10180.0,10180.0,0.0,0.0,2624.0,2624.0,0.0,0.0,1547.0,1547.0,2329.0,3602.0,2013-2014 Maha.csv,Maha,2013-2014
KILLINOCHCHI,10728.0,480.0,11689.0,22897.0,9789.0,162.0,3447.0,13398.0,4272.0,3064.0,4118.0,4218.0,11889.0,50149.0,2013-2014 Maha.csv,Maha,2013-2014
VAVUNIYA,1401.0,5965.0,1011.0,8377.0,951.0,4190.0,331.0,5472.0,3944.0,3348.0,2626.0,3408.0,5163.0,17595.0,2013-2014 Maha.csv,Maha,2013-2014
MULATIVU,5345.0,3286.0,4166.0,12797.0,4079.0,1690.0,617.0,6386.0,2724.0,2434.0,1853.0,2563.0,6025.0,15443.0,2013-2014 Maha.csv,Maha,2013-2014
MANNAR,3874.0,1412.0,27.0,5313.0,3672.0,1294.0,23.0,4989.0,5208.0,5429.0,2810.0,5254.0,4763.0,25027.0,2013-2014 Maha.csv,Maha,2013-2014
ANURADHAPURA,22210.0,19990.0,10589.0,52789.0,21370.0,13625.0,4653.0,39648.0,4223.0,3873.0,2477.0,3898.0,31881.0,124275.0,2013-2014 Maha.csv,Maha,2013-2014
POLONNARUWA,54824.0,5968.0,1408.0,62200.0,54805.0,5554.0,987.0,61346.0,4795.0,5228.0,3861.0,4819.0,54267.0,261525.0,2013-2014 Maha.csv,Maha,2013-2014
TRINCOMALEE,13584.0,5146.0,7403.0,26133.0,13308.0,3632.0,4817.0,21757.0,4885.0,4607.0,4846.0,4830.0,20212.0,97630.0,2013-2014 Maha.csv,Maha,2013-2014
BATTICALOA,20911.0,3127.0,38166.0,62204.0,20911.0,3127.0,38166.0,62204.0,3581.0,2021.0,2801.0,3024.0,54901.0,166010.0,2013-2014 Maha.csv,Maha,2013-2014
AMPARA,62665.0,3881.0,15394.0,81940.0,62435.0,3577.0,12969.0,78981.0,5280.0,4045.0,3215.0,4885.0,75482.0,368748.0,2013-2014 Maha.csv,Maha,2013-2014
HAMBANTOTA,20021.0,5423.0,1438.0,26882.0,20014.0,5262.0,1403.0,26679.0,5806.0,5053.0,4571.0,5592.0,23309.0,130352.0,2013-2014 Maha.csv,Maha,2013-2014
UDA_WALAWE,12029.0,0.0,0.0,12029.0,12029.0,0.0,0.0,12029.0,5811.0,0.0,0.0,5811.0,11788.0,68500.0,2013-2014 Maha.csv,Maha,2013-2014
MAHAWELI_H,22641.0,0.0,0.0,22641.0,22629.0,0.0,0.0,22629.0,5868.0,0.0,0.0,5868.0,20294.0,119074.0,2013-2014 Maha.csv,Maha,2013-2014
COLOMBO,23.0,181.0,778.0,983.0,23.0,179.0,776.0,978.0,3171.0,3089.0,3066.0,3073.0,831.0,2555.0,2014 Yala.csv,Yala,2014
GAMPAHA,1456.0,1575.0,2140.0,5171.0,1325.0,1567.0,2120.0,5012.0,3720.0,3124.0,2882.0,3179.0,4260.0,13542.0,2014 Yala.csv,Yala,2014
KALUTARA,64.0,1160.0,5048.0,6272.0,64.0,1160.0,5037.0,6260.0,2589.0,2878.0,2806.0,2817.0,5775.0,16269.0,2014 Yala.csv,Yala,2014
KANDY,3713.0,2783.0,1622.0,8118.0,3713.0,2780.0,1618.0,8110.0,4366.0,3375.0,2567.0,3667.0,6414.0,23521.0,2014 Yala.csv,Yala,2014
MATALE,3113.0,2959.0,434.0,6507.0,3113.0,2828.0,354.0,6295.0,4623.0,3831.0,2865.0,4169.0,5661.0,23598.0,2014 Yala.csv,Yala,2014
NUWARAELIYA,414.0,1423.0,2.0,1839.0,414.0,1423.0,2.0,1839.0,4084.0,4332.0,2794.0,4274.0,1036.0,4430.0,2014 Yala.csv,Yala,2014
GALLE,0.0,161.0,4606.0,4767.0,0.0,161.0,4606.0,4767.0,0.0,2609.0,2739.0,2735.0,3731.0,10204.0,2014 Yala.csv,Yala,2014
MATARA,2733.0,2884.0,5604.0,11221.0,2723.0,2856.0,5596.0,11175.0,4861.0,2883.0,2949.0,3398.0,8823.0,29982.0,2014 Yala.csv,Yala,2014
HAMBANTOTA,18305.0,2623.0,596.0,21524.0,17724.0,2388.0,532.0,20644.0,4535.0,5724.0,2748.0,4627.0,18037.0,83451.0,2014 Yala.csv,Yala,2014
JAFFNA,0.0,0.0,0.0,0.0,0.0,0.0,0.0,0.0,0.0,0.0,0.0,0.0,0.0,0.0,2014 Yala.csv,Yala,2014
MANNAR,955.0,771.0,0.0,1726.0,601.0,594.0,0.0,1195.0,3847.0,4094.0,0.0,3970.0,1141.0,4530.0,2014 Yala.csv,Yala,2014
VAVUNIYA,664.0,893.0,0.0,1557.0,664.0,619.0,0.0,1283.0,4909.0,4075.0,0.0,4507.0,1210.0,5455.0,2014 Yala.csv,Yala,2014
MULATIVU,284.0,156.0,0.0,440.0,284.0,140.0,0.0,424.0,3726.0,3445.0,0.0,3633.0,400.0,1453.0,2014 Yala.csv,Yala,2014
KILLINOCHCHI,324.0,0.0,0.0,324.0,324.0,0.0,0.0,324.0,4238.0,0.0,0.0,4238.0,287.0,1217.0,2014 Yala.csv,Yala,2014
BATTICALOA,17323.0,2850.0,109.0,20282.0,17323.0,2850.0,109.0,20282.0,4194.0,3805.0,3767.0,4137.0,17901.0,74062.0,2014 Yala.csv,Yala,2014
AMPARA,41371.0,1742.0,1263.0,44377.0,41367.0,1730.0,1263.0,44360.0,4782.0,3395.0,3820.0,4700.0,42395.0,199265.0,2014 Yala.csv,Yala,2014
TRINCOMALEE,7394.0,0.0,0.0,7394.0,7319.0,0.0,0.0,7319.0,4446.0,0.0,0.0,4446.0,6799.0,30225.0,2014 Yala.csv,Yala,2014
KURUNEGALA,10811.0,29492.0,19296.0,59599.0,10789.0,27290.0,14508.0,52587.0,4851.0,3632.0,2077.0,3453.0,52587.0,181603.0,2014 Yala.csv,Yala,2014
PUTTALAM,5397.0,4770.0,573.0,10741.0,5259.0,4556.0,492.0,10307.0,4298.0,3455.0,4337.0,3927.0,8761.0,34407.0,2014 Yala.csv,Yala,2014
ANURADHAPURA,9961.0,7573.0,8.0,17542.0,9808.0,6360.0,5.0,16174.0,4868.0,3833.0,2578.0,4461.0,13005.0,58012.0,2014 Yala.csv,Yala,2014
POLONNARUWA,32677.0,1876.0,0.0,34553.0,32669.0,1871.0,0.0,34540.0,4906.0,4826.0,0.0,4902.0,30554.0,149778.0,2014 Yala.csv,Yala,2014
BADULLA,8629.0,4194.0,20.0,12843.0,8557.0,4156.0,18.0,12731.0,5143.0,3953.0,3038.0,4751.0,10822.0,51419.0,2014 Yala.csv,Yala,2014
MONARAGALA,5050.0,3489.0,276.0,8814.0,4822.0,2857.0,90.0,7769.0,4048.0,3357.0,2682.0,3778.0,7614.0,28765.0,2014 Yala.csv,Yala,2014
RATNAPURA,2078.0,4227.0,1106.0,7412.0,2078.0,4227.0,1106.0,7412.0,4591.0,3078.0,3231.0,3525.0,6300.0,22207.0,2014 Yala.csv,Yala,2014
KEGALLE,0.0,1407.0,2562.0,3969.0,0.0,1391.0,2543.0,3934.0,0.0,2900.0,2689.0,2763.0,3685.0,10184.0,2014 Yala.csv,Yala,2014
UDA_WALAWE,10277.0,0.0,0.0,10277.0,10277.0,0.0,0.0,10277.0,6363.0,0.0,0.0,6363.0,10071.0,64080.0,2014 Yala.csv,Yala,2014
MAHAWELI_H,4727.0,0.0,0.0,4727.0,4727.0,0.0,0.0,4727.0,4887.0,0.0,0.0,4887.0,4239.0,20715.0,2014 Yala.csv,Yala,2014
COLOMBO,43.0,715.0,2726.0,3484.0,43.0,714.0,2725.0,3482.0,2904.0,3449.0,3435.0,3431.0,2960.0,10156.0,2014-2015 Maha.csv,Maha,2014-2015
GAMPAHA,1667.0,3505.0,5982.0,11154.0,1577.0,3479.0,5918.0,10974.0,3963.0,3725.0,3419.0,3594.0,9329.0,33529.0,2014-2015 Maha.csv,Maha,2014-2015
KALUTARA,118.0,2165.0,10737.0,13020.0,118.0,2165.0,10709.0,12992.0,3516.0,3756.0,3622.0,3644.0,11984.0,43668.0,2014-2015 Maha.csv,Maha,2014-2015
KANDY,4123.0,5445.0,2567.0,12135.0,4119.0,5430.0,2516.0,12065.0,4937.0,3885.0,3689.0,4203.0,9540.0,40102.0,2014-2015 Maha.csv,Maha,2014-2015
MATALE,6848.0,8689.0,4828.0,20365.0,6679.0,8573.0,4748.0,20000.0,5105.0,4227.0,4570.0,4602.0,17986.0,82768.0,2014-2015 Maha.csv,Maha,2014-2015
NUWARAELIYA,1144.0,4074.0,19.0,5237.0,1137.0,4054.0,19.0,5210.0,4415.0,3526.0,2722.0,3717.0,2936.0,10912.0,2014-2015 Maha.csv,Maha,2014-2015
GALLE,85.0,603.0,12442.0,13130.0,85.0,603.0,12411.0,13099.0,3922.0,3438.0,3751.0,3738.0,10252.0,38317.0,2014-2015 Maha.csv,Maha,2014-2015
MATARA,3784.0,3280.0,7383.0,14447.0,3688.0,3275.0,7341.0,14304.0,4590.0,4319.0,4080.0,4266.0,11294.0,48184.0,2014-2015 Maha.csv,Maha,2014-2015
HAMBANTOTA,19836.0,5783.0,1556.0,27175.0,19679.0,5764.0,1552.0,26995.0,6507.0,5517.0,3698.0,6134.0,23586.0,144681.0,2014-2015 Maha.csv,Maha,2014-2015
JAFFNA,0.0,0.0,10038.0,10038.0,0.0,0.0,9829.0,9829.0,0.0,0.0,3096.0,3096.0,8722.0,27000.0,2014-2015 Maha.csv,Maha,2014-2015
MANNAR,14203.0,3065.0,53.0,17321.0,13862.0,3007.0,50.0,16919.0,5540.0,5283.0,3596.0,5489.0,16154.0,88661.0,2014-2015 Maha.csv,Maha,2014-2015
VAVUNIYA,4147.0,10901.0,1793.0,16841.0,4138.0,10882.0,1785.0,16805.0,5212.0,4828.0,3823.0,4816.0,15856.0,76363.0,2014-2015 Maha.csv,Maha,2014-2015
MULATIVU,6020.0,4083.0,4510.0,14613.0,5975.0,4083.0,4498.0,14556.0,3643.0,3439.0,2816.0,3330.0,13734.0,45739.0,2014-2015 Maha.csv,Maha,2014-2015
KILLINOCHCHI,10778.0,490.0,12407.0,23675.0,9922.0,488.0,10762.0,21172.0,3779.0,3142.0,3632.0,3689.0,18788.0,69319.0,2014-2015 Maha.csv,Maha,2014-2015
BATTICALOA,19898.0,3324.0,37792.0,61014.0,15172.0,2850.0,32844.0,50866.0,2686.0,2642.0,2689.0,2686.0,44895.0,120570.0,2014-2015 Maha.csv,Maha,2014-2015
AMPARA,63072.0,3983.0,16078.0,83133.0,60146.0,3821.0,14965.0,78932.0,4420.0,3292.0,2906.0,4078.0,75435.0,307661.0,2014-2015 Maha.csv,Maha,2014-2015
TRINCOMALEE,18733.0,8045.0,7692.0,34470.0,15111.0,7186.0,5921.0,28218.0,4808.0,4072.0,4106.0,4473.0,26213.0,117256.0,2014-2015 Maha.csv,Maha,2014-2015
KURUNEGALA,16282.0,36247.0,26846.0,79375.0,15702.0,35065.0,26341.0,77108.0,4255.0,3458.0,3425.0,3609.0,77108.0,278269.0,2014-2015 Maha.csv,Maha,2014-2015
PUTTALAM,7857.0,10399.0,1860.0,20116.0,6982.0,9582.0,1726.0,18290.0,4185.0,3977.0,3675.0,4028.0,15546.0,62620.0,2014-2015 Maha.csv,Maha,2014-2015
ANURADHAPURA,31747.0,53288.0,14779.0,99814.0,28576.0,49148.0,13943.0,91667.0,5095.0,4844.0,4049.0,4802.0,73710.0,353924.0,2014-2015 Maha.csv,Maha,2014-2015
POLONNARUWA,66727.0,6445.0,1594.0,74766.0,66447.0,6445.0,1594.0,74486.0,5343.0,5157.0,4360.0,5306.0,65891.0,349625.0,2014-2015 Maha.csv,Maha,2014-2015
BADULLA,10984.0,10183.0,5890.0,27057.0,10980.0,10179.0,5887.0,27046.0,5183.0,4298.0,4776.0,4761.0,22989.0,109463.0,2014-2015 Maha.csv,Maha,2014-2015
MONARAGALA,7790.0,10351.0,17897.0,36038.0,7736.0,10231.0,17850.0,35817.0,4276.0,4453.0,3607.0,3993.0,35100.0,140155.0,2014-2015 Maha.csv,Maha,2014-2015
RATNAPURA,2197.0,6595.0,2959.0,11751.0,2197.0,6584.0,2955.0,11736.0,5126.0,3701.0,3528.0,3924.0,9975.0,39147.0,2014-2015 Maha.csv,Maha,2014-2015
KEGALLE,0.0,2178.0,4062.0,6240.0,0.0,2160.0,4022.0,6182.0,0.0,3733.0,3923.0,3857.0,5791.0,22335.0,2014-2015 Maha.csv,Maha,2014-2015
UDA_WALAWE,12366.0,0.0,0.0,12366.0,12366.0,0.0,0.0,12366.0,6425.0,0.0,0.0,6425.0,12119.0,77867.0,2014-2015 Maha.csv,Maha,2014-2015
MAHAWELI_H,23851.0,0.0,0.0,23851.0,23851.0,0.0,0.0,23851.0,6484.0,0.0,0.0,6484.0,21390.0,138696.0,2014-2015 Maha.csv,Maha,2014-2015
COLOMBO,39.0,249.0,1021.0,1309.0,39.0,242.0,1021.0,1302.0,2675.0,2874.0,2118.0,2275.0,1106.0,2516.0,2015 Yala.csv,Yala,2015
GAMPAHA,1388.0,1371.0,1833.0,4592.0,1382.0,1362.0,1832.0,4576.0,3390.0,3164.0,3213.0,3252.0,3889.0,12648.0,2015 Yala.csv,Yala,2015
KALUTARA,99.0,1373.0,6324.0,7796.0,99.0,1373.0,6283.0,7755.0,2726.0,3627.0,3478.0,3495.0,7153.0,25000.0,2015 Yala.csv,Yala,2015
KANDY,3880.0,2940.0,1732.0,8552.0,3880.0,2934.0,1731.0,8545.0,4039.0,3334.0,3300.0,3647.0,6757.0,24643.0,2015 Yala.csv,Yala,2015
MATALE,5390.0,4089.0,707.0,10186.0,5385.0,4071.0,696.0,10152.0,4695.0,3774.0,2893.0,4202.0,9130.0,38362.0,2015 Yala.csv,Yala,2015
NUWARAELIYA,507.0,1647.0,3.0,2157.0,507.0,1647.0,3.0,2157.0,3787.0,3992.0,2967.0,3943.0,1215.0,4792.0,2015 Yala.csv,Yala,2015
GALLE,12.0,304.0,5378.0,5694.0,10.0,299.0,4816.0,5125.0,2636.0,2241.0,2674.0,2649.0,4011.0,10626.0,2015 Yala.csv,Yala,2015
MATARA,3709.0,3108.0,6838.0,13655.0,3290.0,2906.0,6505.0,12701.0,4529.0,3406.0,3726.0,3861.0,10027.0,38709.0,2015 Yala.csv,Yala,2015
HAMBANTOTA,20302.0,4800.0,1200.0,26302.0,19722.0,4741.0,1163.0,25626.0,5523.0,4846.0,2901.0,5279.0,22389.0,118190.0,2015 Yala.csv,Yala,2015
JAFFNA,0.0,0.0,0.0,0.0,0.0,0.0,0.0,0.0,0.0,0.0,0.0,0.0,0.0,0.0,2015 Yala.csv,Yala,2015
MANNAR,1500.0,1476.0,0.0,2976.0,1480.0,1318.0,0.0,2798.0,4904.0,5009.0,0.0,4954.0,2672.0,13236.0,2015 Yala.csv,Yala,2015
VAVUNIYA,2118.0,3598.0,6.0,5722.0,2107.0,3541.0,6.0,5654.0,4882.0,4567.0,2941.0,4683.0,5334.0,24978.0,2015 Yala.csv,Yala,2015
MULATIVU,4351.0,2618.0,0.0,6969.0,4351.0,2618.0,0.0,6969.0,4512.0,4586.0,0.0,4540.0,6575.0,29848.0,2015 Yala.csv,Yala,2015
KILLINOCHCHI,6806.0,48.0,0.0,6854.0,6806.0,48.0,0.0,6854.0,4646.0,2957.0,0.0,4634.0,6083.0,28189.0,2015 Yala.csv,Yala,2015
BATTICALOA,21587.0,3509.0,1915.0,27011.0,21536.0,3509.0,1915.0,26960.0,4834.0,4686.0,4779.0,4811.0,23795.0,114470.0,2015 Yala.csv,Yala,2015
AMPARA,62051.0,2379.0,1543.0,65973.0,62046.0,2379.0,1543.0,65968.0,4924.0,4812.0,4327.0,4906.0,63046.0,309335.0,2015 Yala.csv,Yala,2015
TRINCOMALEE,17570.0,3821.0,903.0,22294.0,17483.0,3821.0,903.0,22207.0,4820.0,4867.0,2761.0,4745.0,20631.0,97884.0,2015 Yala.csv,Yala,2015
KURUNEGALA,14559.0,29517.0,18573.0,62649.0,14550.0,29086.0,17682.0,61318.0,4640.0,3381.0,2971.0,3562.0,61319.0,218402.0,2015 Yala.csv,Yala,2015
PUTTALAM,7227.0,7333.0,767.0,15327.0,7221.0,7220.0,731.0,15172.0,4142.0,3591.0,2844.0,3817.0,12896.0,49227.0,2015 Yala.csv,Yala,2015
ANURADHAPURA,24617.0,25766.0,15.0,50398.0,24604.0,25483.0,15.0,50102.0,4928.0,4308.0,3172.0,4612.0,40287.0,185818.0,2015 Yala.csv,Yala,2015
POLONNARUWA,55532.0,6590.0,13.0,62135.0,55385.0,6401.0,13.0,61799.0,5140.0,5054.0,4427.0,5131.0,54668.0,280476.0,2015 Yala.csv,Yala,2015
BADULLA,8766.0,4278.0,30.0,13074.0,8766.0,4278.0,30.0,13074.0,4766.0,3840.0,2979.0,4459.0,11112.0,49547.0,2015 Yala.csv,Yala,2015
MONARAGALA,8258.0,6389.0,768.0,15415.0,8258.0,6378.0,767.0,15403.0,4359.0,3676.0,3053.0,4011.0,15095.0,60550.0,2015 Yala.csv,Yala,2015
RATNAPURA,2092.0,4796.0,1423.0,8311.0,2092.0,4783.0,1415.0,8290.0,4823.0,3250.0,3486.0,3688.0,7046.0,25984.0,2015 Yala.csv,Yala,2015
KEGALLE,0.0,1376.0,3347.0,4723.0,0.0,1364.0,3314.0,4678.0,0.0,3402.0,3452.0,3437.0,4382.0,15063.0,2015 Yala.csv,Yala,2015
UDA_WALAWE,12524.0,0.0,0.0,12524.0,12524.0,0.0,0.0,12524.0,6062.0,0.0,0.0,6062.0,12273.0,74400.0,2015 Yala.csv,Yala,2015
MAHAWELI_H,18064.0,0.0,0.0,18064.0,18064.0,0.0,0.0,18064.0,5526.0,0.0,0.0,5526.0,16200.0,89515.0,2015 Yala.csv,Yala,2015
COLOMBO,43.0,628.0,2225.0,2896.0,43.0,624.0,2221.0,2888.0,2696.0,3685.0,3351.0,3414.0,2455.0,8381.0,2015-2016 Maha.csv,Maha,2015-2016
GAMPAHA,1617.0,3207.0,5165.0,9989.0,1617.0,3201.0,5165.0,9983.0,3778.0,3943.0,3813.0,3849.0,8485.0,32661.0,2015-2016 Maha.csv,Maha,2015-2016
KALUTARA,129.0,1861.0,9746.0,11736.0,128.0,1860.0,9734.0,11722.0,3548.0,3223.0,3381.0,3358.0,10814.0,36314.0,2015-2016 Maha.csv,Maha,2015-2016
KANDY,4132.0,5167.0,2448.0,11747.0,4132.0,5160.0,2441.0,11733.0,4471.0,3275.0,3600.0,3764.0,9279.0,34921.0,2015-2016 Maha.csv,Maha,2015-2016
MATALE,6729.0,8253.0,4876.0,19858.0,6725.0,8239.0,4760.0,19724.0,4696.0,4343.0,4330.0,4460.0,17738.0,79115.0,2015-2016 Maha.csv,Maha,2015-2016
NUWARAELIYA,995.0,3854.0,17.0,4866.0,995.0,3854.0,17.0,4866.0,3828.0,3770.0,3160.0,3779.0,2742.0,10365.0,2015-2016 Maha.csv,Maha,2015-2016
GALLE,66.0,480.0,9628.0,10174.0,66.0,471.0,9581.0,10118.0,3200.0,2334.0,2994.0,2965.0,7919.0,23476.0,2015-2016 Maha.csv,Maha,2015-2016
MATARA,3338.0,2730.0,6032.0,12100.0,3206.0,2645.0,5997.0,11848.0,4118.0,3661.0,4196.0,4055.0,9353.0,37932.0,2015-2016 Maha.csv,Maha,2015-2016
HAMBANTOTA,20552.0,5845.0,1451.0,27848.0,19957.0,5776.0,1395.0,27128.0,5728.0,4995.0,2735.0,5418.0,23702.0,128424.0,2015-2016 Maha.csv,Maha,2015-2016
JAFFNA,0.0,0.0,10252.0,10252.0,0.0,0.0,8389.0,8389.0,0.0,0.0,2352.0,2352.0,7445.0,17511.0,2015-2016 Maha.csv,Maha,2015-2016
MANNAR,15408.0,3236.0,54.0,18698.0,15376.0,3234.0,54.0,18664.0,5030.0,4862.0,4227.0,4999.0,17821.0,89079.0,2015-2016 Maha.csv,Maha,2015-2016
VAVUNIYA,4134.0,11315.0,2029.0,17478.0,4134.0,11315.0,2029.0,17478.0,4188.0,4456.0,4171.0,4359.0,16491.0,71889.0,2015-2016 Maha.csv,Maha,2015-2016
MULATIVU,7299.0,4390.0,4357.0,16046.0,6719.0,4225.0,2471.0,13415.0,3714.0,3608.0,3396.0,3622.0,12658.0,45851.0,2015-2016 Maha.csv,Maha,2015-2016
KILLINOCHCHI,11273.0,344.0,12551.0,24168.0,11273.0,344.0,12551.0,24168.0,4004.0,3772.0,3925.0,3959.0,21446.0,84913.0,2015-2016 Maha.csv,Maha,2015-2016
BATTICALOA,20891.0,3006.0,38091.0,61988.0,18152.0,2801.0,35448.0,56401.0,2992.0,2774.0,3057.0,3022.0,49779.0,150434.0,2015-2016 Maha.csv,Maha,2015-2016
AMPARA,61986.0,3804.0,15196.0,80986.0,61773.0,3783.0,15196.0,80752.0,4671.0,4456.0,3641.0,4467.0,77174.0,344765.0,2015-2016 Maha.csv,Maha,2015-2016
TRINCOMALEE,18444.0,8641.0,7613.0,34698.0,18014.0,8636.0,7570.0,34220.0,4833.0,4459.0,4071.0,4570.0,31790.0,145279.0,2015-2016 Maha.csv,Maha,2015-2016
KURUNEGALA,15521.0,37432.0,27825.0,80778.0,15506.0,37384.0,27735.0,80625.0,4912.0,4087.0,3754.0,4131.0,80625.0,333062.0,2015-2016 Maha.csv,Maha,2015-2016
PUTTALAM,7835.0,10298.0,1957.0,20090.0,7638.0,10024.0,1908.0,19570.0,4219.0,3847.0,3883.0,3996.0,16634.0,66466.0,2015-2016 Maha.csv,Maha,2015-2016
ANURADHAPURA,29203.0,52935.0,14116.0,96254.0,29106.0,52658.0,14101.0,95865.0,5112.0,4666.0,4303.0,4748.0,77085.0,365988.0,2015-2016 Maha.csv,Maha,2015-2016
POLONNARUWA,56832.0,6649.0,1721.0,65202.0,56774.0,6628.0,1721.0,65123.0,5109.0,5026.0,3443.0,5056.0,57608.0,291274.0,2015-2016 Maha.csv,Maha,2015-2016
BADULLA,11075.0,10442.0,5772.0,27289.0,11075.0,10442.0,5772.0,27289.0,4821.0,4197.0,3502.0,4303.0,23195.0,99813.0,2015-2016 Maha.csv,Maha,2015-2016
MONARAGALA,9271.0,10423.0,17989.0,37683.0,9271.0,10409.0,17976.0,37656.0,4516.0,4249.0,3207.0,3817.0,36902.0,140855.0,2015-2016 Maha.csv,Maha,2015-2016
RATNAPURA,2120.0,6289.0,2754.0,11163.0,2119.0,6269.0,2737.0,11125.0,4801.0,3764.0,3421.0,3877.0,9456.0,36660.0,2015-2016 Maha.csv,Maha,2015-2016
KEGALLE,0.0,1772.0,3985.0,5757.0,0.0,1757.0,3956.0,5713.0,0.0,4500.0,3681.0,3933.0,5352.0,21046.0,2015-2016 Maha.csv,Maha,2015-2016
UDA_WALAWE,12224.0,0.0,0.0,12224.0,12224.0,0.0,0.0,12224.0,5907.0,0.0,0.0,5907.0,11979.0,70757.0,2015-2016 Maha.csv,Maha,2015-2016
MAHAWELI_H,24037.0,0.0,0.0,24037.0,24037.0,0.0,0.0,24037.0,6284.0,0.0,0.0,6284.0,21556.0,135462.0,2015-2016 Maha.csv,Maha,2015-2016
COLOMBO,5.0,113.0,284.0,402.0,5.0,113.0,280.0,398.0,2463.0,2236.0,2703.0,2567.0,338.0,869.0,2016 Yala.csv,Yala,2016
GAMPAHA,841.0,391.0,671.0,1903.0,841.0,384.0,650.0,1875.0,2962.0,2714.0,2362.0,2703.0,1594.0,4308.0,2016 Yala.csv,Yala,2016
KALUTARA,38.0,473.0,2288.0,2799.0,38.0,471.0,2277.0,2786.0,3179.0,3204.0,2898.0,2954.0,2570.0,7592.0,2016 Yala.csv,Yala,2016
KANDY,3858.0,2492.0,1215.0,7565.0,3858.0,2489.0,1205.0,7552.0,4486.0,2292.0,3048.0,3533.0,5973.0,21103.0,2016 Yala.csv,Yala,2016
MATALE,4381.0,2798.0,235.0,7414.0,4377.0,2758.0,229.0,7364.0,4987.0,4814.0,3814.0,4886.0,6623.0,32359.0,2016 Yala.csv,Yala,2016
NUWARAELIYA,446.0,1569.0,2.0,2017.0,445.0,1568.0,2.0,2015.0,3815.0,3152.0,1656.0,3297.0,1135.0,3744.0,2016 Yala.csv,Yala,2016
GALLE,0.0,10.0,1189.0,1199.0,0.0,10.0,1170.0,1180.0,0.0,2657.0,3152.0,3148.0,924.0,2908.0,2016 Yala.csv,Yala,2016
MATARA,2147.0,1538.0,2719.0,6404.0,2094.0,1526.0,2714.0,6334.0,3558.0,3525.0,3953.0,3719.0,5000.0,18597.0,2016 Yala.csv,Yala,2016
HAMBANTOTA,18790.0,3195.0,459.0,22444.0,18537.0,3076.0,429.0,22042.0,5224.0,5825.0,2687.0,5259.0,19258.0,101267.0,2016 Yala.csv,Yala,2016
JAFFNA,0.0,0.0,0.0,0.0,0.0,0.0,0.0,0.0,0.0,0.0,0.0,0.0,0.0,0.0,2016 Yala.csv,Yala,2016
MANNAR,956.0,1460.0,0.0,2416.0,946.0,1054.0,0.0,2000.0,5283.0,3155.0,0.0,4162.0,1910.0,7949.0,2016 Yala.csv,Yala,2016
VAVUNIYA,1123.0,2248.0,0.0,3371.0,1121.0,0.0,0.0,1121.0,4165.0,0.0,0.0,4165.0,1058.0,4405.0,2016 Yala.csv,Yala,2016
MULATIVU,4059.0,1285.0,0.0,5344.0,4059.0,1285.0,0.0,5344.0,4333.0,4185.0,0.0,4297.0,5042.0,21666.0,2016 Yala.csv,Yala,2016
KILLINOCHCHI,2382.0,60.0,0.0,2442.0,2382.0,60.0,0.0,2442.0,4380.0,3606.0,0.0,4360.0,2168.0,9452.0,2016 Yala.csv,Yala,2016
BATTICALOA,22694.0,3483.0,1183.0,27360.0,22694.0,3483.0,1153.0,27330.0,3495.0,3709.0,3836.0,3536.0,24122.0,85305.0,2016 Yala.csv,Yala,2016
AMPARA,60480.0,2125.0,1399.0,64004.0,60479.0,2125.0,1399.0,64003.0,4729.0,5440.0,5337.0,4766.0,61167.0,291520.0,2016 Yala.csv,Yala,2016
TRINCOMALEE,16978.0,3985.0,0.0,20963.0,16978.0,3985.0,0.0,20963.0,4928.0,4754.0,0.0,4895.0,19474.0,95320.0,2016 Yala.csv,Yala,2016
KURUNEGALA,13890.0,22112.0,14188.0,50190.0,13858.0,21614.0,13884.0,49356.0,4524.0,3459.0,2675.0,3537.0,49357.0,174599.0,2016 Yala.csv,Yala,2016
PUTTALAM,6565.0,6901.0,684.0,14150.0,6377.0,6541.0,651.0,13569.0,3633.0,2960.0,3081.0,3282.0,11533.0,37850.0,2016 Yala.csv,Yala,2016
ANURADHAPURA,19143.0,19538.0,20.0,38701.0,19085.0,19118.0,20.0,38223.0,4380.0,4208.0,5855.0,4295.0,30735.0,131995.0,2016 Yala.csv,Yala,2016
POLONNARUWA,51258.0,5006.0,0.0,56264.0,51239.0,5006.0,0.0,56245.0,5029.0,5240.0,0.0,5047.0,49754.0,251131.0,2016 Yala.csv,Yala,2016
BADULLA,8539.0,4123.0,17.0,12679.0,8539.0,4123.0,17.0,12679.0,4785.0,3656.0,2573.0,4415.0,10778.0,47583.0,2016 Yala.csv,Yala,2016
MONARAGALA,6156.0,2998.0,251.0,9405.0,6156.0,2985.0,243.0,9384.0,4503.0,4153.0,3400.0,4363.0,9196.0,40121.0,2016 Yala.csv,Yala,2016
RATNAPURA,1760.0,3596.0,849.0,6205.0,1741.0,3556.0,835.0,6132.0,5083.0,3992.0,3039.0,4172.0,5212.0,21745.0,2016 Yala.csv,Yala,2016
KEGALLE,0.0,700.0,1762.0,2462.0,0.0,686.0,1732.0,2418.0,0.0,3416.0,3323.0,3349.0,2266.0,7588.0,2016 Yala.csv,Yala,2016
UDA_WALAWE,10588.0,0.0,0.0,10588.0,10588.0,0.0,0.0,10588.0,6365.0,0.0,0.0,6365.0,10376.0,66042.0,2016 Yala.csv,Yala,2016
MAHAWELI_H,6627.0,0.0,0.0,6627.0,6627.0,0.0,0.0,6627.0,5111.0,0.0,0.0,5111.0,5943.0,30374.0,2016 Yala.csv,Yala,2016
COLOMBO,48.0,506.0,1688.0,2242.0,48.0,506.0,1687.0,2241.0,3527.0,3479.0,3422.0,3437.0,1905.0,6546.0,2016-2017 Maha.csv,Maha,2016-2017
GAMPAHA,1418.0,2561.0,3953.0,7932.0,735.0,1715.0,2548.0,4998.0,2266.0,3479.0,3556.0,3340.0,4248.0,14187.0,2016-2017 Maha.csv,Maha,2016-2017
KALUTARA,98.0,1386.0,7354.0,8838.0,98.0,1384.0,7352.0,8834.0,3061.0,3481.0,3588.0,3565.0,8149.0,29051.0,2016-2017 Maha.csv,Maha,2016-2017
KANDY,3548.0,3618.0,1394.0,8560.0,3536.0,3540.0,1224.0,8300.0,5142.0,4054.0,3105.0,4377.0,6563.0,28730.0,2016-2017 Maha.csv,Maha,2016-2017
MATALE,4818.0,2792.0,1739.0,9349.0,4608.0,2571.0,869.0,8048.0,4807.0,4200.0,3974.0,4523.0,7237.0,32734.0,2016-2017 Maha.csv,Maha,2016-2017
NUWARAELIYA,995.0,3316.0,11.0,4322.0,995.0,3316.0,11.0,4322.0,3631.0,3977.0,3893.0,3897.0,2435.0,9490.0,2016-2017 Maha.csv,Maha,2016-2017
GALLE,66.0,263.0,7789.0,8118.0,66.0,244.0,7777.0,8087.0,3477.0,3481.0,3546.0,3543.0,6328.0,22423.0,2016-2017 Maha.csv,Maha,2016-2017
MATARA,3411.0,2823.0,5345.0,11579.0,3380.0,2817.0,5312.0,11509.0,4767.0,4687.0,4413.0,4584.0,9087.0,41652.0,2016-2017 Maha.csv,Maha,2016-2017
HAMBANTOTA,17858.0,3161.0,992.0,22011.0,17703.0,3084.0,963.0,21750.0,5387.0,4943.0,3787.0,5253.0,19003.0,99825.0,2016-2017 Maha.csv,Maha,2016-2017
JAFFNA,0.0,0.0,10049.0,10049.0,0.0,0.0,1830.0,1830.0,0.0,0.0,2021.0,2021.0,1624.0,3283.0,2016-2017 Maha.csv,Maha,2016-2017
MANNAR,11586.0,2949.0,30.0,14565.0,11211.0,2652.0,0.0,13863.0,4543.0,2968.0,0.0,4242.0,13236.0,56149.0,2016-2017 Maha.csv,Maha,2016-2017
VAVUNIYA,2845.0,6854.0,1316.0,11015.0,2622.0,2640.0,139.0,5401.0,4395.0,4307.0,3688.0,4334.0,5095.0,22083.0,2016-2017 Maha.csv,Maha,2016-2017
MULATIVU,7226.0,4504.0,3932.0,15662.0,3594.0,1316.0,857.0,5767.0,3231.0,2166.0,3020.0,2957.0,5441.0,16087.0,2016-2017 Maha.csv,Maha,2016-2017
KILLINOCHCHI,11352.0,434.0,13170.0,24956.0,9838.0,304.0,4921.0,15063.0,4106.0,3331.0,3778.0,3983.0,13366.0,53241.0,2016-2017 Maha.csv,Maha,2016-2017
BATTICALOA,20104.0,3397.0,39335.0,62836.0,17788.0,2609.0,16469.0,36866.0,3078.0,2709.0,1880.0,2516.0,32537.0,81878.0,2016-2017 Maha.csv,Maha,2016-2017
AMPARA*,62222.0,3667.0,15569.0,81458.0,59214.0,1507.0,7016.0,67737.0,5074.0,3226.0,2681.0,4785.0,64736.0,309733.0,2016-2017 Maha.csv,Maha,2016-2017
TRINCOMALEE,16131.0,5753.0,7352.0,29236.0,15127.0,2601.0,647.0,18375.0,4579.0,3307.0,3380.0,4356.0,17071.0,74365.0,2016-2017 Maha.csv,Maha,2016-2017
KURUNEGALA,10235.0,17599.0,18954.0,46788.0,8180.0,6933.0,3368.0,18481.0,5014.0,4061.0,4373.0,4540.0,18481.0,83898.0,2016-2017 Maha.csv,Maha,2016-2017
PUTTALAM,4678.0,5356.0,1502.0,11536.0,3961.0,2273.0,543.0,6777.0,4005.0,3022.0,3380.0,3625.0,5761.0,20885.0,2016-2017 Maha.csv,Maha,2016-2017
ANURADHAPURA,12610.0,15784.0,9459.0,37853.0,11643.0,7704.0,389.0,19736.0,4827.0,4295.0,4248.0,4608.0,15870.0,73127.0,2016-2017 Maha.csv,Maha,2016-2017
POLONNARUWA*,43672.0,5175.0,774.0,49621.0,42034.0,5175.0,573.0,47782.0,5198.0,4271.0,3747.0,5080.0,42268.0,214722.0,2016-2017 Maha.csv,Maha,2016-2017
BADULLA,9914.0,6955.0,2924.0,19793.0,9793.0,6811.0,1405.0,18009.0,4936.0,4072.0,2265.0,4401.0,15308.0,67366.0,2016-2017 Maha.csv,Maha,2016-2017
MONARAGALA,6135.0,6546.0,12999.0,25680.0,5974.0,4900.0,1751.0,12625.0,4589.0,3437.0,3007.0,3922.0,12371.0,48526.0,2016-2017 Maha.csv,Maha,2016-2017
RATNAPURA,1853.0,4370.0,1732.0,7955.0,1851.0,4247.0,1651.0,7749.0,4978.0,3471.0,2843.0,3697.0,6587.0,24353.0,2016-2017 Maha.csv,Maha,2016-2017
KEGALLE,0.0,1168.0,2523.0,3691.0,0.0,686.0,1159.0,1845.0,0.0,4057.0,3960.0,3996.0,1728.0,6906.0,2016-2017 Maha.csv,Maha,2016-2017
UDA_WALAWE,1206.0,0.0,0.0,1206.0,1206.0,0.0,0.0,1206.0,5085.0,0.0,0.0,5085.0,1182.0,6010.0,2016-2017 Maha.csv,Maha,2016-2017
MAHAWELI_H,5705.0,0.0,0.0,5705.0,5655.0,0.0,0.0,5655.0,5241.0,0.0,0.0,5241.0,5072.0,26582.0,2016-2017 Maha.csv,Maha,2016-2017
COLOMBO,24.0,224.0,698.0,946.0,23.0,218.0,667.0,908.0,2584.0,2627.0,2755.0,2720.0,772.0,2099.0,2017 Yala.csv,Yala,2017
GAMPAHA,887.0,656.0,1185.0,2728.0,830.0,598.0,1168.0,2596.0,3368.0,2621.0,2203.0,2672.0,2206.0,5895.0,2017 Yala.csv,Yala,2017
KALUTARA,102.0,974.0,4709.0,5785.0,102.0,941.0,4592.0,5635.0,3123.0,3065.0,3263.0,3228.0,5199.0,16778.0,2017 Yala.csv,Yala,2017
KANDY,3645.0,1979.0,653.0,6277.0,3645.0,1943.0,631.0,6219.0,5013.0,3084.0,2559.0,4162.0,4918.0,20468.0,2017 Yala.csv,Yala,2017
MATALE,3520.0,1732.0,205.0,5457.0,3339.0,1628.0,171.0,5138.0,4435.0,4054.0,3319.0,4277.0,4620.0,19762.0,2017 Yala.csv,Yala,2017
NUWARAELIYA,279.0,862.0,1.0,1142.0,279.0,862.0,1.0,1142.0,4152.0,3447.0,2654.0,3619.0,644.0,2329.0,2017 Yala.csv,Yala,2017
GALLE,0.0,102.0,4817.0,4919.0,0.0,98.0,4752.0,4850.0,0.0,2692.0,2443.0,2448.0,3795.0,9291.0,2017 Yala.csv,Yala,2017
MATARA,3626.0,2885.0,5410.0,11921.0,3554.0,2836.0,5246.0,11636.0,3841.0,3333.0,3340.0,3491.0,9188.0,32078.0,2017 Yala.csv,Yala,2017
HAMBANTOTA,17090.0,3155.0,722.0,20967.0,16940.0,3118.0,714.0,20772.0,5667.0,4130.0,3073.0,5348.0,18149.0,97050.0,2017 Yala.csv,Yala,2017
JAFFNA,0.0,0.0,0.0,0.0,0.0,0.0,0.0,0.0,0.0,0.0,0.0,0.0,0.0,0.0,2017 Yala.csv,Yala,2017
MANNAR,0.0,101.0,0.0,101.0,0.0,101.0,0.0,101.0,0.0,2839.0,0.0,2839.0,97.0,274.0,2017 Yala.csv,Yala,2017
VAVUNIYA,159.0,328.0,0.0,487.0,159.0,312.0,0.0,471.0,5321.0,3871.0,0.0,4361.0,445.0,1940.0,2017 Yala.csv,Yala,2017
MULATIVU,747.0,187.0,0.0,934.0,747.0,158.0,0.0,905.0,3195.0,3273.0,0.0,3209.0,855.0,2742.0,2017 Yala.csv,Yala,2017
KILLINOCHCHI,1365.0,64.0,0.0,1429.0,1287.0,64.0,0.0,1351.0,3992.0,4289.0,0.0,4006.0,1198.0,4801.0,2017 Yala.csv,Yala,2017
BATTICALOA,19696.0,3312.0,1203.0,24211.0,19024.0,2706.0,481.0,22211.0,3294.0,4296.0,4006.0,3431.0,19603.0,67263.0,2017 Yala.csv,Yala,2017
AMPARA,43832.0,2255.0,215.0,46302.0,43501.0,2221.0,215.0,45937.0,4279.0,3773.0,3629.0,4251.0,43902.0,186647.0,2017 Yala.csv,Yala,2017
TRINCOMALEE,8031.0,946.0,0.0,8977.0,7982.0,908.0,0.0,8890.0,4861.0,4691.0,0.0,4843.0,8259.0,40002.0,2017 Yala.csv,Yala,2017
KURUNEGALA,4675.0,4031.0,7118.0,15824.0,4607.0,2395.0,2726.0,9728.0,4954.0,2812.0,3219.0,3940.0,9728.0,38332.0,2017 Yala.csv,Yala,2017
PUTTALAM,1161.0,980.0,322.0,2463.0,761.0,84.0,136.0,981.0,3731.0,5025.0,5048.0,4024.0,834.0,3356.0,2017 Yala.csv,Yala,2017
ANURADHAPURA,5833.0,2410.0,282.0,8525.0,5726.0,2274.0,272.0,8272.0,4230.0,3116.0,3782.0,3909.0,6652.0,26004.0,2017 Yala.csv,Yala,2017
POLONNARUWA,36736.0,4138.0,8.0,40882.0,36363.0,3861.0,4.0,40228.0,4943.0,4275.0,2855.0,4878.0,35585.0,173595.0,2017 Yala.csv,Yala,2017
BADULLA,5122.0,3535.0,11.0,8668.0,5121.0,3529.0,11.0,8661.0,4822.0,3877.0,2886.0,4434.0,7363.0,32648.0,2017 Yala.csv,Yala,2017
MONARAGALA,6046.0,3605.0,249.0,9900.0,6045.0,3517.0,165.0,9727.0,4891.0,3920.0,2604.0,4502.0,9532.0,42911.0,2017 Yala.csv,Yala,2017
RATNAPURA,1857.0,3532.0,681.0,6070.0,1846.0,3471.0,643.0,5960.0,3167.0,3418.0,2733.0,3267.0,5066.0,16549.0,2017 Yala.csv,Yala,2017
KEGALLE,0.0,544.0,1132.0,1676.0,0.0,535.0,1125.0,1660.0,0.0,2701.0,2951.0,2871.0,1555.0,4463.0,2017 Yala.csv,Yala,2017
UDA_WALAWE,6225.0,0.0,0.0,6225.0,6225.0,0.0,0.0,6225.0,5770.0,0.0,0.0,5770.0,6101.0,35202.0,2017 Yala.csv,Yala,2017
MAHAWELI_H,6307.0,0.0,0.0,6307.0,6275.0,0.0,0.0,6275.0,4770.0,0.0,0.0,4770.0,5627.0,26842.0,2017 Yala.csv,Yala,2017
COLOMBO,296.0,760.0,2127.0,3183.0,296.0,760.0,2127.0,3183.0,3487.0,3245.0,3529.0,3458.0,2705.0,9354.0,2017-2018 Maha.csv,Maha,2017-2018
GAMPAHA,1549.0,3505.0,5594.0,10648.0,1469.0,3485.0,5562.0,10516.0,3931.0,4177.0,3495.0,3782.0,8939.0,33805.0,2017-2018 Maha.csv,Maha,2017-2018
KALUTARA,143.0,1412.0,9529.0,11084.0,143.0,1410.0,9486.0,11039.0,3532.0,3497.0,3325.0,3349.0,10184.0,34107.0,2017-2018 Maha.csv,Maha,2017-2018
KANDY,4214.0,4825.0,1996.0,11035.0,4214.0,4802.0,1826.0,10842.0,4714.0,3484.0,2824.0,3851.0,8574.0,33019.0,2017-2018 Maha.csv,Maha,2017-2018
MATALE,6944.0,6421.0,3515.0,16880.0,6900.0,6179.0,2887.0,15966.0,4268.0,5165.0,4685.0,4690.0,14359.0,67348.0,2017-2018 Maha.csv,Maha,2017-2018
NUWARAELIYA,851.0,3825.0,29.0,4705.0,851.0,3824.0,29.0,4704.0,4034.0,3276.0,3978.0,3417.0,2651.0,9058.0,2017-2018 Maha.csv,Maha,2017-2018
GALLE,201.0,2126.0,8448.0,10775.0,201.0,2126.0,8398.0,10725.0,3319.0,2458.0,3111.0,2986.0,8393.0,25059.0,2017-2018 Maha.csv,Maha,2017-2018
MATARA,4091.0,3233.0,6164.0,13488.0,4087.0,3210.0,6150.0,13447.0,4152.0,3617.0,3678.0,3808.0,10617.0,40425.0,2017-2018 Maha.csv,Maha,2017-2018
HAMBANTOTA,27585.0,5851.0,1259.0,34695.0,27585.0,5851.0,1259.0,34695.0,5956.0,5479.0,3115.0,5773.0,30313.0,174989.0,2017-2018 Maha.csv,Maha,2017-2018
JAFFNA,0.0,0.0,10424.0,10424.0,0.0,0.0,8964.0,8964.0,0.0,0.0,2055.0,2055.0,7955.0,16345.0,2017-2018 Maha.csv,Maha,2017-2018
MANNAR,15368.0,3958.0,79.0,19405.0,14512.0,3665.0,48.0,18225.0,4722.0,3565.0,3544.0,4487.0,17401.0,78071.0,2017-2018 Maha.csv,Maha,2017-2018
VAVUNIYA,2491.0,8588.0,1826.0,12905.0,2412.0,5941.0,450.0,8803.0,4396.0,4133.0,4488.0,4223.0,8305.0,35071.0,2017-2018 Maha.csv,Maha,2017-2018
MULATIVU,7902.0,4757.0,7126.0,19785.0,6560.0,3809.0,4342.0,14711.0,4643.0,3406.0,3425.0,3963.0,13879.0,55005.0,2017-2018 Maha.csv,Maha,2017-2018
KILLINOCHCHI,11418.0,553.0,14789.0,26760.0,11407.0,553.0,12508.0,24468.0,4536.0,4566.0,3903.0,4213.0,21713.0,91484.0,2017-2018 Maha.csv,Maha,2017-2018
BATTICALOA,22656.0,3625.0,38515.0,64796.0,22656.0,3625.0,38515.0,64796.0,3838.0,3062.0,2670.0,3100.0,57189.0,177289.0,2017-2018 Maha.csv,Maha,2017-2018
AMPARA,61028.0,4582.0,15683.0,81293.0,60974.0,4392.0,10958.0,76324.0,4803.0,3296.0,3730.0,4562.0,72943.0,332767.0,2017-2018 Maha.csv,Maha,2017-2018
TRINCOMALEE,20463.0,8040.0,10449.0,38952.0,20463.0,7626.0,9918.0,38007.0,4895.0,3104.0,3162.0,4083.0,35308.0,144171.0,2017-2018 Maha.csv,Maha,2017-2018
KURUNEGALA,11791.0,16442.0,19383.0,47616.0,11691.0,13914.0,16936.0,42541.0,5324.0,4466.0,3754.0,4418.0,42541.0,187951.0,2017-2018 Maha.csv,Maha,2017-2018
PUTTALAM,2093.0,2996.0,791.0,5880.0,2051.0,2588.0,540.0,5179.0,3806.0,4517.0,3821.0,4163.0,4402.0,18322.0,2017-2018 Maha.csv,Maha,2017-2018
ANURADHAPURA,23519.0,28352.0,7687.0,59558.0,23051.0,21436.0,3214.0,47701.0,4942.0,3996.0,3416.0,4414.0,38357.0,169316.0,2017-2018 Maha.csv,Maha,2017-2018
POLONNARUWA,54997.0,7572.0,2834.0,65403.0,54515.0,7371.0,2791.0,64677.0,5055.0,3688.0,3850.0,4848.0,57214.0,277349.0,2017-2018 Maha.csv,Maha,2017-2018
BADULLA,5908.0,9628.0,4716.0,20252.0,5906.0,9600.0,4008.0,19514.0,5199.0,4114.0,3616.0,4340.0,16587.0,71989.0,2017-2018 Maha.csv,Maha,2017-2018
MONARAGALA,9104.0,10439.0,16830.0,36373.0,9086.0,10069.0,10572.0,29727.0,4984.0,4281.0,3234.0,4123.0,29131.0,120120.0,2017-2018 Maha.csv,Maha,2017-2018
RATNAPURA,2102.0,5369.0,2529.0,10000.0,2102.0,5345.0,2509.0,9956.0,4289.0,3542.0,2825.0,3519.0,8462.0,29775.0,2017-2018 Maha.csv,Maha,2017-2018
KEGALLE,0.0,1757.0,4036.0,5793.0,0.0,1744.0,3980.0,5724.0,0.0,4301.0,4403.0,4372.0,5363.0,23443.0,2017-2018 Maha.csv,Maha,2017-2018
UDA_WALAWE,10492.0,0.0,0.0,10492.0,10492.0,0.0,0.0,10492.0,6355.0,0.0,0.0,6355.0,10282.0,65345.0,2017-2018 Maha.csv,Maha,2017-2018
MAHAWELI,15011.0,0.0,0.0,15011.0,15002.0,0.0,0.0,15002.0,5645.0,0.0,0.0,5645.0,13454.0,75949.0,2017-2018 Maha.csv,Maha,2017-2018
COLOMBO,130.0,202.0,843.0,1175.0,130.0,202.0,842.0,1174.0,2724.0,3481.0,3289.0,3259.0,997.0,3250.0,2018 Yala.csv,Yala,2018
GAMPAHA,1383.0,2102.0,2678.0,6163.0,1244.0,2004.0,2518.0,5766.0,3193.0,2532.0,3759.0,3210.0,4901.0,15735.0,2018 Yala.csv,Yala,2018
KALUTARA,96.0,891.0,5191.0,6178.0,96.0,887.0,5125.0,6108.0,3271.0,3098.0,3019.0,3034.0,5634.0,17096.0,2018 Yala.csv,Yala,2018
KANDY,2214.0,2666.0,1509.0,6389.0,2213.0,2630.0,1489.0,6332.0,5247.0,3672.0,3564.0,4197.0,5007.0,21014.0,2018 Yala.csv,Yala,2018
MATALE,3760.0,3591.0,616.0,7967.0,3753.0,3458.0,502.0,7713.0,4788.0,4510.0,3209.0,4561.0,6936.0,31633.0,2018 Yala.csv,Yala,2018
NUWARAELIYA,488.0,2027.0,7.0,2522.0,487.0,2012.0,6.0,2505.0,4317.0,3977.0,3007.0,4041.0,1411.0,5703.0,2018 Yala.csv,Yala,2018
GALLE,6.0,767.0,3172.0,3945.0,6.0,766.0,3172.0,3944.0,2708.0,3275.0,3188.0,3204.0,3087.0,9893.0,2018 Yala.csv,Yala,2018
MATARA,3996.0,2972.0,5255.0,12223.0,3965.0,2945.0,5152.0,12062.0,4717.0,3399.0,3478.0,3866.0,9523.0,36814.0,2018 Yala.csv,Yala,2018
HAMBANTOTA,18959.0,4632.0,1180.0,24771.0,18919.0,4596.0,1180.0,24695.0,6735.0,5113.0,2948.0,6252.0,21577.0,134904.0,2018 Yala.csv,Yala,2018
JAFFNA,0.0,0.0,0.0,0.0,0.0,0.0,0.0,0.0,0.0,0.0,0.0,0.0,0.0,0.0,2018 Yala.csv,Yala,2018
MANNAR,479.0,0.0,0.0,479.0,479.0,0.0,0.0,479.0,4777.0,0.0,0.0,4777.0,457.0,2185.0,2018 Yala.csv,Yala,2018
VAVUNIYA,293.0,157.0,0.0,450.0,283.0,126.0,0.0,409.0,4045.0,3994.0,0.0,4029.0,386.0,1557.0,2018 Yala.csv,Yala,2018
MULATIVU,1235.0,400.0,0.0,1635.0,1235.0,400.0,0.0,1635.0,4116.0,4257.0,0.0,4151.0,1543.0,6403.0,2018 Yala.csv,Yala,2018
KILLINOCHCHI,948.0,0.0,0.0,948.0,948.0,0.0,0.0,948.0,4773.0,0.0,0.0,4773.0,841.0,4016.0,2018 Yala.csv,Yala,2018
BATTICALOA,19159.0,4498.0,1998.0,25655.0,19159.0,4498.0,1998.0,25655.0,4338.0,3555.0,3099.0,4104.0,22643.0,92926.0,2018 Yala.csv,Yala,2018
AMPARA,41981.0,1912.0,369.0,44262.0,39658.0,1900.0,369.0,41927.0,4878.0,4256.0,3769.0,4840.0,40070.0,193924.0,2018 Yala.csv,Yala,2018
TRINCOMALEE,17291.0,3054.0,8.0,20353.0,17291.0,3054.0,8.0,20353.0,5100.0,4399.0,3259.0,4994.0,18909.0,94434.0,2018 Yala.csv,Yala,2018
KURUNEGALA,11239.0,21515.0,17507.0,50261.0,10916.0,19355.0,16559.0,46830.0,5208.0,3663.0,3311.0,3899.0,46830.0,182575.0,2018 Yala.csv,Yala,2018
PUTTALAM,5352.0,6870.0,779.0,13001.0,5182.0,6234.0,665.0,12081.0,4634.0,4504.0,3848.0,4524.0,10269.0,46454.0,2018 Yala.csv,Yala,2018
ANURADHAPURA,15434.0,5666.0,141.0,21241.0,15213.0,4916.0,121.0,20250.0,5696.0,3957.0,3831.0,5262.0,16283.0,85691.0,2018 Yala.csv,Yala,2018
POLONNARUWA,55651.0,5907.0,1.0,61559.0,54192.0,5672.0,1.0,59865.0,5080.0,4974.0,3777.0,5070.0,52957.0,268472.0,2018 Yala.csv,Yala,2018
BADULLA,7364.0,3414.0,32.0,10810.0,7364.0,3403.0,32.0,10799.0,4953.0,4078.0,3395.0,4673.0,9179.0,42893.0,2018 Yala.csv,Yala,2018
MONARAGALA,6044.0,6065.0,711.0,12820.0,5901.0,6009.0,668.0,12578.0,3872.0,3678.0,2070.0,3684.0,12326.0,45405.0,2018 Yala.csv,Yala,2018
RATNAPURA,2040.0,4163.0,1090.0,7293.0,2040.0,4146.0,1079.0,7265.0,4393.0,4107.0,3130.0,4042.0,6176.0,24963.0,2018 Yala.csv,Yala,2018
KEGALLE,0.0,1387.0,3276.0,4663.0,0.0,1377.0,3245.0,4622.0,0.0,3267.0,3063.0,3124.0,4330.0,13527.0,2018 Yala.csv,Yala,2018
UDA_WALAWE,10518.0,0.0,0.0,10518.0,10518.0,0.0,0.0,10518.0,6560.0,0.0,0.0,6560.0,10307.0,67617.0,2018 Yala.csv,Yala,2018
MAHAWELI_H,16482.0,0.0,0.0,16482.0,16453.0,0.0,0.0,16453.0,5681.0,0.0,0.0,5681.0,14755.0,83821.0,2018 Yala.csv,Yala,2018
COLOMBO,306.0,718.0,2208.0,3232.0,306.0,718.0,2208.0,3232.0,3899.0,3576.0,3433.0,3509.0,2747.0,9638.0,2018-2019 Maha.csv,Maha,2018-2019
GAMPAHA,1589.0,3378.0,5377.0,10344.0,1577.0,3278.0,5236.0,10091.0,3401.0,3681.0,3835.0,3717.0,8577.0,31882.0,2018-2019 Maha.csv,Maha,2018-2019
KALUTARA,115.0,1347.0,8835.0,10297.0,115.0,1346.0,8831.0,10292.0,3842.0,3546.0,3654.0,3642.0,9494.0,34573.0,2018-2019 Maha.csv,Maha,2018-2019
KANDY,4244.0,4805.0,2063.0,11112.0,4244.0,4779.0,2049.0,11072.0,5218.0,3640.0,3880.0,4289.0,8755.0,37554.0,2018-2019 Maha.csv,Maha,2018-2019
MATALE,7195.0,7604.0,4316.0,19115.0,7192.0,7521.0,4134.0,18847.0,5666.0,5301.0,4477.0,5260.0,16950.0,89147.0,2018-2019 Maha.csv,Maha,2018-2019
NUWARAELIYA,843.0,3799.0,18.0,4660.0,843.0,3799.0,18.0,4660.0,4601.0,5090.0,4231.0,4998.0,2626.0,13124.0,2018-2019 Maha.csv,Maha,2018-2019
GALLE,197.0,1509.0,6607.0,8313.0,196.0,1509.0,6603.0,8308.0,4050.0,2751.0,3336.0,3247.0,6502.0,21112.0,2018-2019 Maha.csv,Maha,2018-2019
MATARA,4078.0,3071.0,5801.0,12950.0,4005.0,3058.0,5738.0,12801.0,4602.0,4019.0,3927.0,4160.0,10106.0,42043.0,2018-2019 Maha.csv,Maha,2018-2019
HAMBANTOTA,27269.0,5637.0,1258.0,34164.0,27269.0,5614.0,1258.0,34141.0,6804.0,6210.0,4507.0,6622.0,29829.0,197527.0,2018-2019 Maha.csv,Maha,2018-2019
JAFFNA,0.0,0.0,10588.0,10588.0,0.0,0.0,10171.0,10171.0,0.0,0.0,4224.0,4224.0,9026.0,38123.0,2018-2019 Maha.csv,Maha,2018-2019
MANNAR,15281.0,3907.0,79.0,19267.0,15281.0,3907.0,79.0,19267.0,5115.0,5128.0,3828.0,5112.0,18396.0,94045.0,2018-2019 Maha.csv,Maha,2018-2019
VAVUNIYA,4376.0,12326.0,2505.0,19207.0,4362.0,11560.0,2374.0,18296.0,5583.0,5683.0,5180.0,5594.0,17262.0,96567.0,2018-2019 Maha.csv,Maha,2018-2019
MULATIVU,6954.0,4242.0,5421.0,16617.0,5210.0,2907.0,2861.0,10978.0,5121.0,5287.0,4162.0,4915.0,10357.0,50907.0,2018-2019 Maha.csv,Maha,2018-2019
KILLINOCHCHI,11418.0,553.0,14794.0,26765.0,11258.0,521.0,14389.0,26168.0,4457.0,3866.0,2917.0,3599.0,23221.0,83563.0,2018-2019 Maha.csv,Maha,2018-2019
BATTICALOA,24554.0,3841.0,38819.0,67214.0,24554.0,3841.0,38819.0,67214.0,3450.0,3474.0,3025.0,3206.0,59323.0,190167.0,2018-2019 Maha.csv,Maha,2018-2019
AMPARA,60032.0,4533.0,15417.0,79982.0,59903.0,4452.0,12005.0,76360.0,5248.0,4502.0,4138.0,5030.0,72976.0,367085.0,2018-2019 Maha.csv,Maha,2018-2019
TRINCOMALEE,20243.0,7642.0,10702.0,38587.0,20243.0,7642.0,10583.0,38468.0,4681.0,4351.0,3320.0,4241.0,35737.0,151555.0,2018-2019 Maha.csv,Maha,2018-2019
KURUNEGALA,17944.0,36159.0,26267.0,80370.0,17937.0,35999.0,26139.0,80075.0,5660.0,4485.0,4370.0,4711.0,80076.0,377199.0,2018-2019 Maha.csv,Maha,2018-2019
PUTTALAM,7899.0,10857.0,1925.0,20681.0,7870.0,10720.0,1803.0,20393.0,4877.0,4486.0,3891.0,4584.0,17334.0,79462.0,2018-2019 Maha.csv,Maha,2018-2019
ANURADHAPURA,53254.0,45673.0,10886.0,109813.0,53188.0,45386.0,10680.0,109254.0,5889.0,5142.0,4207.0,5414.0,87851.0,475637.0,2018-2019 Maha.csv,Maha,2018-2019
POLONNARUWA,56720.0,6831.0,2419.0,65970.0,56679.0,6827.0,1682.0,65188.0,5083.0,5067.0,4840.0,5075.0,57666.0,292645.0,2018-2019 Maha.csv,Maha,2018-2019
BADULLA,10757.0,9572.0,5341.0,25670.0,10755.0,9534.0,5326.0,25615.0,5030.0,4545.0,4350.0,4708.0,21773.0,102511.0,2018-2019 Maha.csv,Maha,2018-2019
MONARAGALA,8893.0,10615.0,16536.0,36044.0,7050.0,9073.0,10057.0,26180.0,6515.0,4768.0,3915.0,4911.0,25656.0,125995.0,2018-2019 Maha.csv,Maha,2018-2019
RATNAPURA,3809.0,5029.0,2337.0,11175.0,3804.0,5022.0,2333.0,11159.0,5728.0,4290.0,3850.0,4688.0,9486.0,44475.0,2018-2019 Maha.csv,Maha,2018-2019
KEGALLE,0.0,1776.0,4114.0,5890.0,0.0,1776.0,4114.0,5890.0,0.0,4551.0,4794.0,4721.0,5517.0,26045.0,2018-2019 Maha.csv,Maha,2018-2019
COLOMBO,103.0,129.0,660.0,892.0,91.0,120.0,577.0,788.0,3534.0,3628.0,2872.0,3064.0,670.0,2054.0,2019 Yala.csv,Yala,2019
GAMPAHA,1341.0,1917.0,2242.0,5500.0,738.0,1496.0,1949.0,4183.0,4031.0,2957.0,3178.0,3250.0,3556.0,11555.0,2019 Yala.csv,Yala,2019
KALUTARA,98.0,817.0,4161.0,5076.0,98.0,762.0,3882.0,4742.0,3075.0,2926.0,2838.0,2857.0,4375.0,12502.0,2019 Yala.csv,Yala,2019
KANDY,3647.0,1488.0,723.0,5858.0,3647.0,1465.0,705.0,5817.0,3428.0,3060.0,3953.0,3399.0,4599.0,15632.0,2019 Yala.csv,Yala,2019
MATALE,3390.0,990.0,241.0,4621.0,3366.0,922.0,204.0,4492.0,5524.0,4572.0,3996.0,5259.0,4040.0,21247.0,2019 Yala.csv,Yala,2019
NUWARAELIYA,263.0,1224.0,0.0,1487.0,263.0,1224.0,0.0,1487.0,2390.0,2784.0,0.0,2715.0,838.0,2274.0,2019 Yala.csv,Yala,2019
GALLE,20.0,537.0,2776.0,3333.0,15.0,380.0,2275.0,2670.0,2672.0,3199.0,2983.0,3012.0,2090.0,6295.0,2019 Yala.csv,Yala,2019
MATARA,3876.0,2804.0,4626.0,11306.0,2806.0,2098.0,3846.0,8750.0,3577.0,3048.0,3100.0,3240.0,6908.0,22383.0,2019 Yala.csv,Yala,2019
HAMBANTOTA,27955.0,3974.0,773.0,32702.0,27645.0,3858.0,692.0,32195.0,5877.0,5019.0,3632.0,5726.0,28129.0,161070.0,2019 Yala.csv,Yala,2019
JAFFNA,0.0,0.0,0.0,0.0,0.0,0.0,0.0,0.0,0.0,0.0,0.0,0.0,0.0,0.0,2019 Yala.csv,Yala,2019
MANNAR,909.0,16.0,0.0,925.0,902.0,13.0,0.0,915.0,5527.0,4634.0,0.0,5514.0,873.0,4815.0,2019 Yala.csv,Yala,2019
VAVUNIYA,1514.0,850.0,0.0,2364.0,1509.0,809.0,0.0,2318.0,5662.0,4807.0,0.0,5363.0,2187.0,11730.0,2019 Yala.csv,Yala,2019
MULATIVU,4581.0,713.0,0.0,5294.0,4581.0,681.0,0.0,5262.0,5116.0,4846.0,0.0,5081.0,4965.0,25228.0,2019 Yala.csv,Yala,2019
KILLINOCHCHI,9469.0,112.0,0.0,9581.0,9469.0,112.0,0.0,9581.0,5183.0,5159.0,0.0,5183.0,8502.0,44063.0,2019 Yala.csv,Yala,2019
BATTICALOA,20773.0,4673.0,1998.0,27444.0,18847.0,3832.0,1826.0,24505.0,3568.0,4538.0,3067.0,3683.0,21627.0,79649.0,2019 Yala.csv,Yala,2019
AMPARA,53948.0,1855.0,252.0,56055.0,53349.0,1524.0,244.0,55117.0,5407.0,4559.0,3989.0,5377.0,52675.0,283226.0,2019 Yala.csv,Yala,2019
TRINCOMALEE,15252.0,3123.0,0.0,18375.0,15252.0,2847.0,0.0,18099.0,5194.0,3823.0,0.0,4978.0,16814.0,83700.0,2019 Yala.csv,Yala,2019
KURUNEGALA,9591.0,15801.0,13756.0,39148.0,9252.0,12749.0,8763.0,30764.0,4716.0,4073.0,3191.0,4015.0,30763.0,123518.0,2019 Yala.csv,Yala,2019
PUTTALAM,5002.0,2864.0,594.0,8460.0,4624.0,2091.0,446.0,7161.0,5632.0,2292.0,2771.0,4479.0,6087.0,27262.0,2019 Yala.csv,Yala,2019
ANURADHAPURA,18936.0,14458.0,18.0,33412.0,18236.0,13837.0,18.0,32091.0,5271.0,4920.0,3870.0,5119.0,25805.0,132103.0,2019 Yala.csv,Yala,2019
POLONNARUWA,56471.0,5153.0,0.0,61624.0,56419.0,5010.0,0.0,61429.0,5522.0,5392.0,0.0,5511.0,54340.0,299468.0,2019 Yala.csv,Yala,2019
BADULLA,8072.0,3171.0,27.0,11270.0,7845.0,3116.0,27.0,10988.0,5471.0,4262.0,2152.0,5120.0,9340.0,47817.0,2019 Yala.csv,Yala,2019
MONARAGALA,7786.0,5940.0,420.0,14146.0,7478.0,5356.0,353.0,13187.0,5549.0,4670.0,2936.0,5122.0,12924.0,66200.0,2019 Yala.csv,Yala,2019
RATNAPURA,3585.0,3159.0,605.0,7349.0,3567.0,3065.0,552.0,7184.0,5665.0,4177.0,3106.0,4834.0,6106.0,29516.0,2019 Yala.csv,Yala,2019
KEGALLE,0.0,728.0,1956.0,2684.0,0.0,638.0,1647.0,2285.0,0.0,3015.0,2831.0,2882.0,2140.0,6168.0,2019 Yala.csv,Yala,2019
COLOMBO,256.0,558.0,2050.0,2864.0,256.0,558.0,2050.0,2864.0,3699.0,3496.0,3506.0,3521.0,2434.0,8571.0,2019-2020 Maha.csv,Maha,2019-2020
GAMPAHA,1544.0,3277.0,4893.0,9714.0,1461.0,3231.0,4871.0,9563.0,4423.0,4156.0,4240.0,4240.0,8128.0,34460.0,2019-2020 Maha.csv,Maha,2019-2020
KALUTARA,107.0,1304.0,8145.0,9556.0,107.0,1303.0,8080.0,9490.0,3644.0,3523.0,3660.0,3641.0,8756.0,31876.0,2019-2020 Maha.csv,Maha,2019-2020
KANDY,4201.0,4797.0,2006.0,11004.0,4200.0,4793.0,2000.0,10993.0,5777.0,3229.0,4432.0,4422.0,8694.0,38440.0,2019-2020 Maha.csv,Maha,2019-2020
MATALE,6877.0,7076.0,4505.0,18458.0,6846.0,7044.0,4496.0,18386.0,5415.0,5162.0,5406.0,5316.0,16534.0,87897.0,2019-2020 Maha.csv,Maha,2019-2020
NUWARAELIYA,420.0,1310.0,5.0,1735.0,420.0,1310.0,5.0,1735.0,3605.0,3607.0,4034.0,3608.0,977.0,3525.0,2019-2020 Maha.csv,Maha,2019-2020
GALLE,205.0,1448.0,6296.0,7949.0,205.0,1448.0,6286.0,7939.0,4000.0,3845.0,4011.0,3980.0,6213.0,24728.0,2019-2020 Maha.csv,Maha,2019-2020
MATARA,3898.0,2767.0,5081.0,11746.0,3855.0,2697.0,5044.0,11596.0,4628.0,3553.0,3498.0,3886.0,9155.0,35581.0,2019-2020 Maha.csv,Maha,2019-2020
HAMBANTOTA,28003.0,5827.0,1148.0,34978.0,27970.0,5821.0,1142.0,34933.0,6568.0,5478.0,3992.0,6302.0,30521.0,192353.0,2019-2020 Maha.csv,Maha,2019-2020
JAFFNA,0.0,0.0,10445.0,10445.0,0.0,0.0,10291.0,10291.0,0.0,0.0,3628.0,3628.0,9132.0,33135.0,2019-2020 Maha.csv,Maha,2019-2020
MANNAR,15289.0,3999.0,79.0,19367.0,15289.0,3999.0,79.0,19367.0,4880.0,4651.0,3447.0,4827.0,18492.0,89263.0,2019-2020 Maha.csv,Maha,2019-2020
VAVUNIYA,4366.0,12406.0,2469.0,19241.0,4360.0,12292.0,2465.0,19117.0,4699.0,5034.0,4982.0,4951.0,18036.0,89294.0,2019-2020 Maha.csv,Maha,2019-2020
MULATIVU,7579.0,4355.0,6325.0,18259.0,7579.0,4355.0,6325.0,18259.0,4711.0,4806.0,4452.0,4644.0,17228.0,80008.0,2019-2020 Maha.csv,Maha,2019-2020
KILLINOCHCHI,12088.0,553.0,14524.0,27165.0,12088.0,553.0,14524.0,27165.0,3778.0,3329.0,4505.0,4158.0,24106.0,100224.0,2019-2020 Maha.csv,Maha,2019-2020
BATTICALOA,24476.0,3811.0,38709.0,66996.0,20161.0,3518.0,37565.0,61244.0,3824.0,4059.0,3735.0,3783.0,54055.0,204489.0,2019-2020 Maha.csv,Maha,2019-2020
AMPARA,59732.0,4448.0,15237.0,79417.0,58060.0,4123.0,14611.0,76794.0,4986.0,3965.0,4107.0,4764.0,73392.0,349626.0,2019-2020 Maha.csv,Maha,2019-2020
TRINCOMALEE,20399.0,6887.0,10999.0,38285.0,20399.0,6887.0,10999.0,38285.0,4752.0,4418.0,3647.0,4375.0,35567.0,155592.0,2019-2020 Maha.csv,Maha,2019-2020
KURUNEGALA,17945.0,37748.0,26785.0,82478.0,17871.0,37501.0,26639.0,82011.0,5733.0,4748.0,4036.0,4732.0,82011.0,388043.0,2019-2020 Maha.csv,Maha,2019-2020
PUTTALAM,7905.0,11022.0,1637.0,20564.0,7359.0,10718.0,1511.0,19588.0,4711.0,4629.0,4526.0,4652.0,16649.0,77449.0,2019-2020 Maha.csv,Maha,2019-2020
ANURADHAPURA,54056.0,52287.0,12559.0,118902.0,53756.0,52058.0,12514.0,118328.0,6215.0,5118.0,4716.0,5574.0,95148.0,530356.0,2019-2020 Maha.csv,Maha,2019-2020
POLONNARUWA,56959.0,7431.0,2626.0,67016.0,56734.0,7326.0,2534.0,66594.0,5341.0,6272.0,4305.0,5404.0,58909.0,318352.0,2019-2020 Maha.csv,Maha,2019-2020
BADULLA,10572.0,9730.0,5339.0,25641.0,10572.0,9730.0,5339.0,25641.0,4501.0,4532.0,3986.0,4405.0,21795.0,96017.0,2019-2020 Maha.csv,Maha,2019-2020
MONARAGALA,8963.0,10888.0,14505.0,34356.0,8619.0,10721.0,14313.0,33653.0,6324.0,4688.0,3955.0,4796.0,32981.0,158159.0,2019-2020 Maha.csv,Maha,2019-2020
RATNAPURA,3904.0,4716.0,2136.0,10756.0,3902.0,4708.0,2127.0,10737.0,6096.0,4781.0,3964.0,5097.0,9127.0,46521.0,2019-2020 Maha.csv,Maha,2019-2020
KEGALLE,0.0,1559.0,3797.0,5356.0,0.0,1553.0,3785.0,5338.0,0.0,4167.0,4718.0,4558.0,5001.0,22793.0,2019-2020 Maha.csv,Maha,2019-2020
COLOMBO,319.0,586.0,2314.0,3219.0,319.0,586.0,2314.0,3219.0,3060.0,4134.0,3095.0,3281.0,2736.0,8976.0,2020 Yala.csv,Yala,2020
GAMPAHA,1768.0,3545.0,5131.0,10444.0,1655.0,3429.0,4916.0,10000.0,3980.0,3491.0,3233.0,3445.0,8500.0,29283.0,2020 Yala.csv,Yala,2020
KALUTARA,167.0,1588.0,9898.0,11653.0,167.0,1571.0,9854.0,11592.0,3643.0,3175.0,3409.0,3380.0,10694.0,36149.0,2020 Yala.csv,Yala,2020
KANDY,3703.0,3059.0,2075.0,8837.0,3700.0,3047.0,2056.0,8803.0,5370.0,3046.0,3374.0,4099.0,6961.0,28536.0,2020 Yala.csv,Yala,2020
MATALE,5076.0,2759.0,386.0,8221.0,5076.0,2751.0,382.0,8209.0,5396.0,4487.0,4169.0,5034.0,7382.0,37161.0,2020 Yala.csv,Yala,2020
NUWARAELIYA,824.0,3579.0,3.0,4406.0,824.0,3579.0,3.0,4406.0,6174.0,4131.0,2439.0,4512.0,2483.0,11201.0,2020 Yala.csv,Yala,2020
GALLE,299.0,2080.0,9172.0,11551.0,293.0,1949.0,8673.0,10915.0,2221.0,3050.0,2810.0,2837.0,8542.0,24233.0,2020 Yala.csv,Yala,2020
MATARA,4348.0,3282.0,6283.0,13913.0,4168.0,3213.0,6118.0,13499.0,3855.0,3491.0,3425.0,3573.0,10658.0,38084.0,2020 Yala.csv,Yala,2020
HAMBANTOTA,28626.0,4574.0,967.0,34167.0,28624.0,4570.0,967.0,34161.0,6207.0,5132.0,3474.0,5986.0,29846.0,178647.0,2020 Yala.csv,Yala,2020
JAFFNA,0.0,0.0,0.0,0.0,0.0,0.0,0.0,0.0,0.0,0.0,0.0,0.0,0.0,0.0,2020 Yala.csv,Yala,2020
MANNAR,1594.0,16.0,0.0,1610.0,1594.0,16.0,0.0,1610.0,5390.0,3543.0,0.0,5372.0,1537.0,8259.0,2020 Yala.csv,Yala,2020
VAVUNIYA,392.0,1077.0,4.0,1473.0,392.0,1076.0,4.0,1472.0,6294.0,5246.0,3124.0,5520.0,1388.0,7663.0,2020 Yala.csv,Yala,2020
MULATIVU,4392.0,1069.0,0.0,5461.0,4392.0,1069.0,0.0,5461.0,5312.0,4468.0,0.0,5147.0,5152.0,26514.0,2020 Yala.csv,Yala,2020
KILLINOCHCHI,9963.0,71.0,0.0,10034.0,9963.0,71.0,0.0,10034.0,5268.0,2695.0,0.0,5250.0,8904.0,46742.0,2020 Yala.csv,Yala,2020
BATTICALOA,22466.0,4491.0,1998.0,28955.0,22466.0,4479.0,1998.0,28943.0,4523.0,4794.0,4774.0,4582.0,25545.0,117059.0,2020 Yala.csv,Yala,2020
AMPARA,58634.0,2253.0,408.0,61295.0,58169.0,2131.0,408.0,60708.0,5017.0,4843.0,3796.0,5003.0,58018.0,290263.0,2020 Yala.csv,Yala,2020
TRINCOMALEE,18500.0,3344.0,268.0,22112.0,18500.0,3344.0,268.0,22112.0,5475.0,4304.0,3010.0,5268.0,20542.0,108222.0,2020 Yala.csv,Yala,2020
KURUNEGALA,13933.0,25135.0,19059.0,58127.0,13894.0,24293.0,18344.0,56531.0,4954.0,4348.0,4039.0,4397.0,56531.0,248546.0,2020 Yala.csv,Yala,2020
PUTTALAM,7067.0,7094.0,1021.0,15182.0,6970.0,6505.0,788.0,14263.0,4818.0,3934.0,3526.0,4343.0,12123.0,52656.0,2020 Yala.csv,Yala,2020
ANURADHAPURA,28235.0,10721.0,378.0,39334.0,28198.0,10685.0,375.0,39258.0,5181.0,4326.0,3828.0,4936.0,31567.0,155805.0,2020 Yala.csv,Yala,2020
POLONNARUWA,56805.0,5568.0,0.0,62373.0,56805.0,5342.0,0.0,62147.0,5238.0,5313.0,0.0,5244.0,54975.0,288314.0,2020 Yala.csv,Yala,2020
BADULLA,7869.0,3782.0,12.0,11663.0,7868.0,3759.0,12.0,11639.0,5317.0,4255.0,4556.0,4973.0,9893.0,49200.0,2020 Yala.csv,Yala,2020
MONARAGALA,7733.0,5943.0,724.0,14400.0,7691.0,5806.0,688.0,14185.0,5294.0,4646.0,3089.0,4922.0,13902.0,68422.0,2020 Yala.csv,Yala,2020
RATNAPURA,3953.0,5188.0,2321.0,11462.0,3931.0,5113.0,2280.0,11324.0,6073.0,3696.0,3109.0,4403.0,9626.0,42382.0,2020 Yala.csv,Yala,2020
KEGALLE,0.0,1749.0,4565.0,6314.0,0.0,1730.0,4522.0,6252.0,0.0,3816.0,3699.0,3731.0,5857.0,21855.0,2020 Yala.csv,Yala,2020
COLOMBO,307.0,727.0,2823.0,3857.0,307.0,727.0,2821.0,3855.0,3602.0,3694.0,3744.0,3723.0,3276.0,12198.0,2020-2021 Maha.csv,Maha,2020-2021
GAMPAHA,1858.0,4062.0,6530.0,12450.0,1841.0,4038.0,6477.0,12356.0,4137.0,3838.0,3587.0,3751.0,10502.0,39390.0,2020-2021 Maha.csv,Maha,2020-2021
KALUTARA,220.0,1681.0,11118.0,13019.0,220.0,1662.0,11028.0,12910.0,3273.0,3340.0,3362.0,3358.0,11910.0,39990.0,2020-2021 Maha.csv,Maha,2020-2021
KANDY,4242.0,5293.0,2651.0,12186.0,4242.0,5292.0,2650.0,12184.0,6162.0,3824.0,4201.0,4720.0,9635.0,45478.0,2020-2021 Maha.csv,Maha,2020-2021
MATALE,7303.0,7225.0,4380.0,18908.0,7301.0,7218.0,4363.0,18882.0,5990.0,5605.0,5237.0,5669.0,16980.0,96263.0,2020-2021 Maha.csv,Maha,2020-2021
NUWARAELIYA,865.0,4004.0,8.0,4877.0,865.0,4004.0,8.0,4877.0,4420.0,5154.0,2872.0,5020.0,2748.0,13798.0,2020-2021 Maha.csv,Maha,2020-2021
GALLE,255.0,2196.0,11060.0,13511.0,248.0,2163.0,10935.0,13346.0,2340.0,3361.0,3435.0,3403.0,10444.0,35538.0,2020-2021 Maha.csv,Maha,2020-2021
MATARA,4312.0,3291.0,6511.0,14114.0,4264.0,3170.0,6495.0,13929.0,3770.0,3716.0,3401.0,3585.0,10997.0,39430.0,2020-2021 Maha.csv,Maha,2020-2021
HAMBANTOTA,28878.0,4886.0,1148.0,34912.0,28878.0,4866.0,1146.0,34890.0,6224.0,4494.0,3197.0,5883.0,30483.0,179336.0,2020-2021 Maha.csv,Maha,2020-2021
JAFFNA,0.0,0.0,11228.0,11228.0,0.0,0.0,8635.0,8635.0,0.0,0.0,2549.0,2549.0,7663.0,19530.0,2020-2021 Maha.csv,Maha,2020-2021
MANNAR,16069.0,4057.0,116.0,20242.0,16062.0,4008.0,74.0,20144.0,5500.0,4177.0,3075.0,5228.0,19234.0,100561.0,2020-2021 Maha.csv,Maha,2020-2021
VAVUNIYA,4412.0,12249.0,2715.0,19376.0,4400.0,12147.0,2715.0,19262.0,4787.0,4105.0,4050.0,4253.0,18174.0,77297.0,2020-2021 Maha.csv,Maha,2020-2021
MULATIVU,7965.0,5315.0,9501.0,22781.0,7928.0,5315.0,9501.0,22744.0,4293.0,5112.0,3770.0,4266.0,21459.0,91546.0,2020-2021 Maha.csv,Maha,2020-2021
KILLINOCHCHI,12171.0,578.0,14609.0,27358.0,12171.0,578.0,14609.0,27358.0,3439.0,3712.0,3542.0,3500.0,24277.0,84963.0,2020-2021 Maha.csv,Maha,2020-2021
BATTICALOA,24514.0,3825.0,38735.0,67074.0,23698.0,3815.0,38117.0,65630.0,3810.0,4134.0,3776.0,3809.0,57925.0,220640.0,2020-2021 Maha.csv,Maha,2020-2021
AMPARA,60673.0,4471.0,16005.0,81149.0,60426.0,4396.0,15110.0,79932.0,4996.0,5083.0,3826.0,4780.0,76391.0,365123.0,2020-2021 Maha.csv,Maha,2020-2021
TRINCOMALEE,21161.0,7530.0,11147.0,39838.0,21161.0,7530.0,11147.0,39838.0,4450.0,4295.0,3839.0,4250.0,37009.0,157272.0,2020-2021 Maha.csv,Maha,2020-2021
KURUNEGALA,17094.0,33418.0,25545.0,76057.0,17078.0,33230.0,25326.0,75634.0,4442.0,3485.0,3704.0,3775.0,75634.0,285481.0,2020-2021 Maha.csv,Maha,2020-2021
PUTTALAM,8077.0,9672.0,1905.0,19654.0,7978.0,9409.0,1847.0,19234.0,4348.0,3218.0,3835.0,3746.0,16348.0,61240.0,2020-2021 Maha.csv,Maha,2020-2021
ANURADHAPURA,51479.0,48058.0,13012.0,112549.0,51406.0,47959.0,13001.0,112366.0,5723.0,4786.0,3773.0,5098.0,90353.0,460585.0,2020-2021 Maha.csv,Maha,2020-2021
POLONNARUWA,57596.0,6526.0,2401.0,66523.0,57596.0,6526.0,2401.0,66523.0,5259.0,5396.0,3811.0,5220.0,58846.0,307190.0,2020-2021 Maha.csv,Maha,2020-2021
BADULLA,10535.0,9081.0,3952.0,23568.0,10535.0,9081.0,3952.0,23568.0,5334.0,4813.0,3699.0,4859.0,20033.0,97344.0,2020-2021 Maha.csv,Maha,2020-2021
MONARAGALA,8815.0,10685.0,15400.0,34900.0,8813.0,10573.0,14828.0,34214.0,5652.0,4536.0,4019.0,4599.0,33530.0,154218.0,2020-2021 Maha.csv,Maha,2020-2021
RATNAPURA,4074.0,6007.0,3277.0,13358.0,4074.0,6000.0,3277.0,13351.0,6033.0,3824.0,3689.0,4465.0,11348.0,50666.0,2020-2021 Maha.csv,Maha,2020-2021
KEGALLE,0.0,1885.0,4866.0,6751.0,0.0,1885.0,4864.0,6749.0,0.0,4099.0,4188.0,4163.0,6322.0,26317.0,2020-2021 Maha.csv,Maha,2020-2021
COLOMBO,286.0,327.0,1908.0,2521.0,253.0,319.0,1776.0,2348.0,2606.0,2795.0,2372.0,2455.0,1996.0,4899.0,2021 Yala.csv,Yala,2021
GAMPAHA,1811.0,2777.0,5366.0,9954.0,1114.0,2442.0,4936.0,8492.0,3389.0,3118.0,2838.0,2991.0,7218.0,21588.0,2021 Yala.csv,Yala,2021
KALUTARA,163.0,1408.0,8195.0,9766.0,162.0,1360.0,7907.0,9429.0,2012.0,2696.0,3130.0,3048.0,8698.0,26515.0,2021 Yala.csv,Yala,2021
KANDY,3936.0,3124.0,2218.0,9278.0,3934.0,3109.0,2213.0,9256.0,2579.0,3077.0,3411.0,2945.0,7320.0,21559.0,2021 Yala.csv,Yala,2021
MATALE,7001.0,4486.0,856.0,12343.0,6997.0,4473.0,855.0,12325.0,5102.0,4063.0,3860.0,4639.0,11084.0,51415.0,2021 Yala.csv,Yala,2021
NUWARAELIYA,490.0,2082.0,1.0,2573.0,490.0,2082.0,1.0,2573.0,4658.0,3745.0,0.0,3917.0,1450.0,5680.0,2021 Yala.csv,Yala,2021
GALLE,100.0,989.0,7459.0,8548.0,97.0,953.0,7276.0,8326.0,2734.0,1894.0,3030.0,2897.0,6515.0,18873.0,2021 Yala.csv,Yala,2021
MATARA,4316.0,3316.0,6450.0,14082.0,4218.0,3250.0,6394.0,13862.0,3977.0,3869.0,3489.0,3727.0,10944.0,40787.0,2021 Yala.csv,Yala,2021
HAMBANTOTA,28735.0,4662.0,1093.0,34490.0,28735.0,4662.0,1093.0,34490.0,6051.0,4902.0,3464.0,5814.0,30134.0,175190.0,2021 Yala.csv,Yala,2021
JAFFNA,0.0,0.0,0.0,0.0,0.0,0.0,0.0,0.0,0.0,0.0,0.0,0.0,0.0,0.0,2021 Yala.csv,Yala,2021
MANNAR,2210.0,530.0,0.0,2740.0,2210.0,522.0,0.0,2732.0,5182.0,3864.0,0.0,4931.0,2608.0,12860.0,2021 Yala.csv,Yala,2021
VAVUNIYA,2136.0,2876.0,0.0,5012.0,2136.0,2866.0,0.0,5002.0,5381.0,5829.0,0.0,5638.0,4719.0,26606.0,2021 Yala.csv,Yala,2021
MULATIVU,5875.0,1508.0,0.0,7383.0,5875.0,1508.0,0.0,7383.0,5322.0,5152.0,0.0,5287.0,6966.0,36832.0,2021 Yala.csv,Yala,2021
KILLINOCHCHI,9961.0,110.0,0.0,10071.0,9961.0,110.0,0.0,10071.0,4634.0,3308.0,0.0,4620.0,8937.0,41288.0,2021 Yala.csv,Yala,2021
BATTICALOA,22103.0,4401.0,1998.0,28502.0,22103.0,4401.0,1998.0,28502.0,4591.0,4709.0,5388.0,4665.0,25156.0,117353.0,2021 Yala.csv,Yala,2021
AMPARA,59755.0,2468.0,637.0,62860.0,59682.0,2468.0,626.0,62776.0,5247.0,4785.0,5277.0,5229.0,59995.0,313708.0,2021 Yala.csv,Yala,2021
TRINCOMALEE,20223.0,4501.0,515.0,25239.0,20223.0,4501.0,515.0,25239.0,5257.0,5306.0,5311.0,5267.0,23447.0,123491.0,2021 Yala.csv,Yala,2021
KURUNEGALA,15650.0,31749.0,21174.0,68573.0,15601.0,31442.0,20945.0,67988.0,4667.0,3897.0,3736.0,4024.0,67988.0,273572.0,2021 Yala.csv,Yala,2021
PUTTALAM,8194.0,9200.0,1208.0,18602.0,7808.0,8568.0,1115.0,17491.0,4474.0,3554.0,3326.0,3950.0,14868.0,58728.0,2021 Yala.csv,Yala,2021
ANURADHAPURA,40880.0,20703.0,521.0,62104.0,40870.0,20626.0,521.0,62017.0,4789.0,4546.0,2765.0,4691.0,49868.0,233948.0,2021 Yala.csv,Yala,2021
POLONNARUWA,56994.0,5632.0,0.0,62626.0,56994.0,5405.0,0.0,62399.0,5483.0,4995.0,0.0,5441.0,55199.0,300317.0,2021 Yala.csv,Yala,2021
BADULLA,7855.0,4186.0,57.0,12098.0,7855.0,4186.0,57.0,12098.0,4996.0,5260.0,5135.0,5088.0,10284.0,52327.0,2021 Yala.csv,Yala,2021
MONARAGALA,7972.0,7090.0,790.0,15852.0,7959.0,7018.0,782.0,15759.0,6096.0,4060.0,2965.0,5034.0,15444.0,77752.0,2021 Yala.csv,Yala,2021
RATNAPURA,4023.0,4916.0,1834.0,10773.0,4017.0,4907.0,1819.0,10743.0,4873.0,3808.0,3296.0,4119.0,9131.0,37617.0,2021 Yala.csv,Yala,2021
KEGALLE,0.0,1466.0,4011.0,5477.0,0.0,1463.0,3997.0,5460.0,0.0,3197.0,2915.0,2991.0,5115.0,15297.0,2021 Yala.csv,Yala,2021
COLOMBO,324.0,710.0,2796.0,3830.0,324.0,710.0,2777.0,3811.0,3321.0,2236.0,2500.0,2521.0,3239.0,8166.0,2021_2022 Maha.csv,Maha,2021_2022
GAMPAHA,1659.0,3076.0,6776.0,11511.0,1556.0,3036.0,6610.0,11202.0,2056.0,2671.0,3105.0,2842.0,9522.0,27059.0,2021_2022 Maha.csv,Maha,2021_2022
KALUTARA,145.0,1573.0,10221.0,11939.0,129.0,1544.0,9893.0,11566.0,3716.0,2341.0,2583.0,2563.0,10669.0,27349.0,2021_2022 Maha.csv,Maha,2021_2022
KANDY,4268.0,5181.0,2762.0,12211.0,4268.0,5176.0,2757.0,12201.0,3092.0,3190.0,3540.0,3235.0,9649.0,31211.0,2021_2022 Maha.csv,Maha,2021_2022
MATALE,7628.0,7839.0,4525.0,19992.0,7593.0,7815.0,4512.0,19920.0,3089.0,3601.0,3304.0,3339.0,17914.0,59812.0,2021_2022 Maha.csv,Maha,2021_2022
NUWARAELIYA,900.0,4133.0,11.0,5044.0,900.0,4126.0,8.0,5034.0,4652.0,3763.0,3870.0,3922.0,2836.0,11126.0,2021_2022 Maha.csv,Maha,2021_2022
GALLE,144.0,1756.0,9335.0,11235.0,144.0,1706.0,9071.0,10921.0,2653.0,2825.0,2453.0,2514.0,8546.0,21486.0,2021_2022 Maha.csv,Maha,2021_2022
MATARA,4259.0,3193.0,6233.0,13685.0,4105.0,2963.0,6110.0,13178.0,3149.0,2625.0,2573.0,2764.0,10404.0,28761.0,2021_2022 Maha.csv,Maha,2021_2022
HAMBANTOTA,29498.0,5463.0,1143.0,36104.0,29438.0,5438.0,1131.0,36007.0,4144.0,3180.0,3202.0,3969.0,31459.0,124870.0,2021_2022 Maha.csv,Maha,2021_2022
JAFFNA,0.0,0.0,11127.0,11127.0,0.0,0.0,7775.0,7775.0,0.0,0.0,2176.0,2176.0,6899.0,15013.0,2021_2022 Maha.csv,Maha,2021_2022
MANNAR,16114.0,4257.0,95.0,20466.0,15995.0,4094.0,82.0,20171.0,2702.0,2534.0,1304.0,2662.0,19259.0,51276.0,2021_2022 Maha.csv,Maha,2021_2022
VAVUNIYA,4432.0,12374.0,2053.0,18859.0,4432.0,12374.0,2053.0,18859.0,2524.0,2377.0,2020.0,2373.0,17793.0,42222.0,2021_2022 Maha.csv,Maha,2021_2022
MULATIVU,8095.0,4462.0,7433.0,19990.0,8013.0,4411.0,7404.0,19828.0,2267.0,2619.0,2158.0,2305.0,18707.0,43110.0,2021_2022 Maha.csv,Maha,2021_2022
KILLINOCHCHI,12171.0,577.0,14655.0,27403.0,12171.0,577.0,14655.0,27403.0,2847.0,2791.0,2172.0,2485.0,24317.0,60417.0,2021_2022 Maha.csv,Maha,2021_2022
BATTICALOA,24312.0,3830.0,38378.0,66520.0,24312.0,3830.0,38378.0,66520.0,1918.0,1717.0,1456.0,1639.0,58711.0,96253.0,2021_2022 Maha.csv,Maha,2021_2022
AMPARA,61692.0,4643.0,16107.0,82442.0,61535.0,4612.0,15083.0,81230.0,3046.0,2680.0,2141.0,2857.0,77631.0,221529.0,2021_2022 Maha.csv,Maha,2021_2022
TRINCOMALEE,21078.0,7495.0,11077.0,39650.0,21071.0,7490.0,11068.0,39629.0,3199.0,2482.0,1762.0,2662.0,36815.0,98005.0,2021_2022 Maha.csv,Maha,2021_2022
KURUNEGALA,17608.0,37541.0,26305.0,81454.0,17562.0,37171.0,25876.0,80609.0,3405.0,3060.0,3353.0,3229.0,80609.0,260302.0,2021_2022 Maha.csv,Maha,2021_2022
PUTTALAM,8316.0,10591.0,2023.0,20930.0,7836.0,9793.0,1849.0,19478.0,2490.0,2281.0,2803.0,2415.0,16557.0,39985.0,2021_2022 Maha.csv,Maha,2021_2022
ANURADHAPURA,52690.0,50615.0,13664.0,116969.0,52616.0,50328.0,13621.0,116565.0,3132.0,2698.0,2525.0,2873.0,93730.0,260448.0,2021_2022 Maha.csv,Maha,2021_2022
POLONNARUWA,57364.0,6768.0,2404.0,66536.0,57364.0,6768.0,2404.0,66536.0,3175.0,2701.0,2506.0,3103.0,58858.0,182628.0,2021_2022 Maha.csv,Maha,2021_2022
BADULLA,10490.0,8761.0,4944.0,24195.0,10490.0,8751.0,4944.0,24185.0,2830.0,3456.0,2686.0,3027.0,20557.0,62221.0,2021_2022 Maha.csv,Maha,2021_2022
MONARAGALA,8708.0,10660.0,14993.0,34361.0,8693.0,10552.0,14943.0,34188.0,3957.0,3129.0,2321.0,2987.0,33504.0,100062.0,2021_2022 Maha.csv,Maha,2021_2022
RATNAPURA,4168.0,5886.0,3038.0,13092.0,4164.0,5857.0,3020.0,13041.0,4524.0,2897.0,2676.0,3365.0,11085.0,37299.0,2021_2022 Maha.csv,Maha,2021_2022
KEGALLE,0.0,1784.0,4517.0,6301.0,0.0,1779.0,4512.0,6291.0,0.0,3395.0,3540.0,3499.0,5894.0,20620.0,2021_2022 Maha.csv,Maha,2021_2022
COLOMBO,287.0,382.0,2211.0,2880.0,287.0,382.0,2211.0,2880.0,3114.0,2187.0,2093.0,2207.0,2448.0,5412.0,2022 Yala.csv,Yala,2022
GAMPAHA,1744.0,2891.0,5215.0,9850.0,1744.0,2887.0,5205.0,9836.0,2604.0,2681.0,2352.0,2493.0,8360.0,20844.0,2022 Yala.csv,Yala,2022
KALUTARA,136.0,1505.0,9124.0,10765.0,136.0,1502.0,9023.0,10661.0,3618.0,2593.0,2267.0,2330.0,9834.0,22915.0,2022 Yala.csv,Yala,2022
KANDY,4135.0,3437.0,2518.0,10090.0,4135.0,3437.0,2517.0,10089.0,3469.0,3188.0,2881.0,3227.0,7978.0,25743.0,2022 Yala.csv,Yala,2022
MATALE,6525.0,5064.0,1127.0,12716.0,6520.0,5045.0,1118.0,12683.0,2723.0,2904.0,2419.0,2768.0,11406.0,31577.0,2022 Yala.csv,Yala,2022
NUWARAELIYA,638.0,2233.0,2.0,2873.0,638.0,2231.0,2.0,2871.0,4310.0,3530.0,4022.0,3704.0,1618.0,5993.0,2022 Yala.csv,Yala,2022
GALLE,203.0,1685.0,8727.0,10615.0,202.0,1654.0,8566.0,10422.0,2077.0,2039.0,2227.0,2194.0,8155.0,17896.0,2022 Yala.csv,Yala,2022
MATARA,4021.0,3165.0,6135.0,13321.0,3811.0,3143.0,6118.0,13072.0,2984.0,2502.0,2690.0,2730.0,10320.0,28178.0,2022 Yala.csv,Yala,2022
HAMBANTOTA,28270.0,3927.0,834.0,33031.0,28250.0,3920.0,833.0,33003.0,4833.0,3523.0,2252.0,4612.0,28834.0,132995.0,2022 Yala.csv,Yala,2022
JAFFNA,0.0,0.0,0.0,0.0,0.0,0.0,0.0,0.0,0.0,0.0,0.0,0.0,0.0,0.0,2022 Yala.csv,Yala,2022
MANNAR,1845.0,430.0,0.0,2275.0,1844.0,430.0,0.0,2274.0,3575.0,2781.0,0.0,3425.0,2171.0,7435.0,2022 Yala.csv,Yala,2022
VAVUNIYA,2416.0,3069.0,0.0,5485.0,2409.0,3047.0,0.0,5456.0,4563.0,4215.0,0.0,4368.0,5147.0,22485.0,2022 Yala.csv,Yala,2022
MULATIVU,5008.0,1883.0,0.0,6891.0,5008.0,1883.0,0.0,6891.0,3358.0,4092.0,0.0,3558.0,6501.0,23132.0,2022 Yala.csv,Yala,2022
KILLINOCHCHI,10258.0,75.0,0.0,10333.0,10258.0,70.0,0.0,10328.0,2951.0,2038.0,0.0,2945.0,9164.0,26985.0,2022 Yala.csv,Yala,2022
BATTICALOA,22260.0,4438.0,1998.0,28696.0,22260.0,4438.0,1998.0,28696.0,2970.0,2974.0,2672.0,2950.0,25327.0,74720.0,2022 Yala.csv,Yala,2022
AMPARA,60016.0,2299.0,371.0,62686.0,60002.0,2273.0,369.0,62644.0,3746.0,2887.0,2602.0,3708.0,59869.0,221999.0,2022 Yala.csv,Yala,2022
TRINCOMALEE,19599.0,4443.0,449.0,24491.0,19599.0,4443.0,449.0,24491.0,4143.0,3441.0,4723.0,4026.0,22752.0,91605.0,2022 Yala.csv,Yala,2022
KURUNEGALA,14206.0,22765.0,19859.0,56830.0,14193.0,22660.0,19728.0,56581.0,2827.0,2835.0,2669.0,2775.0,56580.0,157003.0,2022 Yala.csv,Yala,2022
PUTTALAM,5939.0,6543.0,926.0,13408.0,5930.0,6462.0,916.0,13308.0,3232.0,2351.0,2515.0,2755.0,11312.0,31158.0,2022 Yala.csv,Yala,2022
ANURADHAPURA,37267.0,22127.0,524.0,59918.0,37249.0,22071.0,512.0,59832.0,3375.0,3073.0,1628.0,3248.0,48111.0,156283.0,2022 Yala.csv,Yala,2022
POLONNARUWA,53098.0,5538.0,0.0,58636.0,53095.0,5536.0,0.0,58631.0,4306.0,4123.0,0.0,4288.0,51865.0,222414.0,2022 Yala.csv,Yala,2022
BADULLA,7676.0,4888.0,30.0,12594.0,7676.0,4887.0,30.0,12593.0,3190.0,3598.0,3661.0,3349.0,10704.0,35851.0,2022 Yala.csv,Yala,2022
MONARAGALA,7809.0,6775.0,987.0,15571.0,7797.0,6691.0,949.0,15437.0,4060.0,3022.0,868.0,3414.0,15129.0,51654.0,2022 Yala.csv,Yala,2022
RATNAPURA,4163.0,5307.0,2140.0,11610.0,4142.0,5270.0,2110.0,11522.0,4341.0,2960.0,2411.0,3356.0,9793.0,32865.0,2022 Yala.csv,Yala,2022
KEGALLE,0.0,1719.0,4385.0,6104.0,0.0,1713.0,4375.0,6088.0,0.0,2562.0,2542.0,2548.0,5704.0,14533.0,2022 Yala.csv,Yala,2022
COLOMBO,388.0,638.0,3189.0,4215.0,388.0,637.0,3186.0,4211.0,2947.0,2699.0,2875.0,2855.0,3580.0,10222.0,2022-2023 Maha.csv,Maha,2022-2023
GAMPAHA,1859.0,2144.0,8345.0,12348.0,1847.0,2127.0,8275.0,12249.0,3705.0,3516.0,3380.0,3453.0,10411.0,35911.0,2022-2023 Maha.csv,Maha,2022-2023
KALUTARA,140.0,1428.0,11580.0,13148.0,139.0,1417.0,11515.0,13071.0,2554.0,2600.0,2753.0,2735.0,12058.0,32973.0,2022-2023 Maha.csv,Maha,2022-2023
KANDY,4360.0,5673.0,3145.0,13178.0,4360.0,5669.0,3143.0,13172.0,3987.0,3629.0,3052.0,3610.0,10417.0,37603.0,2022-2023 Maha.csv,Maha,2022-2023
MATALE,7657.0,8197.0,4420.0,20274.0,7657.0,8190.0,4416.0,20263.0,4134.0,4391.0,4042.0,4218.0,18223.0,76864.0,2022-2023 Maha.csv,Maha,2022-2023
NUWARAELIYA,877.0,4066.0,17.0,4960.0,877.0,4059.0,17.0,4953.0,3767.0,3935.0,3858.0,3905.0,2791.0,10898.0,2022-2023 Maha.csv,Maha,2022-2023
GALLE,0.0,223.0,12096.0,12319.0,0.0,215.0,11795.0,12010.0,0.0,2547.0,2532.0,2532.0,9400.0,23803.0,2022-2023 Maha.csv,Maha,2022-2023
MATARA,3825.0,4239.0,6503.0,14567.0,3779.0,4199.0,6485.0,14463.0,3765.0,3688.0,3014.0,3406.0,11418.0,38884.0,2022-2023 Maha.csv,Maha,2022-2023
HAMBANTOTA,30406.0,5649.0,1292.0,37347.0,30390.0,5607.0,1292.0,37289.0,5754.0,4364.0,3524.0,5468.0,32579.0,178137.0,2022-2023 Maha.csv,Maha,2022-2023
JAFFNA,0.0,0.0,11408.0,11408.0,0.0,0.0,11261.0,11261.0,0.0,0.0,2889.0,2889.0,9993.0,28869.0,2022-2023 Maha.csv,Maha,2022-2023
MANNAR,15196.0,6477.0,444.0,22117.0,15193.0,6476.0,444.0,22113.0,3802.0,2972.0,746.0,3497.0,21113.0,73839.0,2022-2023 Maha.csv,Maha,2022-2023
VAVUNIYA,4792.0,14342.0,4369.0,23503.0,4779.0,14059.0,4171.0,23009.0,3405.0,2745.0,2626.0,2861.0,21710.0,62101.0,2022-2023 Maha.csv,Maha,2022-2023
MULATIVU,8772.0,5335.0,11545.0,25652.0,8772.0,5335.0,11545.0,25652.0,3537.0,3226.0,2824.0,3152.0,24203.0,76274.0,2022-2023 Maha.csv,Maha,2022-2023
KILLINOCHCHI,11880.0,425.0,15578.0,27883.0,11880.0,425.0,15207.0,27512.0,3387.0,3261.0,3157.0,3258.0,24414.0,79545.0,2022-2023 Maha.csv,Maha,2022-2023
BATTICALOA,30212.0,4014.0,37207.0,71433.0,30212.0,4014.0,37207.0,71433.0,3800.0,3220.0,2494.0,3088.0,63047.0,194671.0,2022-2023 Maha.csv,Maha,2022-2023
AMPARA,60740.0,3796.0,16017.0,80553.0,60720.0,3457.0,15709.0,79886.0,4487.0,3878.0,3018.0,4172.0,76347.0,318517.0,2022-2023 Maha.csv,Maha,2022-2023
TRINCOMALEE,24819.0,10084.0,13700.0,48603.0,24809.0,10065.0,13700.0,48574.0,3684.0,2686.0,2483.0,3138.0,45126.0,141623.0,2022-2023 Maha.csv,Maha,2022-2023
KURUNEGALA,17552.0,34443.0,26258.0,78253.0,17523.0,34276.0,26058.0,77857.0,4391.0,3568.0,3588.0,3760.0,77857.0,292723.0,2022-2023 Maha.csv,Maha,2022-2023
PUTTALAM,6683.0,10406.0,2280.0,19369.0,6595.0,10245.0,2193.0,19033.0,4145.0,3305.0,3077.0,3570.0,16178.0,57756.0,2022-2023 Maha.csv,Maha,2022-2023
ANURADHAPURA,55236.0,47959.0,15623.0,118818.0,55089.0,47181.0,15087.0,117357.0,4730.0,3240.0,2539.0,3849.0,94367.0,363239.0,2022-2023 Maha.csv,Maha,2022-2023
POLONNARUWA,58842.0,7768.0,2877.0,69487.0,58842.0,7737.0,2870.0,69449.0,4383.0,4935.0,3696.0,4416.0,61434.0,271313.0,2022-2023 Maha.csv,Maha,2022-2023
BADULLA,10718.0,10022.0,5026.0,25766.0,10718.0,10007.0,5026.0,25751.0,3677.0,4051.0,2855.0,3662.0,21889.0,80152.0,2022-2023 Maha.csv,Maha,2022-2023
MONARAGALA,9454.0,11767.0,14407.0,35628.0,9446.0,11741.0,14386.0,35573.0,4913.0,4429.0,3058.0,4003.0,34861.0,139548.0,2022-2023 Maha.csv,Maha,2022-2023
RATNAPURA,4683.0,6687.0,3271.0,14641.0,4683.0,6662.0,3253.0,14598.0,5292.0,3262.0,2578.0,3761.0,12409.0,46666.0,2022-2023 Maha.csv,Maha,2022-2023
KEGALLE,0.0,742.0,6389.0,7131.0,0.0,741.0,6386.0,7127.0,0.0,3674.0,3571.0,3581.0,6676.0,23909.0,2022-2023 Maha.csv,Maha,2022-2023
COLOMBO,210.0,278.0,1730.0,2218.0,208.0,278.0,1729.0,2215.0,2133.0,2542.0,2372.0,2371.0,1883.0,4464.0,2023 Yala.csv,Yala,2023
GAMPAHA,1570.0,1481.0,5609.0,8660.0,1454.0,1474.0,5539.0,8467.0,2370.0,3242.0,2424.0,2557.0,7197.0,18401.0,2023 Yala.csv,Yala,2023
KALUTARA,112.0,1090.0,7930.0,9132.0,112.0,1090.0,7913.0,9115.0,3122.0,2946.0,2415.0,2487.0,8408.0,20913.0,2023 Yala.csv,Yala,2023
KANDY,4196.0,3296.0,2408.0,9900.0,4196.0,3266.0,2399.0,9861.0,4811.0,2846.0,3172.0,3762.0,7798.0,29335.0,2023 Yala.csv,Yala,2023
MATALE,6820.0,4124.0,813.0,11757.0,6771.0,4039.0,756.0,11566.0,4293.0,3716.0,2527.0,3976.0,10402.0,41359.0,2023 Yala.csv,Yala,2023
NUWARAELIYA,520.0,1916.0,3.0,2439.0,520.0,1913.0,3.0,2436.0,4177.0,4104.0,3694.0,4119.0,1372.0,5653.0,2023 Yala.csv,Yala,2023
GALLE,0.0,127.0,5556.0,5683.0,0.0,80.0,4944.0,5024.0,0.0,2328.0,2167.0,2169.0,3931.0,8527.0,2023 Yala.csv,Yala,2023
MATARA,3469.0,3941.0,5562.0,12972.0,2201.0,2697.0,4811.0,9709.0,3573.0,2930.0,2775.0,2999.0,7666.0,22989.0,2023 Yala.csv,Yala,2023
HAMBANTOTA,29254.0,4558.0,1135.0,34947.0,27781.0,4128.0,1011.0,32920.0,5289.0,4253.0,2938.0,5087.0,28762.0,146310.0,2023 Yala.csv,Yala,2023
JAFFNA,0.0,0.0,0.0,0.0,0.0,0.0,0.0,0.0,0.0,0.0,0.0,0.0,0.0,0.0,2023 Yala.csv,Yala,2023
MANNAR,1983.0,391.0,0.0,2374.0,1982.0,387.0,0.0,2369.0,5045.0,3704.0,0.0,4826.0,2262.0,10918.0,2023 Yala.csv,Yala,2023
VAVUNIYA,2063.0,3640.0,0.0,5703.0,2036.0,3494.0,0.0,5530.0,4068.0,4074.0,0.0,4071.0,5218.0,21243.0,2023 Yala.csv,Yala,2023
MULATIVU,4203.0,1549.0,0.0,5752.0,4203.0,1549.0,0.0,5752.0,4428.0,4389.0,0.0,4418.0,5427.0,23973.0,2023 Yala.csv,Yala,2023
KILLINOCHCHI,6807.0,75.0,0.0,6882.0,6807.0,75.0,0.0,6882.0,3999.0,3010.0,0.0,3988.0,6107.0,24355.0,2023 Yala.csv,Yala,2023
BATTICALOA,29078.0,4418.0,70.0,33566.0,29078.0,4418.0,70.0,33566.0,3580.0,3401.0,3549.0,3557.0,29625.0,105366.0,2023 Yala.csv,Yala,2023
AMPARA,60510.0,2308.0,366.0,63184.0,60506.0,2304.0,366.0,63176.0,4358.0,3986.0,3251.0,4338.0,60377.0,261938.0,2023 Yala.csv,Yala,2023
TRINCOMALEE,23787.0,4726.0,136.0,28649.0,23787.0,4726.0,136.0,28649.0,4979.0,3757.0,3577.0,4771.0,26615.0,126977.0,2023 Yala.csv,Yala,2023
KURUNEGALA,15199.0,28892.0,21197.0,65288.0,14993.0,26925.0,17933.0,59851.0,4237.0,3301.0,3004.0,3447.0,59851.0,206292.0,2023 Yala.csv,Yala,2023
PUTTALAM,8189.0,8341.0,1142.0,17672.0,8180.0,8049.0,1041.0,17270.0,4180.0,3443.0,3730.0,3810.0,14680.0,55932.0,2023 Yala.csv,Yala,2023
ANURADHAPURA,43099.0,22007.0,418.0,65524.0,42888.0,21549.0,415.0,64852.0,4563.0,3790.0,3969.0,4302.0,52148.0,224321.0,2023 Yala.csv,Yala,2023
POLONNARUWA,58149.0,7852.0,32.0,66033.0,58147.0,7811.0,32.0,65990.0,4986.0,4421.0,3686.0,4918.0,58375.0,287105.0,2023 Yala.csv,Yala,2023
BADULLA,8251.0,4785.0,163.0,13199.0,8251.0,4762.0,163.0,13176.0,4592.0,4491.0,4451.0,4554.0,11200.0,51003.0,2023 Yala.csv,Yala,2023
MONARAGALA,8277.0,6787.0,1497.0,16561.0,8274.0,6737.0,1479.0,16490.0,4455.0,3823.0,2555.0,4026.0,16160.0,65066.0,2023 Yala.csv,Yala,2023
RATNAPURA,4430.0,4584.0,1473.0,10487.0,4397.0,4564.0,1463.0,10424.0,5661.0,3164.0,3002.0,4195.0,8861.0,37169.0,2023 Yala.csv,Yala,2023
KEGALLE,0.0,690.0,5804.0,6494.0,0.0,690.0,5692.0,6382.0,0.0,3142.0,2954.0,2974.0,5979.0,17782.0,2023 Yala.csv,Yala,2023
